1,1,1017.22,939.91,93.44000000000005,82.44000000000005,1,3,1.0
1,2,1152.79,949.07,80.61000000000013,75.11000000000001,1,3,1.0
1,3,1266.38,950.9,47.62999999999988,51.30000000000007,1,3,1.0
1,4,1888.22,1015.41,673.78,423.19999999999993,1,3,1.0
1,5,879.82,923.42,71.44999999999993,58.629999999999995,1,3,1.0
1,6,1081.34,894.11,18.320000000000164,34.809999999999945,1,9,1.0
1,7,1390.96,906.93,16.49000000000001,34.81000000000006,1,9,1.0
2,1,1012.23,943.68,100.94000000000005,71.7700000000001,1,3,1.0
2,2,1151.49,948.84,83.26999999999998,71.44999999999993,1,3,1.0
2,3,1264.19,953.37,50.940000000000055,45.48000000000002,1,3,1.0
2,4,1849.0,1013.19,713.0,423.21000000000004,1,3,1.0
2,5,877.06,923.42,71.7600000000001,58.629999999999995,1,3,1.0
2,6,1080.8,893.93,18.319999999999936,34.81000000000006,1,9,1.0
2,7,1390.96,906.93,18.00999999999999,34.81000000000006,1,9,1.0
3,1,1011.49,944.32,101.5,71.37,1,3,1.0
3,2,1151.22,948.23,84.04999999999995,71.63999999999999,1,3,1.0
3,3,1264.3,953.74,51.00999999999999,45.41999999999996,1,3,1.0
3,4,1818.75,1013.19,743.25,423.21000000000004,1,3,1.0
3,5,874.31,923.42,72.07000000000005,58.629999999999995,1,3,1.0
3,6,1080.27,893.75,18.319999999999936,34.809999999999945,1,9,1.0
3,7,1390.96,906.93,19.539999999999964,34.81000000000006,1,9,1.0
4,1,1010.65,943.68,102.15999999999997,71.70000000000005,1,3,1.0
4,2,1151.02,947.84,84.79999999999995,71.92999999999995,1,3,1.0
4,3,1264.87,954.15,50.80000000000018,45.67000000000007,1,3,1.0
4,4,1788.5,1013.19,773.5,423.21000000000004,1,3,1.0
4,5,871.56,923.42,72.37,58.629999999999995,1,3,1.0
4,6,1079.73,893.57,18.319999999999936,34.809999999999945,1,9,1.0
4,7,1390.96,906.93,21.059999999999945,34.81000000000006,1,9,1.0
5,1,1011.09,944.53,102.12,70.93000000000006,1,3,1.0
5,2,1151.1,948.75,84.6400000000001,72.29999999999995,1,3,1.0
5,3,1265.73,953.84,50.680000000000064,45.719999999999914,1,3,1.0
5,4,1774.47,1013.19,787.53,423.21000000000004,1,3,1.0
5,5,868.81,923.42,72.68000000000006,58.629999999999995,1,3,1.0
5,6,1079.19,893.39,18.319999999999936,34.81000000000006,1,9,1.0
5,7,1390.96,906.93,22.589999999999918,34.81000000000006,1,9,1.0
6,1,1010.23,944.9,102.50999999999999,71.38,1,3,1.0
6,2,1150.84,948.59,85.12000000000012,72.88,1,3,1.0
6,3,1265.5,953.55,51.1099999999999,45.960000000000036,1,3,1.0
6,4,1760.43,1013.19,801.5699999999999,423.21000000000004,1,3,1.0
6,5,866.05,923.42,72.99000000000001,58.629999999999995,1,3,1.0
6,6,1078.65,893.22,18.319999999999936,34.799999999999955,1,9,1.0
6,7,1390.96,906.93,24.1099999999999,34.81000000000006,1,9,1.0
7,1,1011.38,944.56,101.66999999999996,70.98000000000002,1,3,1.0
7,2,1151.01,947.62,84.8599999999999,73.5,1,3,1.0
7,3,1265.61,953.7,51.200000000000045,45.879999999999995,1,3,1.0
7,4,1746.4,1013.19,815.5999999999999,423.21000000000004,1,3,1.0
7,5,863.3,923.42,73.30000000000007,58.629999999999995,1,3,1.0
7,6,1078.11,893.04,18.320000000000164,34.81000000000006,1,9,1.0
7,7,1390.96,906.93,25.639999999999873,34.81000000000006,1,9,1.0
8,1,1011.55,944.86,101.86000000000013,70.63,1,3,1.0
8,2,1151.23,948.72,84.8599999999999,73.70999999999992,1,3,1.0
8,3,1265.86,953.86,51.210000000000036,45.819999999999936,1,3,1.0
8,4,1731.93,1008.43,830.0699999999999,427.97000000000014,1,3,1.0
8,5,860.19,923.6,73.29999999999995,58.629999999999995,1,3,1.0
8,6,1077.57,892.86,18.320000000000164,34.809999999999945,1,9,1.0
8,7,1396.5,906.93,20.09999999999991,34.81000000000006,1,9,1.0
9,1,1013.63,945.11,100.31000000000006,70.00999999999999,1,3,1.0
9,2,1150.88,948.17,85.33999999999992,74.18000000000006,1,3,1.0
9,3,1266.24,953.98,51.25,45.809999999999945,1,3,1.0
9,4,1717.45,1003.66,844.55,432.7400000000001,1,3,1.0
9,5,857.07,923.79,73.29999999999995,58.620000000000005,1,3,1.0
9,6,1077.03,892.68,18.319999999999936,34.81000000000006,1,9,1.0
9,7,1397.7,907.11,20.09999999999991,34.809999999999945,1,9,1.0
10,1,1012.64,945.0,100.75000000000011,70.14999999999998,1,3,1.0
10,2,1150.24,948.3,85.44000000000005,74.66000000000008,1,3,1.0
10,3,1266.0,954.36,51.440000000000055,45.819999999999936,1,3,1.0
10,4,1702.98,998.9,859.02,437.5000000000001,1,3,1.0
10,5,853.96,923.97,73.29999999999995,58.629999999999995,1,3,1.0
10,6,1076.49,892.5,18.329999999999927,34.809999999999945,1,9,1.0
10,7,1398.89,907.29,20.09999999999991,34.81000000000006,1,9,1.0
11,1,1013.07,944.85,100.03999999999985,69.34000000000003,1,3,1.0
11,2,1150.49,947.63,85.61999999999989,75.20000000000005,1,3,1.0
11,3,1266.05,954.77,51.41000000000008,46.00999999999999,1,3,1.0
11,4,1688.51,994.14,873.49,442.2600000000001,1,3,1.0
11,5,850.84,924.15,73.29999999999995,58.629999999999995,1,3,1.0
11,6,1075.96,892.32,18.319999999999936,34.809999999999945,1,9,1.0
11,7,1400.09,907.46,20.100000000000136,34.809999999999945,1,9,1.0
12,1,1015.16,944.42,98.74000000000012,69.58000000000004,1,3,1.0
12,2,1150.02,947.58,86.03999999999996,75.52999999999997,1,3,1.0
12,3,1266.21,954.18,51.5,46.22000000000003,1,3,1.0
12,4,1674.03,989.37,887.97,447.0300000000001,1,3,1.0
12,5,847.73,924.34,73.29999999999995,58.620000000000005,1,3,1.0
12,6,1075.42,892.15,18.319999999999936,34.81000000000006,1,9,1.0
12,7,1401.28,907.64,20.100000000000136,34.81000000000006,1,9,1.0
13,1,1015.54,944.42,98.36000000000013,69.58000000000004,1,3,1.0
13,2,1149.63,947.24,86.42999999999984,75.87,1,3,1.0
13,3,1266.54,953.88,50.49000000000001,45.75999999999999,1,3,1.0
13,4,1659.56,984.61,902.44,451.7900000000001,1,3,1.0
13,5,844.61,924.52,73.29999999999995,58.629999999999995,1,3,1.0
13,6,1074.88,891.97,18.319999999999936,34.809999999999945,1,9,1.0
13,7,1401.95,907.51,20.09999999999991,34.81000000000006,1,9,1.0
14,1,1015.93,944.42,97.97000000000014,69.58000000000004,1,3,1.0
14,2,1149.25,946.9,86.80999999999995,76.21000000000004,1,3,1.0
14,3,1265.96,953.97,50.789999999999964,45.610000000000014,1,3,1.0
14,4,1645.09,979.85,916.9100000000001,456.55000000000007,1,3,1.0
14,5,841.5,924.7,73.29999999999995,58.629999999999995,1,3,1.0
14,6,1074.34,891.79,18.320000000000164,34.81000000000006,1,9,1.0
14,7,1402.61,907.38,20.100000000000136,34.799999999999955,1,9,1.0
15,1,1016.32,944.42,97.58000000000004,69.58000000000004,1,3,1.0
15,2,1148.86,946.56,87.20000000000005,76.55000000000007,1,3,1.0
15,3,1266.86,954.03,50.50999999999999,45.57000000000005,1,3,1.0
15,4,1630.61,975.08,931.3900000000001,461.32000000000005,1,3,1.0
15,5,838.39,924.89,73.28999999999996,58.620000000000005,1,3,1.0
15,6,1073.8,891.61,18.319999999999936,34.809999999999945,1,9,1.0
15,7,1403.28,907.24,20.100000000000136,34.809999999999945,1,9,1.0
16,1,1016.71,944.42,97.19000000000005,69.58000000000004,1,3,1.0
16,2,1148.47,946.22,87.58999999999992,76.88999999999999,1,3,1.0
16,3,1266.66,954.17,50.70999999999981,45.57000000000005,1,3,1.0
16,4,1616.14,970.32,945.8599999999999,466.08000000000004,1,3,1.0
16,5,835.27,925.07,73.30000000000007,58.620000000000005,1,3,1.0
16,6,1073.26,891.43,18.319999999999936,34.81000000000006,1,9,1.0
16,7,1403.94,907.11,20.09999999999991,34.809999999999945,1,9,1.0
17,8,899.79,934.23,86.29000000000008,62.47000000000003,1,3,1.0
17,1,1017.1,944.42,96.80000000000007,69.58000000000004,1,3,1.0
17,2,1148.08,945.88,87.98000000000002,77.23000000000002,1,3,1.0
17,3,1266.6,954.05,50.65000000000009,45.99000000000001,1,3,1.0
17,4,1601.67,965.55,960.3299999999999,470.85000000000014,1,3,1.0
17,5,832.16,925.25,73.30000000000007,58.629999999999995,1,3,1.0
17,6,1072.72,891.25,18.319999999999936,34.809999999999945,1,9,1.0
17,7,1405.33,907.01,18.50999999999999,34.81000000000006,1,9,1.0
18,8,894.47,933.5,86.28999999999996,62.47000000000003,1,3,1.0
18,1,1017.49,944.42,96.41000000000008,69.58000000000004,1,3,1.0
18,2,1147.7,945.54,88.3599999999999,77.57000000000005,1,3,1.0
18,3,1267.12,953.72,50.40000000000009,45.93999999999994,1,3,1.0
18,4,1593.24,965.37,926.6200000000001,461.87,1,3,1.0
18,5,827.03,925.07,73.30000000000007,58.620000000000005,1,3,1.0
18,6,1072.19,891.08,18.319999999999936,34.809999999999945,1,9,1.0
18,7,1406.72,906.91,16.930000000000064,34.81000000000006,1,9,1.0
19,8,889.16,932.76,86.29000000000008,62.48000000000002,1,3,1.0
19,1,1017.87,944.42,96.03000000000009,69.58000000000004,1,3,1.0
19,2,1147.31,945.2,88.75,77.89999999999998,1,3,1.0
19,3,1266.89,953.72,50.76999999999998,46.039999999999964,1,3,1.0
19,4,1584.81,965.19,892.9099999999999,452.89999999999986,1,3,1.0
19,5,821.9,924.89,73.30000000000007,58.620000000000005,1,3,1.0
19,6,1071.65,890.9,18.319999999999936,34.81000000000006,1,9,1.0
19,7,1408.11,906.81,15.340000000000146,34.80000000000007,1,9,1.0
20,8,883.85,932.03,86.28999999999996,62.47000000000003,1,3,1.0
20,1,1018.26,944.42,95.6400000000001,69.58000000000004,1,3,1.0
20,2,1146.92,944.86,89.13999999999987,78.24000000000001,1,3,1.0
20,3,1266.3,954.16,50.950000000000045,46.00999999999999,1,3,1.0
20,4,1576.38,965.01,859.1999999999998,443.9200000000001,1,3,1.0
20,5,816.77,924.7,73.30000000000007,58.629999999999995,1,3,1.0
20,6,1071.11,890.72,18.320000000000164,34.809999999999945,1,9,1.0
20,7,1409.5,906.7,13.759999999999991,34.809999999999945,1,9,1.0
21,8,878.53,931.3,86.29000000000008,62.47000000000003,1,3,1.0
21,1,1018.65,944.42,95.25000000000011,69.58000000000004,1,3,1.0
21,2,1146.53,944.52,89.52999999999997,78.58000000000004,1,3,1.0
21,3,1266.73,953.5,50.72000000000003,46.200000000000045,1,3,1.0
21,4,1567.96,964.83,825.48,434.93999999999994,1,3,1.0
21,5,811.64,924.52,73.30000000000007,58.629999999999995,1,3,1.0
21,6,1070.57,890.54,18.320000000000164,34.81000000000006,1,9,1.0
21,7,1410.89,906.6,12.169999999999845,34.809999999999945,1,9,1.0
22,8,873.22,930.56,86.28999999999996,62.48000000000002,1,3,1.0
22,1,1019.04,944.42,94.86000000000013,69.58000000000004,1,3,1.0
22,2,1146.15,944.18,89.90999999999985,78.92000000000007,1,3,1.0
22,3,1265.88,953.7,51.179999999999836,46.289999999999964,1,3,1.0
22,4,1559.53,964.65,791.76,425.9699999999999,1,3,1.0
22,5,806.51,924.34,73.29999999999995,58.620000000000005,1,3,1.0
22,6,1070.03,890.36,18.319999999999936,34.809999999999945,1,9,1.0
22,7,1412.28,906.5,10.579999999999927,34.809999999999945,1,9,1.0
23,8,867.91,929.83,86.29000000000008,62.469999999999914,1,3,1.0
23,1,1019.43,944.42,94.47000000000014,69.58000000000004,1,3,1.0
23,2,1145.76,943.84,90.29999999999995,79.25999999999999,1,3,1.0
23,3,1266.86,953.45,50.830000000000155,46.289999999999964,1,3,1.0
23,4,1551.1,964.46,758.0500000000002,417.0,1,3,1.0
23,5,801.38,924.15,73.29999999999995,58.629999999999995,1,3,1.0
23,6,1069.49,890.19,18.319999999999936,34.799999999999955,1,9,1.0
23,7,1413.67,906.4,9.0,34.81000000000006,1,9,1.0
24,8,862.59,929.1,86.28999999999996,62.47000000000003,1,3,1.0
24,1,1019.82,944.42,94.08000000000004,69.58000000000004,1,3,1.0
24,2,1145.37,943.5,90.69000000000005,79.60000000000002,1,3,1.0
24,3,1266.55,953.18,50.97000000000003,46.210000000000036,1,3,1.0
24,4,1542.67,964.28,724.3400000000001,408.03,1,3,1.0
24,5,796.25,923.97,73.29999999999995,58.629999999999995,1,3,1.0
24,6,1068.74,889.85,18.319999999999936,34.809999999999945,1,9,1.0
24,7,1414.46,906.09,9.0,34.799999999999955,1,9,1.0
25,8,857.28,928.37,86.29000000000008,62.47000000000003,1,3,1.0
25,1,1020.2,944.42,93.70000000000005,69.58000000000004,1,3,1.0
25,2,1144.99,943.16,91.06999999999994,79.94000000000005,1,3,1.0
25,3,1266.22,953.65,51.22000000000003,46.23000000000002,1,3,1.0
25,4,1534.24,964.1,690.6299999999999,399.05000000000007,1,3,1.0
25,5,791.12,923.79,73.29999999999995,58.620000000000005,1,3,1.0
25,6,1067.98,889.52,18.319999999999936,34.81000000000006,1,9,1.0
25,7,1415.24,905.77,9.0,34.81000000000006,1,9,1.0
26,8,851.97,927.63,86.28999999999996,62.48000000000002,1,3,1.0
26,1,1020.59,944.42,93.31000000000006,69.58000000000004,1,3,1.0
26,2,1144.6,942.82,91.46000000000004,80.27999999999997,1,3,1.0
26,3,1265.9,953.17,51.13999999999987,46.210000000000036,1,3,1.0
26,4,1525.82,963.92,656.9100000000001,390.07000000000005,1,3,1.0
26,5,785.99,923.6,73.29999999999995,58.629999999999995,1,3,1.0
26,6,1067.23,889.19,18.319999999999936,34.809999999999945,1,9,1.0
26,7,1416.03,905.46,9.0,34.799999999999955,1,9,1.0
27,8,846.65,926.9,86.29000000000008,62.47000000000003,1,3,1.0
27,1,1020.98,944.42,92.92000000000007,69.58000000000004,1,3,1.0
27,2,1144.21,942.48,91.84999999999991,80.62,1,3,1.0
27,3,1266.51,953.63,51.23000000000002,45.92999999999995,1,3,1.0
27,4,1517.39,963.74,623.2,381.0999999999999,1,3,1.0
27,5,780.86,923.42,73.29999999999995,58.629999999999995,1,3,1.0
27,6,1066.47,888.86,18.319999999999936,34.809999999999945,1,9,1.0
27,7,1416.82,905.14,9.0,34.81000000000006,1,9,1.0
28,8,835.31,928.33,94.55000000000007,59.110000000000014,1,3,1.0
28,1,1021.37,944.42,92.53000000000009,69.58000000000004,1,3,1.0
28,2,1143.82,942.14,92.24000000000001,80.96000000000004,1,3,1.0
28,3,1266.16,952.87,51.13999999999987,46.120000000000005,1,3,1.0
28,4,1512.96,965.57,601.4899999999998,368.7199999999999,1,3,1.0
28,5,776.32,927.52,76.29999999999995,49.60000000000002,1,3,1.0
28,6,1065.72,888.53,18.319999999999936,34.81000000000006,1,9,1.0
28,7,1417.6,904.83,9.009999999999991,34.809999999999945,1,9,1.0
29,8,826.56,927.85,100.07000000000005,60.75,1,3,1.0
29,1,1021.76,944.42,92.1400000000001,69.58000000000004,1,3,1.0
29,2,1143.44,941.8,92.61999999999989,81.30000000000007,1,3,1.0
29,3,1265.47,953.21,51.569999999999936,45.98000000000002,1,3,1.0
29,4,1508.52,967.41,579.79,356.33000000000004,1,3,1.0
29,5,771.18,927.44,77.34000000000003,49.809999999999945,1,3,1.0
29,6,1064.96,888.2,18.319999999999936,34.809999999999945,1,9,1.0
29,7,1418.39,904.51,9.0,34.81000000000006,1,9,1.0
30,8,817.96,927.83,103.75,60.819999999999936,1,3,1.0
30,1,1022.15,944.42,91.75000000000011,69.58000000000004,1,3,1.0
30,2,1143.05,941.46,93.00999999999999,81.63999999999999,1,3,1.0
30,3,1265.51,952.95,51.47000000000003,46.08999999999992,1,3,1.0
30,4,1504.09,969.25,558.0699999999999,343.94000000000005,1,3,1.0
30,5,767.25,927.33,75.94000000000005,49.870000000000005,1,3,1.0
30,6,1064.21,887.87,18.319999999999936,34.809999999999945,1,9,1.0
30,7,1419.18,904.2,9.0,34.809999999999945,1,9,1.0
31,8,808.77,928.35,105.57000000000005,61.93999999999994,1,3,1.0
31,1,1022.53,944.42,91.37000000000012,69.58000000000004,1,3,1.0
31,2,1142.66,941.12,93.39999999999986,81.98000000000002,1,3,1.0
31,3,1265.29,953.9,51.73000000000002,45.51999999999998,1,3,1.0
31,4,1499.66,971.09,536.3599999999999,331.55000000000007,1,3,1.0
31,5,761.94,926.79,76.82999999999993,50.370000000000005,1,3,1.0
31,6,1063.45,887.54,18.319999999999936,34.81000000000006,1,9,1.0
31,7,1419.97,903.88,9.0,34.81000000000006,1,9,1.0
32,8,799.77,929.37,109.31000000000006,62.25,1,3,1.0
32,9,511.32,898.42,40.660000000000025,46.110000000000014,1,3,1.0
32,10,477.08,896.39,26.75,70.61000000000001,1,7,1.0
32,1,1022.92,944.42,90.98000000000013,69.58000000000004,1,3,1.0
32,2,1142.27,940.78,93.78999999999996,82.32000000000005,1,3,1.0
32,3,1265.57,952.78,51.75999999999999,46.139999999999986,1,3,1.0
32,4,1495.23,972.92,514.6500000000001,319.17999999999995,1,3,1.0
32,5,757.84,926.54,76.80999999999995,51.030000000000086,1,3,1.0
32,6,1062.7,887.21,18.319999999999936,34.809999999999945,1,9,1.0
32,7,1420.75,903.57,9.0,34.809999999999945,1,9,1.0
33,8,794.09,928.72,106.68999999999994,63.48000000000002,1,3,1.0
33,9,503.31,895.21,48.670000000000016,49.319999999999936,1,3,1.0
33,10,471.74,896.39,32.089999999999975,70.61000000000001,1,7,1.0
33,11,347.83,888.15,33.170000000000016,82.38,1,7,1.0
33,1,1023.31,944.42,90.59000000000015,69.58000000000004,1,3,1.0
33,2,1141.89,940.44,94.16999999999985,82.65999999999997,1,3,1.0
33,3,1265.08,953.7,52.090000000000146,45.639999999999986,1,3,1.0
33,4,1490.8,974.76,492.94000000000005,306.78999999999996,1,3,1.0
33,5,751.04,925.14,83.71000000000004,52.120000000000005,1,3,1.0
33,6,1061.94,886.88,18.319999999999936,34.81000000000006,1,9,1.0
33,7,1421.41,903.21,9.0,34.809999999999945,1,9,1.0
34,8,764.84,926.99,128.70999999999992,65.43999999999994,1,3,1.0
34,9,495.3,892.0,56.68000000000001,52.52999999999997,1,3,1.0
34,10,466.4,896.39,37.43000000000001,70.61000000000001,1,7,1.0
34,11,343.55,888.15,33.170000000000016,82.38,1,7,1.0
34,12,889.01,927.31,75.96000000000004,57.88000000000011,1,3,1.0
34,1,1023.7,944.42,90.20000000000005,69.58000000000004,1,3,1.0
34,2,1141.5,940.1,94.55999999999995,83.0,1,3,1.0
34,3,1264.89,952.93,51.75,46.25,1,3,1.0
34,4,1486.37,976.6,471.23,294.4,1,3,1.0
34,5,745.44,924.47,81.91999999999996,52.42999999999995,1,3,1.0
34,6,1061.19,886.55,18.319999999999936,34.81000000000006,1,9,1.0
34,7,1422.07,902.86,9.0,34.809999999999945,1,9,1.0
35,8,740.41,926.68,144.93000000000006,66.85000000000002,1,3,1.0
35,9,482.21,898.27,71.26000000000005,39.49000000000001,1,3,1.0
35,10,458.78,898.83,41.440000000000055,63.92999999999995,1,7,1.0
35,11,331.17,890.99,40.69999999999999,73.52999999999997,1,7,1.0
35,12,899.44,912.92,50.8599999999999,88.75999999999999,1,3,1.0
35,1,1023.81,944.63,89.36000000000013,66.03999999999996,1,3,1.0
35,2,1141.57,940.16,93.12000000000012,81.86000000000001,1,3,1.0
35,3,1265.1,952.31,52.25999999999999,46.440000000000055,1,3,1.0
35,4,1482.91,979.63,450.8299999999999,274.13,1,3,1.0
35,5,739.85,923.54,86.66999999999996,54.59000000000003,1,3,1.0
35,6,1060.43,886.22,18.319999999999936,34.809999999999945,1,9,1.0
35,7,1422.73,902.5,9.0,34.809999999999945,1,9,1.0
36,8,744.46,927.4,128.62,67.29000000000008,1,3,1.0
36,9,478.81,897.93,71.73999999999995,39.870000000000005,1,3,1.0
36,10,455.79,898.04,41.52999999999997,63.879999999999995,1,7,1.0
36,11,323.71,891.05,40.31,73.24000000000001,1,7,1.0
36,12,896.01,913.9,52.83000000000004,87.40999999999997,1,3,1.0
36,1,1024.07,944.54,89.40000000000009,65.70000000000005,1,3,1.0
36,2,1140.6,939.71,93.19000000000005,82.03999999999996,1,3,1.0
36,3,1264.67,952.95,52.27999999999997,46.08999999999992,1,3,1.0
36,4,1478.17,978.07,435.6199999999999,269.28999999999985,1,3,1.0
36,5,732.36,924.28,79.99000000000001,53.950000000000045,1,3,1.0
36,6,1059.68,885.89,18.319999999999936,34.81000000000006,1,9,1.0
36,7,1423.39,902.15,9.0,34.81000000000006,1,9,1.0
37,8,740.76,926.04,120.33000000000004,69.95000000000005,1,3,1.0
37,9,474.0,897.2,65.79999999999995,40.41999999999996,1,3,1.0
37,10,449.32,897.78,41.94999999999999,64.24000000000001,1,7,1.0
37,11,315.18,889.71,37.94999999999999,73.41999999999996,1,7,1.0
37,12,882.9,929.0,63.860000000000014,44.700000000000045,1,3,1.0
37,1,1024.1,944.77,89.34000000000015,65.56000000000006,1,3,1.0
37,2,1140.68,939.81,93.11999999999989,82.10000000000002,1,3,1.0
37,3,1264.71,952.82,52.09999999999991,46.319999999999936,1,3,1.0
37,4,1474.21,979.97,420.5799999999999,258.3399999999999,1,3,1.0
37,5,724.36,923.9,86.02999999999997,54.01999999999998,1,3,1.0
37,6,1058.92,885.56,18.319999999999936,34.81000000000006,1,9,1.0
37,7,1424.04,901.79,9.009999999999991,34.81000000000006,1,9,1.0
38,8,727.12,926.83,127.01999999999998,71.29999999999995,1,3,1.0
38,9,469.03,896.57,66.62,40.989999999999895,1,3,1.0
38,10,440.93,897.39,42.889999999999986,64.24000000000001,1,7,1.0
38,11,306.66,890.25,37.95999999999998,73.41999999999996,1,7,1.0
38,12,879.75,928.75,65.0,45.389999999999986,1,3,1.0
38,1,1024.5,944.77,88.94000000000005,65.56000000000006,1,3,1.0
38,2,1140.28,939.81,93.51999999999998,82.43000000000006,1,3,1.0
38,3,1264.51,952.81,52.16000000000008,46.29000000000008,1,3,1.0
38,4,1469.68,978.96,412.78,254.31999999999994,1,3,1.0
38,5,717.06,923.71,88.86000000000001,55.27999999999997,1,3,1.0
38,6,1058.17,885.23,18.319999999999936,34.799999999999955,1,9,1.0
38,7,1424.7,901.44,9.0,34.809999999999945,1,9,1.0
39,8,713.48,927.62,133.71000000000004,72.64999999999998,1,3,1.0
39,9,464.06,895.94,67.43,41.559999999999945,1,3,1.0
39,10,432.53,897.0,43.83000000000004,64.24000000000001,1,7,1.0
39,11,298.15,890.78,37.950000000000045,73.42000000000007,1,7,1.0
39,12,876.61,928.5,66.12,46.08000000000004,1,3,1.0
39,1,1024.89,944.77,88.54999999999995,65.56000000000006,1,3,1.0
39,2,1139.89,939.81,93.90999999999985,82.7700000000001,1,3,1.0
39,3,1264.33,952.57,52.100000000000136,46.5,1,3,1.0
39,4,1465.15,977.95,404.9699999999998,250.28999999999996,1,3,1.0
39,5,709.76,923.52,91.69000000000005,56.539999999999964,1,3,1.0
39,6,1057.41,884.89,18.319999999999936,34.81000000000006,1,9,1.0
39,7,1425.36,901.09,9.0,34.809999999999945,1,9,1.0
40,8,699.84,928.41,140.40999999999997,74.0,1,3,1.0
40,9,459.09,895.32,68.25000000000006,42.120000000000005,1,3,1.0
40,10,424.13,896.61,44.78000000000003,64.23000000000002,1,7,1.0
40,11,290.82,889.13,37.94999999999999,73.41999999999996,1,7,1.0
40,12,873.46,928.24,67.25,46.77999999999997,1,3,1.0
40,1,1025.29,944.77,88.15000000000009,65.56000000000006,1,3,1.0
40,2,1139.5,939.81,94.29999999999995,83.11000000000001,1,3,1.0
40,3,1264.37,952.92,52.3900000000001,46.530000000000086,1,3,1.0
40,4,1460.62,976.94,397.1700000000001,246.26,1,3,1.0
40,5,702.46,923.34,94.51999999999998,57.789999999999964,1,3,1.0
40,6,1056.66,884.56,18.319999999999936,34.81000000000006,1,9,1.0
40,7,1426.18,900.99,9.0,34.809999999999945,1,9,1.0
41,8,686.2,929.2,147.0999999999999,75.34999999999991,1,3,1.0
41,9,454.12,894.69,69.07000000000005,42.68999999999994,1,3,1.0
41,10,415.73,896.22,45.72999999999996,64.23000000000002,1,7,1.0
41,11,283.49,887.48,37.94999999999999,73.41999999999996,1,7,1.0
41,12,870.31,927.99,68.3900000000001,47.47000000000003,1,3,1.0
41,1,1025.68,944.77,87.75999999999999,65.56000000000006,1,3,1.0
41,2,1139.1,939.81,94.70000000000005,83.44000000000005,1,3,1.0
41,3,1264.56,952.53,52.25999999999999,46.56000000000006,1,3,1.0
41,4,1456.09,975.93,389.3600000000001,242.24000000000012,1,3,1.0
41,5,695.16,923.15,97.35000000000002,59.05000000000007,1,3,1.0
41,6,1055.9,884.23,18.319999999999936,34.809999999999945,1,9,1.0
41,7,1427.0,900.89,9.0,34.81000000000006,1,9,1.0
42,8,658.54,928.46,158.05000000000007,78.54999999999995,1,3,1.0
42,9,449.14,894.06,69.89999999999998,43.260000000000105,1,3,1.0
42,10,407.33,895.83,46.68000000000001,64.2299999999999,1,7,1.0
42,11,283.77,887.59,27.230000000000018,73.40999999999997,1,7,1.0
42,12,867.17,927.74,69.50999999999999,48.16999999999996,1,3,1.0
42,1,1026.07,944.77,87.37000000000012,65.56000000000006,1,3,1.0
42,2,1138.71,939.81,95.08999999999992,83.78000000000009,1,3,1.0
42,3,1264.79,953.4,52.24000000000001,46.180000000000064,1,3,1.0
42,4,1451.56,974.92,381.55999999999995,238.21000000000015,1,3,1.0
42,5,687.86,922.96,100.17999999999995,60.309999999999945,1,3,1.0
42,6,1055.15,883.9,18.319999999999936,34.81000000000006,1,9,1.0
42,7,1427.82,900.8,9.009999999999991,34.81000000000006,1,9,1.0
43,8,630.89,927.72,168.99,81.75999999999999,1,3,1.0
43,9,444.17,893.43,70.70999999999998,43.83000000000004,1,3,1.0
43,10,398.93,895.44,47.629999999999995,64.2299999999999,1,7,1.0
43,11,268.84,887.69,27.77000000000004,73.41999999999996,1,7,1.0
43,12,864.02,927.49,70.64999999999998,48.860000000000014,1,3,1.0
43,1,1026.47,944.77,86.97000000000003,65.56000000000006,1,3,1.0
43,2,1138.32,939.81,95.48000000000002,84.12,1,3,1.0
43,3,1264.46,953.67,52.25999999999999,46.22000000000003,1,3,1.0
43,4,1447.03,973.91,373.75,234.18999999999994,1,3,1.0
43,5,680.56,922.77,103.0100000000001,61.56000000000006,1,3,1.0
43,6,1054.39,883.57,18.319999999999936,34.809999999999945,1,9,1.0
43,7,1428.65,900.7,9.0,34.809999999999945,1,9,1.0
44,8,603.24,926.98,179.93999999999994,84.96000000000004,1,3,1.0
44,9,439.2,892.8,71.53000000000003,44.40000000000009,1,3,1.0
44,10,390.53,895.04,48.57000000000005,64.24000000000001,1,7,1.0
44,11,259.76,886.21,28.30000000000001,73.41999999999996,1,7,1.0
44,12,860.87,927.24,71.77999999999997,49.549999999999955,1,3,1.0
44,1,1026.86,944.77,86.58000000000015,65.56000000000006,1,3,1.0
44,2,1137.92,939.81,95.87999999999988,84.45000000000005,1,3,1.0
44,3,1264.18,953.05,52.11999999999989,46.370000000000005,1,3,1.0
44,4,1442.5,972.9,365.95000000000005,230.15999999999997,1,3,1.0
44,5,673.26,922.58,105.84000000000003,62.819999999999936,1,3,1.0
44,6,1053.64,883.24,18.319999999999936,34.809999999999945,1,9,1.0
44,7,1429.47,900.6,9.0,34.809999999999945,1,9,1.0
45,8,575.58,926.25,190.89,88.15999999999997,1,3,1.0
45,9,434.23,892.17,72.34999999999997,44.97000000000003,1,3,1.0
45,10,382.13,894.65,49.51999999999998,64.24000000000001,1,7,1.0
45,11,251.9,886.41,28.830000000000013,73.41000000000008,1,7,1.0
45,12,857.73,926.99,72.90999999999997,50.24000000000001,1,3,1.0
45,1,1027.26,944.77,86.18000000000006,65.56000000000006,1,3,1.0
45,2,1137.53,939.81,96.26999999999998,84.78999999999996,1,3,1.0
45,3,1264.84,953.56,52.06000000000017,46.25,1,3,1.0
45,4,1437.97,971.89,358.1399999999999,226.13,1,3,1.0
45,5,665.96,922.39,108.66999999999996,64.08000000000004,1,3,1.0
45,6,1052.88,882.91,18.319999999999936,34.81000000000006,1,9,1.0
45,7,1430.29,900.51,9.0,34.81000000000006,1,9,1.0
46,8,547.93,925.51,201.83000000000004,91.36000000000001,1,3,1.0
46,9,429.26,891.54,73.16000000000003,45.54000000000008,1,3,1.0
46,10,373.74,894.26,50.45999999999998,64.24000000000001,1,7,1.0
46,11,242.64,886.6,29.370000000000005,73.41999999999996,1,7,1.0
46,12,854.58,926.73,74.03999999999996,50.93999999999994,1,3,1.0
46,1,1027.65,944.77,85.78999999999996,65.56000000000006,1,3,1.0
46,2,1137.14,939.81,96.65999999999985,85.13000000000011,1,3,1.0
46,3,1264.47,953.16,52.00999999999999,46.370000000000005,1,3,1.0
46,4,1433.44,970.88,350.3399999999999,222.11,1,3,1.0
46,5,658.65,922.2,111.50999999999999,65.33999999999992,1,3,1.0
46,6,1052.13,882.58,18.319999999999936,34.809999999999945,1,9,1.0
46,7,1431.11,900.41,9.0,34.81000000000006,1,9,1.0
47,8,520.27,924.77,212.77999999999997,94.57000000000005,1,3,1.0
47,9,424.28,890.91,73.99000000000001,46.110000000000014,1,3,1.0
47,10,377.56,893.36,42.99000000000001,64.24000000000001,1,7,1.0
47,11,231.29,886.8,29.909999999999997,73.42000000000007,1,7,1.0
47,12,851.43,926.48,75.18000000000006,51.629999999999995,1,3,1.0
47,1,1028.05,944.77,85.3900000000001,65.56000000000006,1,3,1.0
47,2,1136.74,939.81,97.05999999999995,85.46000000000004,1,3,1.0
47,3,1264.87,953.87,52.27000000000021,46.16999999999996,1,3,1.0
47,4,1428.91,969.87,342.53,218.08000000000004,1,3,1.0
47,5,651.35,922.01,114.34000000000003,66.60000000000002,1,3,1.0
47,6,1051.37,882.25,18.320000000000164,34.809999999999945,1,9,1.0
47,7,1431.93,900.31,9.0,34.81000000000006,1,9,1.0
48,8,492.62,924.03,223.73000000000002,97.77999999999997,1,3,1.0
48,9,419.31,890.28,74.81,46.680000000000064,1,3,1.0
48,10,381.38,892.47,35.50999999999999,64.23000000000002,1,7,1.0
48,11,221.85,886.99,30.439999999999998,73.41999999999996,1,7,1.0
48,12,848.28,926.23,76.31000000000006,52.319999999999936,1,3,1.0
48,1,1028.44,944.77,85.0,65.56000000000006,1,3,1.0
48,2,1136.35,939.81,97.45000000000005,85.79999999999995,1,3,1.0
48,3,1264.58,953.55,52.05000000000018,46.379999999999995,1,3,1.0
48,4,1424.38,968.86,334.7299999999998,214.06000000000006,1,3,1.0
48,5,644.05,921.83,117.17000000000007,67.84999999999991,1,3,1.0
48,6,1050.62,881.92,18.320000000000164,34.81000000000006,1,9,1.0
48,7,1432.75,900.22,9.0,34.809999999999945,1,9,1.0
49,8,464.97,923.29,234.66999999999996,100.98000000000002,1,3,1.0
49,9,414.34,889.65,75.62,47.25,1,3,1.0
49,10,385.2,891.57,28.04000000000002,64.2399999999999,1,7,1.0
49,11,214.31,887.19,30.97999999999999,73.40999999999997,1,7,1.0
49,12,845.14,925.98,77.44000000000005,53.00999999999999,1,3,1.0
49,1,1028.84,944.77,84.60000000000014,65.56000000000006,1,3,1.0
49,2,1135.95,939.81,97.84999999999991,86.13000000000011,1,3,1.0
49,3,1264.07,953.31,52.200000000000045,46.41000000000008,1,3,1.0
49,4,1419.85,967.85,326.9200000000001,210.0300000000001,1,3,1.0
49,5,636.75,921.64,120.0,69.11000000000001,1,3,1.0
49,6,1049.86,881.59,18.320000000000164,34.809999999999945,1,9,1.0
49,7,1433.57,900.12,9.0,34.809999999999945,1,9,1.0
50,8,437.31,922.55,245.61999999999995,104.19000000000005,1,3,1.0
50,9,409.37,889.02,76.44,47.82000000000005,1,3,1.0
50,10,372.35,890.67,30.819999999999993,64.24000000000001,1,7,1.0
50,11,201.06,882.6,33.44,80.10000000000002,1,7,1.0
50,12,841.99,925.73,78.56999999999994,53.710000000000036,1,3,1.0
50,1,1029.23,944.77,84.21000000000004,65.56000000000006,1,3,1.0
50,2,1135.56,939.81,98.24000000000001,86.47000000000003,1,3,1.0
50,3,1263.79,953.92,52.49000000000001,46.17000000000007,1,3,1.0
50,4,1415.32,966.84,319.1200000000001,205.9999999999999,1,3,1.0
50,5,629.45,921.45,122.82999999999993,70.37,1,3,1.0
50,6,1049.11,881.26,18.320000000000164,34.81000000000006,1,9,1.0
50,7,1434.39,900.02,9.009999999999991,34.81000000000006,1,9,1.0
51,8,409.66,921.82,256.56,107.38,1,3,1.0
51,9,404.4,888.39,77.26000000000005,48.389999999999986,1,3,1.0
51,10,359.49,889.78,33.610000000000014,64.23000000000002,1,7,1.0
51,11,190.16,880.91,33.81,79.55000000000007,1,7,1.0
51,12,838.84,925.48,79.70999999999992,54.39999999999998,1,3,1.0
51,1,1029.63,944.77,83.80999999999995,65.56000000000006,1,3,1.0
51,2,1135.17,939.81,98.62999999999988,86.80999999999995,1,3,1.0
51,3,1263.65,953.64,52.36999999999989,46.25999999999999,1,3,1.0
51,4,1410.79,965.83,311.30999999999995,201.9799999999999,1,3,1.0
51,5,622.15,921.26,125.65999999999997,71.63,1,3,1.0
51,6,1048.35,880.93,18.320000000000164,34.81000000000006,1,9,1.0
51,7,1435.44,899.99,9.0,34.809999999999945,1,9,1.0
52,8,382.01,921.08,267.51,110.59000000000003,1,3,1.0
52,9,399.42,887.76,78.08999999999997,48.960000000000036,1,3,1.0
52,10,357.34,888.88,36.38000000000005,64.23000000000002,1,7,1.0
52,11,180.92,881.71,34.190000000000026,78.99000000000001,1,7,1.0
52,12,835.7,925.22,80.82999999999993,55.10000000000002,1,3,1.0
52,1,1030.02,944.77,83.42000000000007,65.56000000000006,1,3,1.0
52,2,1134.77,939.81,99.02999999999997,87.1400000000001,1,3,1.0
52,3,1263.81,954.47,53.0,46.0,1,3,1.0
52,4,1406.26,964.82,303.51,197.94999999999993,1,3,1.0
52,5,614.85,921.07,128.49,72.88999999999999,1,3,1.0
52,6,1047.6,880.6,18.320000000000164,34.809999999999945,1,9,1.0
52,7,1436.48,899.96,9.0,34.809999999999945,1,9,1.0
53,8,354.35,920.34,278.4599999999999,113.79000000000008,1,3,1.0
53,9,394.45,887.13,78.90000000000003,49.52999999999997,1,3,1.0
53,10,355.18,887.98,39.170000000000016,64.24000000000001,1,7,1.0
53,11,168.94,881.37,34.56999999999999,78.42999999999995,1,7,1.0
53,12,832.55,924.97,81.97000000000003,55.789999999999964,1,3,1.0
53,1,1030.42,944.77,83.01999999999998,65.56000000000006,1,3,1.0
53,2,1134.38,939.81,99.41999999999985,87.48000000000002,1,3,1.0
53,3,1263.51,953.99,52.72000000000003,46.39999999999998,1,3,1.0
53,4,1401.73,963.81,295.70000000000005,193.93000000000006,1,3,1.0
53,5,607.55,920.88,131.32000000000005,74.14999999999998,1,3,1.0
53,6,1046.84,880.27,18.320000000000164,34.80000000000007,1,9,1.0
53,7,1437.52,899.92,9.0,34.81000000000006,1,9,1.0
54,8,326.7,919.6,289.40000000000003,116.99999999999989,1,3,1.0
54,9,389.48,886.5,79.71999999999997,50.10000000000002,1,3,1.0
54,10,353.03,887.09,41.940000000000055,64.23000000000002,1,7,1.0
54,11,156.07,878.9,34.94,82.40999999999997,1,7,1.0
54,12,829.4,924.72,83.10000000000002,56.48000000000002,1,3,1.0
54,1,1030.81,944.77,82.63000000000011,65.56000000000006,1,3,1.0
54,2,1133.99,939.81,99.80999999999995,87.82000000000016,1,3,1.0
54,3,1263.14,954.32,53.25,46.309999999999945,1,3,1.0
54,4,1397.2,962.8,287.89999999999986,189.9000000000001,1,3,1.0
54,5,600.25,920.69,134.14999999999998,75.40999999999997,1,3,1.0
54,6,1046.09,879.93,18.320000000000164,34.81000000000006,1,9,1.0
54,7,1438.56,899.89,9.0,34.81000000000006,1,9,1.0
55,8,291.9,924.59,296.20000000000005,118.95999999999992,1,3,1.0
55,9,383.77,886.5,85.43,51.52999999999997,1,3,1.0
55,10,353.03,886.02,41.940000000000055,64.23000000000002,1,7,1.0
55,11,146.48,880.25,35.32000000000002,81.28999999999996,1,7,1.0
55,12,825.12,924.54,83.10000000000002,56.48000000000002,1,3,1.0
55,13,678.23,913.4,86.65999999999997,61.09000000000003,1,3,1.0
55,1,1031.21,944.77,82.23000000000002,65.56000000000006,1,3,1.0
55,2,1133.59,939.81,100.21000000000004,88.15000000000009,1,3,1.0
55,3,1263.55,954.12,53.039999999999964,46.360000000000014,1,3,1.0
55,4,1393.72,966.76,280.25,172.22000000000003,1,3,1.0
55,5,583.67,919.26,141.81000000000006,77.01999999999998,1,3,1.0
55,6,1045.33,879.6,18.320000000000164,34.809999999999945,1,9,1.0
55,7,1439.6,899.86,9.0,34.809999999999945,1,9,1.0
56,8,284.97,929.59,275.13,120.90999999999997,1,3,1.0
56,9,378.05,886.5,91.14999999999998,52.97000000000003,1,3,1.0
56,10,346.34,886.07,41.950000000000045,64.2299999999999,1,7,1.0
56,11,136.9,881.6,35.69,80.16999999999996,1,7,1.0
56,12,820.84,924.36,83.10000000000002,56.48000000000002,1,3,1.0
56,13,670.69,913.17,88.4899999999999,61.55000000000007,1,3,1.0
56,1,1031.6,944.77,81.84000000000015,65.56000000000006,1,3,1.0
56,2,1133.2,939.81,100.59999999999991,88.49000000000001,1,3,1.0
56,3,1263.09,954.25,53.27999999999997,46.450000000000045,1,3,1.0
56,4,1407.4,965.55,260.8699999999999,171.21000000000004,1,3,1.0
56,5,567.08,917.83,149.49,78.63,1,3,1.0
56,6,1044.58,879.27,18.320000000000164,34.81000000000006,1,9,1.0
56,7,1440.64,899.82,9.0,34.809999999999945,1,9,1.0
57,8,177.19,915.94,352.96,141.15999999999985,1,3,1.0
57,9,372.34,886.5,96.86000000000001,54.39999999999998,1,3,1.0
57,10,339.66,886.12,41.94,64.23000000000002,1,7,1.0
57,11,126.7,882.96,36.07000000000001,79.03999999999996,1,7,1.0
57,12,816.56,924.19,83.10000000000002,56.469999999999914,1,3,1.0
57,13,663.15,912.94,90.32000000000005,62.00999999999999,1,3,1.0
57,1,1031.68,943.17,81.3599999999999,63.50999999999999,1,3,1.0
57,2,1133.74,939.78,98.90000000000009,87.38000000000011,1,3,1.0
57,3,1263.16,953.64,53.299999999999955,46.83000000000004,1,3,1.0
57,4,1405.76,965.6,252.28999999999996,163.92999999999995,1,3,1.0
57,5,550.5,916.4,157.14999999999998,80.24000000000001,1,3,1.0
57,6,1043.82,878.94,18.320000000000164,34.809999999999945,1,9,1.0
57,7,1441.68,899.79,9.0,34.81000000000006,1,9,1.0
58,8,69.4,902.3,430.79999999999995,161.4000000000001,1,3,1.0
58,9,366.63,886.5,102.57,55.83000000000004,1,3,1.0
58,10,332.97,886.17,41.94999999999999,64.24000000000001,1,7,1.0
58,11,115.87,880.88,36.44999999999999,77.91999999999996,1,7,1.0
58,12,812.28,924.01,83.10000000000002,56.48000000000002,1,3,1.0
58,13,655.62,912.71,92.14999999999998,62.469999999999914,1,3,1.0
58,1,1032.5,943.42,80.68000000000006,63.56000000000006,1,3,1.0
58,2,1134.32,940.17,98.45000000000005,87.56000000000006,1,3,1.0
58,3,1262.79,953.77,53.24000000000001,46.710000000000036,1,3,1.0
58,4,1404.04,965.13,246.29999999999995,162.2299999999999,1,3,1.0
58,5,533.91,914.96,164.82000000000005,81.84999999999991,1,3,1.0
58,6,1043.07,878.61,18.320000000000164,34.809999999999945,1,9,1.0
58,7,1442.72,899.76,9.0,34.81000000000006,1,9,1.0
59,8,0.0,911.48,456.52,164.51999999999998,1,3,1.0
59,9,360.91,886.5,108.28999999999996,57.26999999999998,1,3,1.0
59,10,326.29,886.22,41.94,64.24000000000001,1,7,1.0
59,11,106.18,878.52,36.81999999999999,65.93000000000006,1,7,1.0
59,12,808.0,923.83,83.10000000000002,56.479999999999905,1,3,1.0
59,13,648.08,912.49,93.9799999999999,62.92999999999995,1,3,1.0
59,1,1032.66,943.22,80.63999999999987,63.299999999999955,1,3,1.0
59,2,1134.4,940.08,98.52999999999997,87.51999999999987,1,3,1.0
59,3,1262.76,953.32,53.38000000000011,46.66999999999996,1,3,1.0
59,4,1400.89,964.74,241.64999999999986,159.24,1,3,1.0
59,5,517.33,913.53,172.49,83.46000000000004,1,3,1.0
59,6,1042.31,878.28,18.320000000000164,34.81000000000006,1,9,1.0
59,7,1443.76,899.72,9.0,34.809999999999945,1,9,1.0
60,8,0.0,908.1,412.84,170.9999999999999,1,3,1.0
60,9,355.2,886.5,114.0,58.700000000000045,1,3,1.0
60,10,319.6,886.27,41.94999999999999,64.24000000000001,1,7,1.0
60,11,96.48,876.16,37.2,53.940000000000055,1,7,1.0
60,12,803.72,923.65,83.10000000000002,56.48000000000002,1,3,1.0
60,13,640.54,912.26,95.81000000000006,63.389999999999986,1,3,1.0
60,1,1033.55,942.83,80.46000000000004,63.41999999999996,1,3,1.0
60,2,1133.88,939.59,99.07999999999993,87.21999999999991,1,3,1.0
60,3,1263.03,953.55,53.6400000000001,46.40000000000009,1,3,1.0
60,4,1397.88,965.62,237.5999999999999,156.2299999999999,1,3,1.0
60,5,500.75,912.1,180.14999999999998,85.06999999999994,1,3,1.0
60,6,1041.55,877.95,18.330000000000155,34.809999999999945,1,9,1.0
60,7,1444.8,899.69,9.0,34.809999999999945,1,9,1.0
61,8,0.0,905.5,392.51,179.0,1,3,1.0
61,9,355.2,886.5,94.5,58.700000000000045,1,3,1.0
61,10,312.92,886.32,41.94,64.2399999999999,1,7,1.0
61,11,78.8,872.66,37.57000000000001,44.24000000000001,1,7,1.0
61,12,800.98,924.11,84.01999999999998,56.48000000000002,1,3,1.0
61,13,633.01,912.03,97.63,63.85000000000002,1,3,1.0
61,1,1034.35,941.97,79.95000000000005,63.819999999999936,1,3,1.0
61,2,1134.5,939.82,98.67000000000007,87.21999999999991,1,3,1.0
61,3,1262.86,953.68,52.590000000000146,46.450000000000045,1,3,1.0
61,4,1395.66,965.14,231.25,153.40999999999997,1,3,1.0
61,5,488.98,913.17,180.14999999999998,85.07000000000005,1,3,1.0
61,6,1040.8,877.62,18.319999999999936,34.809999999999945,1,9,1.0
61,7,1445.84,899.66,9.0,34.81000000000006,1,9,1.0
62,8,0.51,902.0,323.8,179.5,1,3,1.0
62,9,348.35,886.5,96.5,58.700000000000045,1,3,1.0
62,10,310.14,886.32,41.94,64.2399999999999,1,7,1.0
62,11,74.59,870.68,37.959999999999994,34.520000000000095,1,7,1.0
62,12,798.24,924.56,84.92999999999995,56.48000000000002,1,3,1.0
62,13,625.47,911.8,99.45999999999992,64.31000000000006,1,3,1.0
62,1,1034.04,941.87,80.29999999999995,63.66999999999996,1,3,1.0
62,2,1134.61,939.56,98.61000000000013,87.13000000000011,1,3,1.0
62,3,1262.69,954.09,53.38999999999987,46.110000000000014,1,3,1.0
62,4,1393.51,964.22,228.21000000000004,151.70000000000005,1,3,1.0
62,5,477.21,914.24,180.15000000000003,85.06999999999994,1,3,1.0
62,6,1040.04,877.29,18.329999999999927,34.81000000000006,1,9,1.0
62,7,1446.88,899.62,9.0,34.809999999999945,1,9,1.0
63,8,1.05,906.71,270.75,166.58999999999992,1,3,1.0
63,9,341.5,886.5,98.5,58.700000000000045,1,3,1.0
63,10,307.36,886.32,41.94999999999999,64.2399999999999,1,7,1.0
63,11,61.9,868.3,37.96,34.520000000000095,1,7,1.0
63,12,795.5,925.02,85.85000000000002,56.48000000000002,1,3,1.0
63,13,617.93,911.57,101.29000000000008,64.76999999999998,1,3,1.0
63,1,1034.08,941.59,80.44000000000005,63.469999999999914,1,3,1.0
63,2,1134.67,939.2,98.6099999999999,87.08999999999992,1,3,1.0
63,3,1262.82,954.34,53.47000000000003,46.02999999999997,1,3,1.0
63,4,1390.57,964.41,224.20000000000005,148.14999999999998,1,3,1.0
63,5,465.44,915.31,180.15000000000003,85.07000000000005,1,3,1.0
63,6,1039.29,876.96,18.319999999999936,34.809999999999945,1,9,1.0
63,7,1447.92,899.59,9.0,34.809999999999945,1,9,1.0
64,8,1.05,906.71,188.54999999999998,166.58999999999992,1,3,1.0
64,9,334.64,886.5,100.50999999999999,58.700000000000045,1,3,1.0
64,10,300.89,887.47,41.94999999999999,64.23000000000002,1,7,1.0
64,11,42.17,868.3,37.95,34.520000000000095,1,7,1.0
64,12,792.76,925.48,86.75999999999999,56.48000000000002,1,3,1.0
64,13,610.4,911.34,103.11000000000001,65.23000000000002,1,3,1.0
64,1,1034.36,941.11,80.48000000000002,63.01999999999998,1,3,1.0
64,2,1135.19,939.55,98.02999999999997,87.34000000000015,1,3,1.0
64,3,1262.5,954.42,52.76999999999998,46.24000000000001,1,3,1.0
64,4,1389.25,964.13,219.8800000000001,147.13,1,3,1.0
64,5,436.55,918.52,201.55,85.07000000000005,1,3,1.0
64,6,1038.53,876.63,18.329999999999927,34.81000000000006,1,9,1.0
64,7,1448.96,899.56,9.0,34.81000000000006,1,9,1.0
65,8,1.05,906.71,112.05,183.69000000000005,1,3,1.0
65,9,327.79,886.5,102.50999999999999,58.700000000000045,1,3,1.0
65,10,294.42,888.61,41.94999999999999,64.23000000000002,1,7,1.0
65,11,30.75,870.59,37.95,68.80999999999995,1,7,1.0
65,12,790.02,925.93,87.68000000000006,56.48000000000002,1,3,1.0
65,13,602.86,911.12,104.93999999999994,65.67999999999995,1,3,1.0
65,1,1034.36,940.73,80.2800000000002,62.48000000000002,1,3,1.0
65,2,1135.54,939.5,97.48000000000002,87.3900000000001,1,3,1.0
65,3,1262.72,954.13,53.430000000000064,46.24000000000001,1,3,1.0
65,4,1386.42,964.0,216.03999999999996,144.5999999999999,1,3,1.0
65,5,418.28,918.52,201.55000000000007,85.07000000000005,1,3,1.0
65,6,1037.78,876.3,18.319999999999936,34.81000000000006,1,9,1.0
65,7,1450.0,899.53,9.009999999999991,34.80000000000007,1,9,1.0
66,14,1461.45,909.36,15.059999999999945,19.840000000000032,1,10,1.0
66,9,322.59,885.68,102.5,58.700000000000045,1,3,1.0
66,10,287.95,889.75,41.94999999999999,64.23000000000002,1,7,1.0
66,11,21.62,871.73,28.779999999999998,98.47000000000003,1,7,1.0
66,12,785.23,925.25,87.66999999999996,56.48000000000002,1,3,1.0
66,13,592.58,911.12,104.93999999999994,65.67999999999995,1,3,1.0
66,1,1035.94,941.12,79.14999999999986,63.08000000000004,1,3,1.0
66,2,1135.22,938.72,97.77999999999997,87.50999999999999,1,3,1.0
66,3,1262.67,953.58,53.07999999999993,46.57999999999993,1,3,1.0
66,4,1385.17,963.68,212.78999999999996,143.12,1,3,1.0
66,5,398.86,914.98,201.54999999999995,87.80999999999995,1,3,1.0
66,6,1037.02,875.97,18.329999999999927,34.809999999999945,1,9,1.0
66,7,1451.04,899.49,9.009999999999991,34.809999999999945,1,9,1.0
67,14,1462.84,909.13,15.060000000000173,19.840000000000032,1,10,1.0
67,15,1033.58,911.3,22.810000000000173,14.520000000000095,1,10,1.0
67,9,317.38,884.86,102.50999999999999,58.69999999999993,1,3,1.0
67,10,282.47,889.75,41.94,64.23000000000002,1,7,1.0
67,11,6.54,871.73,28.79,98.47000000000003,1,7,1.0
67,12,780.43,924.56,87.68000000000006,56.48000000000002,1,3,1.0
67,13,582.3,911.12,104.94000000000005,65.67999999999995,1,3,1.0
67,1,1035.31,940.17,79.92000000000007,62.610000000000014,1,3,1.0
67,2,1135.33,939.45,97.63000000000011,87.70000000000005,1,3,1.0
67,3,1262.54,954.38,53.24000000000001,46.25,1,3,1.0
67,4,1382.6,963.67,208.30000000000018,139.72000000000014,1,3,1.0
67,5,379.45,911.44,201.55,90.55999999999995,1,3,1.0
67,6,1036.27,875.64,18.319999999999936,34.80000000000007,1,9,1.0
67,7,1452.31,898.16,9.009999999999991,35.85000000000002,1,9,1.0
68,14,1464.23,908.89,15.049999999999955,19.840000000000032,1,10,1.0
68,15,1032.69,911.33,22.809999999999945,14.519999999999982,1,10,1.0
68,9,312.17,884.04,102.50999999999999,58.690000000000055,1,3,1.0
68,10,276.99,889.75,41.94,64.23000000000002,1,7,1.0
68,11,0.0,871.73,27.1,98.47000000000003,1,7,1.0
68,12,773.58,924.56,87.67999999999995,56.48000000000002,1,3,1.0
68,13,573.4,911.12,107.67000000000007,65.67999999999995,1,3,1.0
68,1,1036.46,941.18,79.64999999999986,62.09000000000003,1,3,1.0
68,2,1135.01,939.27,98.42000000000007,87.23000000000002,1,3,1.0
68,3,1262.88,953.33,53.45999999999981,46.57999999999993,1,3,1.0
68,4,1380.7,962.97,205.32999999999993,138.14999999999986,1,3,1.0
68,5,353.4,911.44,227.60000000000002,90.55999999999995,1,3,1.0
68,6,1035.39,875.56,18.319999999999936,34.81000000000006,1,9,1.0
68,7,1453.58,896.83,9.0,36.879999999999995,1,9,1.0
69,14,1465.61,908.66,15.060000000000173,19.840000000000032,1,10,1.0
69,15,1031.8,911.37,22.809999999999945,14.509999999999991,1,10,1.0
69,9,306.96,883.21,102.51000000000005,58.69999999999993,1,3,1.0
69,10,268.08,889.06,41.94,64.24000000000001,1,7,1.0
69,11,0.0,871.73,14.8,98.47000000000003,1,7,1.0
69,12,769.47,924.56,87.67999999999995,56.48000000000002,1,3,1.0
69,13,564.49,911.12,110.40999999999997,65.67999999999995,1,3,1.0
69,1,1036.15,940.29,79.84999999999991,62.110000000000014,1,3,1.0
69,2,1134.79,939.19,98.40000000000009,87.45000000000005,1,3,1.0
69,3,1262.72,953.48,52.99000000000001,46.66999999999996,1,3,1.0
69,4,1377.76,961.85,202.29999999999995,137.31000000000006,1,3,1.0
69,5,332.8,911.44,248.2,90.55999999999995,1,3,1.0
69,6,1034.51,875.48,18.319999999999936,34.809999999999945,1,9,1.0
69,7,1454.85,895.5,9.0,37.91999999999996,1,9,1.0
70,14,1467.0,908.42,15.059999999999945,19.840000000000032,1,10,1.0
70,15,1030.91,911.4,22.809999999999945,14.509999999999991,1,10,1.0
70,9,301.76,882.39,102.5,58.700000000000045,1,3,1.0
70,10,259.17,888.38,41.94999999999999,64.23000000000002,1,7,1.0
70,12,764.68,924.56,92.47000000000003,56.48000000000002,1,3,1.0
70,13,554.9,911.8,110.40999999999997,65.69000000000005,1,3,1.0
70,1,1036.32,940.41,79.46000000000004,61.710000000000036,1,3,1.0
70,2,1135.32,939.21,98.12000000000012,87.33999999999992,1,3,1.0
70,3,1262.5,954.53,53.26999999999998,46.23000000000002,1,3,1.0
70,4,1375.79,960.74,198.97000000000003,136.01,1,3,1.0
70,5,305.4,911.44,275.6,90.55999999999995,1,3,1.0
70,6,1033.63,875.4,18.319999999999936,34.81000000000006,1,9,1.0
70,7,1456.12,894.16,9.0,38.960000000000036,1,9,1.0
71,14,1468.39,908.18,15.059999999999945,19.840000000000032,1,10,1.0
71,15,1030.02,911.43,22.809999999999945,14.520000000000095,1,10,1.0
71,9,297.37,880.11,89.11000000000001,58.68999999999994,1,3,1.0
71,10,250.91,888.56,41.95000000000002,64.24000000000001,1,7,1.0
71,12,759.9,924.56,97.25,56.48000000000002,1,3,1.0
71,13,545.3,912.49,110.42000000000007,65.67999999999995,1,3,1.0
71,1,1037.14,940.8,79.62999999999988,61.460000000000036,1,3,1.0
71,2,1135.29,938.69,98.13000000000011,87.36999999999989,1,3,1.0
71,3,1262.94,953.91,53.07999999999993,46.31000000000006,1,3,1.0
71,4,1374.19,962.13,195.62999999999988,132.44999999999993,1,3,1.0
71,5,281.42,916.24,275.59999999999997,90.55999999999995,1,3,1.0
71,6,1032.75,875.32,18.319999999999936,34.809999999999945,1,9,1.0
71,7,1457.39,892.83,9.0,40.0,1,9,1.0
72,14,1469.78,907.95,15.049999999999955,19.839999999999918,1,10,1.0
72,15,1029.13,911.46,22.809999999999945,14.519999999999982,1,10,1.0
72,9,292.99,877.82,75.69999999999999,58.69999999999993,1,3,1.0
72,10,242.65,888.75,41.95000000000002,64.23000000000002,1,7,1.0
72,12,751.68,923.19,97.24000000000001,56.479999999999905,1,3,1.0
72,13,524.7,912.49,131.01999999999998,65.67999999999995,1,3,1.0
72,1,1036.9,940.24,80.02999999999997,61.22000000000003,1,3,1.0
72,2,1135.33,939.29,97.78999999999996,87.20000000000005,1,3,1.0
72,3,1263.18,954.47,53.319999999999936,46.00999999999999,1,3,1.0
72,4,1372.3,961.35,191.84000000000015,131.19999999999993,1,3,1.0
72,5,257.44,921.03,275.59999999999997,90.56000000000006,1,3,1.0
72,6,1031.87,875.24,18.320000000000164,34.809999999999945,1,9,1.0
72,7,1458.66,891.5,9.0,41.02999999999997,1,9,1.0
73,14,1471.23,907.91,15.049999999999955,19.840000000000032,1,10,1.0
73,15,1028.24,911.5,22.809999999999945,14.509999999999991,1,10,1.0
73,9,288.6,875.54,62.299999999999955,58.700000000000045,1,3,1.0
73,10,234.39,888.93,41.94999999999999,64.23000000000002,1,7,1.0
73,12,742.5,923.19,106.41999999999996,56.479999999999905,1,3,1.0
73,13,511.48,913.59,131.01999999999998,65.67999999999995,1,3,1.0
73,1,1037.44,940.57,79.55999999999995,61.57999999999993,1,3,1.0
73,2,1134.89,939.17,98.14999999999986,87.13,1,3,1.0
73,3,1263.01,955.08,52.559999999999945,46.049999999999955,1,3,1.0
73,4,1370.68,962.31,188.40999999999985,129.68000000000006,1,3,1.0
73,5,243.73,910.1,275.61,100.12,1,3,1.0
73,6,1030.99,875.16,18.319999999999936,34.81000000000006,1,9,1.0
73,7,1460.07,891.58,9.0,41.50999999999999,1,9,1.0
74,14,1472.68,907.88,15.059999999999945,19.840000000000032,1,10,1.0
74,15,1027.35,911.53,22.810000000000173,14.509999999999991,1,10,1.0
74,9,288.6,875.54,62.299999999999955,58.700000000000045,1,3,1.0
74,10,234.39,888.93,41.94999999999999,64.23000000000002,1,7,1.0
74,12,736.79,923.19,106.42000000000007,56.479999999999905,1,3,1.0
74,13,497.78,913.59,131.01,65.67999999999995,1,3,1.0
74,1,1038.57,941.02,78.85000000000014,61.389999999999986,1,3,1.0
74,2,1134.5,938.33,98.63000000000011,87.02999999999986,1,3,1.0
74,3,1262.92,954.37,52.25,46.289999999999964,1,3,1.0
74,4,1369.32,960.75,185.28999999999996,128.55999999999995,1,3,1.0
74,5,207.56,910.92,296.16,105.88999999999999,1,3,1.0
74,6,1030.11,875.08,18.320000000000164,34.809999999999945,1,9,1.0
74,7,1461.47,891.65,9.0,42.0,1,9,1.0
75,14,1474.13,907.85,15.059999999999945,19.840000000000032,1,10,1.0
75,15,1026.46,911.56,22.809999999999945,14.520000000000095,1,10,1.0
75,9,288.6,875.54,62.299999999999955,58.700000000000045,1,3,1.0
75,12,735.14,923.19,106.43000000000006,56.479999999999905,1,3,1.0
75,13,476.4,913.59,152.39,65.67999999999995,1,3,1.0
75,1,1039.14,940.55,78.55999999999995,60.97000000000003,1,3,1.0
75,2,1134.92,939.05,97.86999999999989,87.03999999999996,1,3,1.0
75,3,1262.63,954.97,52.25,45.799999999999955,1,3,1.0
75,4,1366.89,960.96,183.1199999999999,126.1099999999999,1,3,1.0
75,5,171.38,911.74,316.72,111.65999999999997,1,3,1.0
75,6,1029.23,875.0,18.319999999999936,34.809999999999945,1,9,1.0
75,7,1462.88,891.73,9.0,42.49000000000001,1,9,1.0
76,14,1475.58,907.81,15.060000000000173,19.840000000000032,1,10,1.0
76,15,1025.57,911.6,22.810000000000173,14.509999999999991,1,10,1.0
76,9,277.48,874.64,68.57,53.210000000000036,1,3,1.0
76,12,733.5,923.19,106.41999999999996,56.479999999999905,1,3,1.0
76,13,461.6,913.59,152.39,65.67999999999995,1,3,1.0
76,1,1040.72,940.76,77.5,61.129999999999995,1,3,1.0
76,2,1135.0,939.2,98.34999999999991,87.23000000000002,1,3,1.0
76,3,1262.49,955.21,52.58999999999992,45.69999999999993,1,3,1.0
76,4,1364.76,961.08,180.51999999999998,124.76999999999987,1,3,1.0
76,5,131.9,911.74,336.5,111.65999999999997,1,3,1.0
76,6,1028.35,874.92,18.320000000000164,34.81000000000006,1,9,1.0
76,7,1464.29,891.81,9.0,42.97000000000003,1,9,1.0
77,14,1477.03,907.78,15.059999999999945,19.840000000000032,1,10,1.0
77,15,1024.69,911.63,22.799999999999955,14.509999999999991,1,10,1.0
77,9,266.36,873.75,74.83999999999997,47.72000000000003,1,3,1.0
77,12,721.99,924.84,106.41999999999996,56.48000000000002,1,3,1.0
77,13,443.51,913.59,152.39999999999998,65.67999999999995,1,3,1.0
77,1,1040.13,940.73,78.05999999999995,60.25999999999999,1,3,1.0
77,2,1134.51,939.62,98.52999999999997,87.24999999999989,1,3,1.0
77,3,1262.29,956.03,53.12000000000012,45.14999999999998,1,3,1.0
77,4,1362.47,961.6,177.62999999999988,122.89999999999998,1,3,1.0
77,5,103.95,910.1,336.49,111.65999999999997,1,3,1.0
77,6,1027.46,874.84,18.329999999999927,34.809999999999945,1,9,1.0
77,7,1465.69,891.89,9.0,43.450000000000045,1,9,1.0
78,14,1478.48,907.75,15.059999999999945,19.840000000000032,1,10,1.0
78,15,1023.8,911.66,22.809999999999945,14.519999999999982,1,10,1.0
78,9,255.24,872.85,81.11000000000001,42.23000000000002,1,3,1.0
78,12,718.7,926.48,106.42999999999995,56.48000000000002,1,3,1.0
78,13,427.07,913.59,152.39000000000004,65.67999999999995,1,3,1.0
78,1,1040.94,940.57,77.34999999999991,60.33999999999992,1,3,1.0
78,2,1135.09,939.36,98.31000000000017,87.25999999999988,1,3,1.0
78,3,1262.65,955.67,52.83999999999992,45.66000000000008,1,3,1.0
78,4,1361.25,961.37,175.20000000000005,121.2700000000001,1,3,1.0
78,5,69.41,913.39,357.89,111.64999999999998,1,3,1.0
78,6,1026.58,874.76,18.320000000000164,34.81000000000006,1,9,1.0
78,7,1467.1,891.96,9.0,43.93999999999994,1,9,1.0
79,14,1479.93,907.71,15.059999999999945,19.839999999999918,1,10,1.0
79,15,1022.91,911.69,22.81000000000006,14.519999999999982,1,10,1.0
79,9,244.12,871.96,87.38,36.74000000000001,1,3,1.0
79,12,713.66,925.56,106.43000000000006,56.48000000000002,1,3,1.0
79,13,409.3,913.59,170.16000000000003,65.67999999999995,1,3,1.0
79,1,1041.12,941.24,77.56000000000017,59.889999999999986,1,3,1.0
79,2,1134.71,940.04,98.88999999999987,87.71000000000004,1,3,1.0
79,3,1262.87,955.76,52.590000000000146,45.60000000000002,1,3,1.0
79,4,1359.81,961.29,172.66000000000008,119.76999999999998,1,3,1.0
79,5,31.59,901.5,369.71000000000004,129.46000000000004,1,3,1.0
79,6,1025.7,874.68,18.319999999999936,34.81000000000006,1,9,1.0
79,7,1468.5,892.04,9.0,44.42000000000007,1,9,1.0
80,14,1481.38,907.68,15.059999999999945,19.840000000000032,1,10,1.0
80,15,1022.02,911.73,22.809999999999945,14.509999999999991,1,10,1.0
80,9,237.98,871.96,87.38000000000002,36.74000000000001,1,3,1.0
80,12,708.62,924.65,106.42999999999995,56.48000000000002,1,3,1.0
80,13,393.42,909.93,170.16000000000003,70.56000000000006,1,3,1.0
80,1,1041.52,941.57,77.55999999999995,59.889999999999986,1,3,1.0
80,2,1134.91,940.42,98.88999999999987,87.71000000000015,1,3,1.0
80,3,1262.92,956.35,52.59999999999991,45.60000000000002,1,3,1.0
80,4,1357.67,961.29,172.65999999999985,119.76999999999998,1,3,1.0
80,5,21.06,900.27,360.7,135.56999999999994,1,3,1.0
80,6,1024.82,874.6,18.320000000000164,34.809999999999945,1,9,1.0
80,7,1469.91,892.12,9.0,44.90999999999997,1,9,1.0
81,14,1482.83,907.65,15.060000000000173,19.840000000000032,1,10,1.0
81,15,1021.13,911.76,22.81000000000006,14.509999999999991,1,10,1.0
81,9,231.85,871.96,87.38000000000002,36.74000000000001,1,3,1.0
81,12,703.59,923.73,106.41999999999996,56.48000000000002,1,3,1.0
81,13,377.54,906.26,170.17000000000002,75.46000000000004,1,3,1.0
81,1,1041.92,941.9,77.55999999999995,59.889999999999986,1,3,1.0
81,2,1135.11,940.8,98.8900000000001,87.71000000000004,1,3,1.0
81,3,1262.98,956.93,52.58999999999992,45.60000000000002,1,3,1.0
81,4,1355.53,961.29,172.66000000000008,119.76999999999998,1,3,1.0
81,5,10.53,899.03,351.69000000000005,141.69000000000005,1,3,1.0
81,6,1023.94,874.52,18.319999999999936,34.81000000000006,1,9,1.0
81,7,1471.32,892.2,9.0,45.389999999999986,1,9,1.0
82,14,1484.28,907.62,15.059999999999945,19.840000000000032,1,10,1.0
82,15,1020.24,911.79,22.809999999999945,14.519999999999982,1,10,1.0
82,9,224.01,872.64,102.54000000000002,47.83000000000004,1,3,1.0
82,12,698.55,922.82,106.42000000000007,56.479999999999905,1,3,1.0
82,13,361.67,902.6,170.16000000000003,80.34000000000003,1,3,1.0
82,1,1042.32,942.22,77.56000000000017,59.89999999999998,1,3,1.0
82,2,1135.31,941.19,98.8900000000001,87.71000000000004,1,3,1.0
82,3,1263.03,957.52,52.600000000000136,45.59000000000003,1,3,1.0
82,4,1353.4,961.29,172.65999999999985,119.76999999999998,1,3,1.0
82,5,0.0,897.8,342.67,147.79999999999995,1,3,1.0
82,6,1023.06,874.44,18.320000000000164,34.809999999999945,1,9,1.0
82,7,1472.72,892.27,9.0,45.879999999999995,1,9,1.0
83,14,1485.73,907.58,15.059999999999945,19.839999999999918,1,10,1.0
83,15,1019.35,911.82,22.81000000000006,14.519999999999982,1,10,1.0
83,9,216.17,873.32,117.71000000000001,58.90999999999997,1,3,1.0
83,12,689.85,923.27,110.09000000000003,57.629999999999995,1,3,1.0
83,13,342.12,904.43,187.86,80.34000000000003,1,3,1.0
83,1,1042.72,942.55,77.55999999999995,59.90000000000009,1,3,1.0
83,2,1135.51,941.57,98.90000000000009,87.70999999999992,1,3,1.0
83,3,1263.09,958.1,52.590000000000146,45.60000000000002,1,3,1.0
83,4,1351.26,961.29,172.66000000000008,119.76999999999998,1,3,1.0
83,5,0.0,897.8,313.98,147.79999999999995,1,3,1.0
83,6,1022.18,874.36,18.32000000000005,34.809999999999945,1,9,1.0
83,7,1474.13,892.35,9.0,46.360000000000014,1,9,1.0
84,14,1487.18,907.55,15.059999999999945,19.840000000000032,1,10,1.0
84,15,1018.46,911.86,22.809999999999945,14.509999999999991,1,10,1.0
84,9,208.33,874.0,132.86999999999998,70.0,1,3,1.0
84,12,681.14,923.73,113.75999999999999,58.76999999999998,1,3,1.0
84,13,322.58,906.26,205.56,80.34000000000003,1,3,1.0
84,1,1043.12,942.88,77.57000000000016,59.89999999999998,1,3,1.0
84,2,1135.71,941.95,98.89999999999986,87.71000000000004,1,3,1.0
84,3,1263.14,958.69,52.59999999999991,45.58999999999992,1,3,1.0
84,4,1349.12,961.29,172.66000000000008,119.76999999999998,1,3,1.0
84,5,0.0,897.8,285.29,147.79999999999995,1,3,1.0
84,6,1021.3,874.28,18.319999999999936,34.81000000000006,1,9,1.0
84,7,1475.53,892.43,9.0,46.85000000000002,1,9,1.0
85,14,1488.63,907.52,15.059999999999945,19.840000000000032,1,10,1.0
85,15,1017.57,911.89,22.81000000000006,14.519999999999982,1,10,1.0
85,9,199.89,873.49,132.87,70.0,1,3,1.0
85,12,672.44,924.19,117.42999999999995,59.90999999999997,1,3,1.0
85,13,303.04,908.1,223.25999999999993,80.32999999999993,1,3,1.0
85,1,1043.53,943.21,77.55999999999995,59.89999999999998,1,3,1.0
85,2,1135.91,942.34,98.89999999999986,87.70999999999992,1,3,1.0
85,3,1263.2,959.27,52.58999999999992,45.60000000000002,1,3,1.0
85,4,1346.98,961.29,172.67000000000007,119.76999999999998,1,3,1.0
85,5,0.0,897.8,256.6,147.79999999999995,1,3,1.0
85,6,1020.42,874.2,18.32000000000005,34.809999999999945,1,9,1.0
85,7,1476.94,892.51,9.0,47.33000000000004,1,9,1.0
86,14,1490.08,907.48,15.060000000000173,19.840000000000032,1,10,1.0
86,15,1016.68,911.92,22.81000000000006,14.520000000000095,1,10,1.0
86,9,191.45,872.98,132.88,70.0,1,3,1.0
86,12,663.74,924.65,121.10000000000002,61.05000000000007,1,3,1.0
86,13,279.57,909.01,232.43,80.34000000000003,1,3,1.0
86,1,1043.93,943.54,77.55999999999995,59.90000000000009,1,3,1.0
86,2,1136.11,942.72,98.90000000000009,87.71000000000004,1,3,1.0
86,3,1263.25,959.85,52.59999999999991,45.60000000000002,1,3,1.0
86,4,1346.08,961.82,170.66000000000008,118.79999999999984,1,3,1.0
86,5,0.0,897.8,218.58,147.79999999999995,1,3,1.0
86,6,1019.54,874.12,18.319999999999936,34.809999999999945,1,9,1.0
86,7,1478.35,892.58,9.0,47.819999999999936,1,9,1.0
87,14,1491.53,907.45,15.059999999999945,19.839999999999918,1,10,1.0
87,15,1015.79,911.96,22.809999999999945,14.509999999999991,1,10,1.0
87,9,178.67,873.75,132.87000000000003,70.0,1,3,1.0
87,12,655.04,925.11,124.75999999999999,62.18999999999994,1,3,1.0
87,13,257.47,909.93,241.59999999999997,80.33000000000004,1,3,1.0
87,1,1044.33,943.87,77.56000000000017,59.889999999999986,1,3,1.0
87,2,1136.32,943.1,98.8900000000001,87.71999999999991,1,3,1.0
87,3,1263.31,960.44,52.590000000000146,45.59999999999991,1,3,1.0
87,4,1345.17,962.35,168.65999999999985,117.82000000000005,1,3,1.0
87,5,0.0,897.8,180.55,147.79999999999995,1,3,1.0
87,6,1018.66,874.04,18.32000000000005,34.81000000000006,1,9,1.0
87,7,1479.75,892.66,9.0,44.42000000000007,1,9,1.0
88,14,1492.98,907.42,15.059999999999945,19.840000000000032,1,10,1.0
88,15,1014.9,911.99,22.81000000000006,14.509999999999991,1,10,1.0
88,9,165.89,874.52,132.87,69.99000000000001,1,3,1.0
88,12,646.34,925.56,128.42999999999995,63.34000000000003,1,3,1.0
88,13,235.37,910.84,250.76,80.33999999999992,1,3,1.0
88,16,1955.24,950.9,604.5800000000002,452.5200000000001,1,3,1.0
88,1,1044.73,944.2,77.55999999999995,59.889999999999986,1,3,1.0
88,2,1136.52,943.49,98.8900000000001,87.71000000000004,1,3,1.0
88,3,1263.36,961.02,52.600000000000136,45.60000000000002,1,3,1.0
88,4,1344.26,962.89,166.67000000000007,116.84000000000003,1,3,1.0
88,5,0.0,897.8,142.53,147.79999999999995,1,3,1.0
88,6,1017.78,873.96,18.319999999999936,34.809999999999945,1,9,1.0
88,7,1481.16,892.74,9.0,41.02999999999997,1,9,1.0
89,14,1494.72,907.97,15.059999999999945,19.839999999999918,1,10,1.0
89,15,1014.01,912.02,22.809999999999945,14.519999999999982,1,10,1.0
89,9,161.29,874.52,132.87000000000003,69.99000000000001,1,3,1.0
89,12,637.63,926.02,132.10000000000002,64.48000000000002,1,3,1.0
89,13,213.27,911.76,259.92999999999995,80.34000000000003,1,3,1.0
89,16,1939.65,950.9,620.1700000000001,452.5200000000001,1,3,1.0
89,1,1045.13,944.53,77.55999999999995,59.889999999999986,1,3,1.0
89,2,1136.72,943.87,98.88999999999987,87.70999999999992,1,3,1.0
89,3,1263.42,961.61,52.58999999999992,45.59000000000003,1,3,1.0
89,4,1343.35,963.42,164.67000000000007,115.86000000000001,1,3,1.0
89,5,0.0,897.8,104.5,147.79999999999995,1,3,1.0
89,6,1016.9,873.88,18.32000000000005,34.81000000000006,1,9,1.0
89,7,1482.91,892.97,9.0,42.299999999999955,1,9,1.0
90,14,1496.45,908.51,15.059999999999945,19.840000000000032,1,10,1.0
90,15,1013.12,912.05,22.81000000000006,14.520000000000095,1,10,1.0
90,9,156.69,874.52,132.87,69.99000000000001,1,3,1.0
90,12,628.93,926.48,135.7700000000001,65.62,1,3,1.0
90,13,182.12,895.3,259.94,104.12,1,3,1.0
90,16,1924.07,950.9,635.7500000000002,452.5200000000001,1,3,1.0
90,1,1045.53,944.85,77.56999999999994,59.89999999999998,1,3,1.0
90,2,1136.92,944.25,98.88999999999987,87.72000000000003,1,3,1.0
90,3,1263.47,962.19,52.59999999999991,45.59999999999991,1,3,1.0
90,4,1342.44,963.95,162.66999999999985,114.88999999999987,1,3,1.0
90,6,1016.02,873.8,18.319999999999936,34.81000000000006,1,9,1.0
90,7,1484.67,893.2,9.0,43.57999999999993,1,9,1.0
91,14,1498.19,909.06,15.059999999999945,19.840000000000032,1,10,1.0
91,15,1012.23,912.09,22.809999999999945,14.509999999999991,1,10,1.0
91,9,147.65,874.52,132.87999999999997,69.99000000000001,1,3,1.0
91,12,614.27,926.48,135.76999999999998,65.62,1,3,1.0
91,13,161.97,898.96,280.13,104.13,1,3,1.0
91,16,1908.48,950.9,651.3400000000001,452.5200000000001,1,3,1.0
91,1,1045.94,945.18,77.55999999999995,59.90000000000009,1,3,1.0
91,2,1137.12,944.64,98.8900000000001,87.70999999999992,1,3,1.0
91,3,1263.53,962.78,52.58999999999992,45.59000000000003,1,3,1.0
91,4,1341.53,964.48,160.68000000000006,113.92000000000007,1,3,1.0
91,6,1015.14,873.72,18.32000000000005,34.809999999999945,1,9,1.0
91,7,1486.42,893.43,9.0,44.85000000000002,1,9,1.0
92,14,1499.93,909.61,15.049999999999955,19.840000000000032,1,10,1.0
92,15,1011.34,912.12,22.81000000000006,14.509999999999991,1,10,1.0
92,9,138.62,874.52,132.87,69.99000000000001,1,3,1.0
92,12,607.86,925.56,135.76999999999998,65.62,1,3,1.0
92,13,128.99,902.63,280.13,104.12,1,3,1.0
92,16,1892.9,950.9,666.9200000000001,452.5200000000001,1,3,1.0
92,1,1046.34,945.51,77.56000000000017,59.89999999999998,1,3,1.0
92,2,1137.32,945.02,98.8900000000001,87.71000000000004,1,3,1.0
92,3,1263.58,963.36,52.590000000000146,45.60000000000002,1,3,1.0
92,4,1340.63,965.02,158.66999999999985,112.93000000000006,1,3,1.0
92,6,1014.26,873.64,18.319999999999936,34.81000000000006,1,9,1.0
92,7,1488.17,893.66,9.0,46.120000000000005,1,9,1.0
93,14,1501.66,910.16,15.059999999999945,19.840000000000032,1,10,1.0
93,15,1010.45,912.15,22.809999999999945,14.519999999999982,1,10,1.0
93,9,129.59,874.52,132.86999999999998,69.99000000000001,1,3,1.0
93,12,601.45,924.65,135.76999999999998,65.62,1,3,1.0
93,13,101.51,902.63,302.09000000000003,104.12,1,3,1.0
93,16,1875.55,951.76,677.6699999999998,451.6600000000001,1,3,1.0
93,1,1046.74,945.84,77.55999999999995,59.89999999999998,1,3,1.0
93,2,1137.52,945.4,98.8900000000001,87.71999999999991,1,3,1.0
93,3,1263.64,963.94,52.58999999999992,45.59999999999991,1,3,1.0
93,4,1339.72,965.55,156.67000000000007,111.96000000000004,1,3,1.0
93,6,1013.38,873.56,18.32000000000005,34.81000000000006,1,9,1.0
93,7,1489.93,893.89,9.0,47.39999999999998,1,9,1.0
94,14,1503.4,910.71,15.059999999999945,19.839999999999918,1,10,1.0
94,15,1009.56,912.18,22.809999999999945,14.520000000000095,1,10,1.0
94,9,128.88,874.52,132.88,69.99000000000001,1,3,1.0
94,12,589.85,924.65,144.32999999999993,68.65999999999997,1,3,1.0
94,13,63.04,900.8,324.06,107.79000000000008,1,3,1.0
94,16,1858.21,952.62,688.4200000000001,450.80000000000007,1,3,1.0
94,17,1660.53,883.62,34.50999999999999,55.389999999999986,1,9,1.0
94,1,1047.14,946.17,77.55999999999995,59.889999999999986,1,3,1.0
94,2,1137.72,945.79,98.88999999999987,87.71000000000004,1,3,1.0
94,3,1263.69,964.53,52.58999999999992,45.60000000000002,1,3,1.0
94,4,1338.81,966.08,154.68000000000006,110.9899999999999,1,3,1.0
94,6,1012.5,873.48,18.319999999999936,34.809999999999945,1,9,1.0
94,7,1491.68,894.12,9.0,48.66999999999996,1,9,1.0
95,14,1505.14,911.26,15.049999999999955,19.840000000000032,1,10,1.0
95,15,1008.67,912.22,22.81000000000006,14.509999999999991,1,10,1.0
95,9,128.18,874.52,132.87,69.99000000000001,1,3,1.0
95,12,578.24,924.65,152.89999999999998,71.71000000000004,1,3,1.0
95,13,26.4,902.63,340.5,107.78999999999996,1,3,1.0
95,16,1840.86,953.48,699.1700000000003,449.94000000000005,1,3,1.0
95,17,1664.79,884.61,34.50999999999999,55.389999999999986,1,9,1.0
95,1,1047.54,946.5,77.55999999999995,59.889999999999986,1,3,1.0
95,2,1137.92,946.17,98.89999999999986,87.71000000000015,1,3,1.0
95,3,1263.75,965.11,52.58999999999992,45.60000000000002,1,3,1.0
95,4,1337.9,966.61,152.67999999999984,110.00999999999988,1,3,1.0
95,6,1011.62,873.4,18.32000000000005,34.81000000000006,1,9,1.0
95,7,1493.43,894.35,9.0,49.93999999999994,1,9,1.0
96,14,1506.87,911.81,15.060000000000173,19.840000000000032,1,10,1.0
96,15,1007.78,912.25,22.809999999999945,14.519999999999982,1,10,1.0
96,9,127.48,874.52,132.87,69.99000000000001,1,3,1.0
96,12,566.64,924.65,161.46000000000004,74.75,1,3,1.0
96,13,0.0,902.63,335.76,107.78999999999996,1,3,1.0
96,16,1823.51,954.34,709.9300000000001,449.08000000000004,1,3,1.0
96,17,1669.05,885.61,34.51999999999998,55.389999999999986,1,9,1.0
96,1,1047.94,946.83,77.56999999999994,59.889999999999986,1,3,1.0
96,2,1138.12,946.55,98.90000000000009,87.72000000000003,1,3,1.0
96,3,1263.8,965.7,52.590000000000146,45.58999999999992,1,3,1.0
96,4,1336.99,967.14,150.68000000000006,109.04000000000008,1,3,1.0
96,6,1010.74,873.32,18.319999999999936,34.809999999999945,1,9,1.0
96,7,1495.19,894.58,9.0,51.219999999999914,1,9,1.0
97,14,1508.61,912.36,15.050000000000182,19.840000000000032,1,10,1.0
97,15,1006.9,912.28,22.800000000000068,14.519999999999982,1,10,1.0
97,9,126.78,874.52,132.86999999999998,69.99000000000001,1,3,1.0
97,12,548.32,924.65,163.27999999999997,74.75,1,3,1.0
97,13,0.0,886.1,335.76,124.31999999999994,1,3,1.0
97,16,1806.17,955.2,720.6700000000001,448.22,1,3,1.0
97,17,1673.31,886.6,34.51999999999998,55.389999999999986,1,9,1.0
97,1,1048.35,947.15,77.56000000000017,59.89999999999998,1,3,1.0
97,2,1138.32,946.94,98.90000000000009,87.71000000000004,1,3,1.0
97,3,1263.86,966.28,52.590000000000146,45.60000000000002,1,3,1.0
97,4,1336.08,967.68,148.69000000000005,108.06000000000006,1,3,1.0
97,6,1009.86,873.24,18.32000000000005,34.809999999999945,1,9,1.0
97,7,1496.94,894.81,9.0,52.49000000000001,1,9,1.0
98,14,1510.34,912.91,15.060000000000173,19.840000000000032,1,10,1.0
98,15,1006.01,912.32,22.809999999999945,14.509999999999991,1,10,1.0
98,9,126.07,874.52,132.88,69.99000000000001,1,3,1.0
98,12,532.38,923.92,169.69000000000005,76.95000000000005,1,3,1.0
98,13,0.0,884.27,293.6,124.32000000000005,1,3,1.0
98,16,1788.82,956.06,731.4300000000001,447.3600000000001,1,3,1.0
98,17,1676.44,887.45,34.50999999999999,55.389999999999986,1,9,1.0
98,1,1048.75,947.48,77.55999999999995,59.89999999999998,1,3,1.0
98,2,1138.52,947.32,98.90000000000009,87.70999999999992,1,3,1.0
98,3,1263.91,966.87,52.58999999999992,45.59000000000003,1,3,1.0
98,4,1335.18,968.21,146.67999999999984,107.07999999999993,1,3,1.0
98,6,1008.97,873.16,18.329999999999927,34.81000000000006,1,9,1.0
98,7,1498.7,895.04,9.0,41.030000000000086,1,9,1.0
99,14,1512.76,912.91,15.049999999999955,19.840000000000032,1,10,1.0
99,15,1005.12,912.35,22.81000000000006,14.509999999999991,1,10,1.0
99,9,125.37,874.52,132.87,69.99000000000001,1,3,1.0
99,12,516.45,923.18,176.08999999999992,79.16000000000008,1,3,1.0
99,13,0.0,884.27,273.4,124.32000000000005,1,3,1.0
99,16,1771.47,956.92,742.1899999999998,446.5000000000001,1,3,1.0
99,17,1679.56,888.31,34.51999999999998,55.3900000000001,1,9,1.0
99,1,1049.15,947.81,77.55999999999995,59.90000000000009,1,3,1.0
99,2,1138.73,947.7,98.88999999999987,87.72000000000003,1,3,1.0
99,3,1263.96,967.45,52.59999999999991,45.59999999999991,1,3,1.0
99,4,1334.27,968.74,144.68000000000006,106.1099999999999,1,3,1.0
99,6,1008.09,873.07,18.32000000000005,34.809999999999945,1,9,1.0
99,7,1500.41,894.69,9.709999999999809,46.799999999999955,1,9,1.0
100,14,1515.17,912.91,15.059999999999945,19.840000000000032,1,10,1.0
100,15,1004.23,912.38,22.809999999999945,14.519999999999982,1,10,1.0
100,9,124.67,874.52,132.87,69.99000000000001,1,3,1.0
100,12,500.51,922.45,182.5,81.3599999999999,1,3,1.0
100,13,0.0,884.27,244.1,124.32000000000005,1,3,1.0
100,16,1754.13,957.78,752.9299999999998,445.6400000000001,1,3,1.0
100,17,1682.69,889.16,34.50999999999999,55.389999999999986,1,9,1.0
100,1,1049.55,948.14,77.55999999999995,59.89999999999998,1,3,1.0
100,2,1138.93,948.09,98.88999999999987,87.70999999999992,1,3,1.0
100,3,1264.02,968.03,52.58999999999992,45.60000000000002,1,3,1.0
100,4,1333.36,969.27,142.69000000000005,105.1400000000001,1,3,1.0
100,6,1007.2,872.98,18.319999999999936,34.809999999999945,1,9,1.0
100,7,1502.13,894.33,10.419999999999845,52.569999999999936,1,9,1.0
101,14,1517.58,912.91,15.060000000000173,19.840000000000032,1,10,1.0
101,15,1003.34,912.41,22.81000000000006,14.519999999999982,1,10,1.0
101,9,123.96,874.52,132.88,69.99000000000001,1,3,1.0
101,12,484.58,921.72,188.90000000000003,83.55999999999995,1,3,1.0
101,13,0.0,884.27,207.5,124.32000000000005,1,3,1.0
101,16,1736.78,958.64,763.6899999999998,444.7800000000001,1,3,1.0
101,17,1687.09,889.87,34.50999999999999,55.389999999999986,1,9,1.0
101,1,1049.95,948.47,77.55999999999995,59.89999999999998,1,3,1.0
101,2,1139.13,948.47,98.88999999999987,87.71000000000004,1,3,1.0
101,3,1264.07,968.62,52.600000000000136,45.60000000000002,1,3,1.0
101,4,1332.45,969.81,140.69000000000005,104.15000000000009,1,3,1.0
101,6,1006.31,872.9,18.320000000000164,34.80000000000007,1,9,1.0
101,7,1503.85,893.98,11.13000000000011,53.89999999999998,1,9,1.0
102,14,1520.0,912.91,15.049999999999955,19.840000000000032,1,10,1.0
102,15,1002.45,912.45,22.809999999999945,14.509999999999991,1,10,1.0
102,9,93.04,872.98,151.52999999999997,70.0,1,3,1.0
102,12,468.64,920.98,195.31000000000006,85.76999999999998,1,3,1.0
102,13,0.0,884.27,180.0,124.32000000000005,1,3,1.0
102,16,1719.43,959.5,774.4399999999998,443.9200000000001,1,3,1.0
102,17,1691.49,890.58,34.51999999999998,55.389999999999986,1,9,1.0
102,1,1050.35,948.8,77.57000000000016,59.8900000000001,1,3,1.0
102,2,1139.33,948.85,98.8900000000001,87.71999999999991,1,3,1.0
102,3,1264.13,969.2,52.58999999999992,45.59999999999991,1,3,1.0
102,4,1331.54,970.34,138.69000000000005,103.17999999999995,1,3,1.0
102,6,1005.42,872.81,18.32000000000005,34.81000000000006,1,9,1.0
102,7,1505.57,893.62,11.830000000000155,55.23000000000002,1,9,1.0
103,14,1522.41,912.91,15.059999999999945,19.840000000000032,1,10,1.0
103,15,1001.56,912.48,22.809999999999945,14.509999999999991,1,10,1.0
103,9,62.12,871.45,170.18,70.0,1,3,1.0
103,12,452.71,920.25,201.70999999999998,87.97000000000003,1,3,1.0
103,13,0.0,884.27,152.5,124.32000000000005,1,3,1.0
103,16,1702.09,960.36,785.1900000000003,443.06000000000006,1,3,1.0
103,17,1695.9,891.29,34.50999999999999,55.389999999999986,1,9,1.0
103,1,1050.76,949.13,77.55999999999995,59.889999999999986,1,3,1.0
103,2,1139.53,949.24,98.8900000000001,87.71000000000004,1,3,1.0
103,3,1264.18,969.79,52.59999999999991,45.60000000000002,1,3,1.0
103,4,1330.63,970.87,136.69999999999982,102.19999999999993,1,3,1.0
103,6,1004.53,872.72,18.32000000000005,34.809999999999945,1,9,1.0
103,7,1507.28,893.27,12.549999999999955,56.55000000000007,1,9,1.0
104,14,1524.82,912.91,15.060000000000173,19.840000000000032,1,10,1.0
104,15,1000.67,912.51,22.81000000000006,14.519999999999982,1,10,1.0
104,9,31.2,869.92,188.82000000000002,69.99000000000001,1,3,1.0
104,12,436.77,919.52,208.12,90.17000000000007,1,3,1.0
104,13,0.0,884.27,114.0,124.32000000000005,1,3,1.0
104,16,1684.74,961.22,795.9399999999998,442.20000000000005,1,3,1.0
104,17,1699.52,892.14,34.50999999999999,55.389999999999986,1,9,1.0
104,1,1051.16,949.46,77.55999999999995,59.889999999999986,1,3,1.0
104,2,1139.73,949.62,98.88999999999987,87.70999999999992,1,3,1.0
104,3,1264.24,970.37,52.58999999999992,45.60000000000002,1,3,1.0
104,4,1329.73,971.4,134.69000000000005,101.23000000000013,1,3,1.0
104,6,1003.64,872.63,18.32000000000005,34.81000000000006,1,9,1.0
104,7,1509.0,892.91,13.259999999999991,57.889999999999986,1,9,1.0
105,14,1527.24,912.91,15.049999999999955,19.840000000000032,1,10,1.0
105,15,999.78,912.54,22.81000000000006,14.519999999999982,1,10,1.0
105,9,21.02,869.92,188.82999999999998,69.99000000000001,1,3,1.0
105,12,420.84,918.79,214.52000000000004,92.37,1,3,1.0
105,13,0.0,884.27,71.9,124.32000000000005,1,3,1.0
105,16,1667.39,962.08,806.7,441.34000000000003,1,3,1.0
105,17,1703.14,892.99,34.50999999999999,55.389999999999986,1,9,1.0
105,1,1051.56,949.78,77.55999999999995,59.89999999999998,1,3,1.0
105,2,1139.93,950.0,98.88999999999987,87.72000000000003,1,3,1.0
105,3,1264.29,970.96,52.600000000000136,45.58999999999992,1,3,1.0
105,4,1328.82,971.94,132.69000000000005,100.25,1,3,1.0
105,6,1002.75,872.54,18.32000000000005,34.81000000000006,1,9,1.0
105,7,1512.14,892.56,12.539999999999964,58.190000000000055,1,9,1.0
106,14,1529.65,912.91,15.059999999999945,19.840000000000032,1,10,1.0
106,15,998.64,912.0,22.81000000000006,14.759999999999991,1,10,1.0
106,9,10.84,869.92,188.82999999999998,69.99000000000001,1,3,1.0
106,12,404.9,918.05,220.93000000000006,94.58000000000004,1,3,1.0
106,13,0.0,884.27,35.3,124.32000000000005,1,3,1.0
106,16,1650.05,962.94,817.4399999999998,440.48,1,3,1.0
106,17,1706.76,893.85,34.50999999999999,55.389999999999986,1,9,1.0
106,1,1051.96,950.11,77.55999999999995,59.89999999999998,1,3,1.0
106,2,1140.13,950.39,98.88999999999987,87.70999999999992,1,3,1.0
106,3,1264.35,971.54,52.590000000000146,45.60000000000002,1,3,1.0
106,4,1327.91,972.47,130.69999999999982,99.26999999999998,1,3,1.0
106,6,1001.63,871.77,18.32000000000005,35.09000000000003,1,9,1.0
106,7,1515.28,892.2,11.829999999999927,58.5,1,9,1.0
107,14,1532.06,912.91,15.059999999999945,19.840000000000032,1,10,1.0
107,15,997.5,911.46,22.809999999999945,15.009999999999991,1,10,1.0
107,9,7.23,869.92,186.92000000000002,69.99000000000001,1,3,1.0
107,12,381.6,917.32,234.69999999999993,96.77999999999997,1,3,1.0
107,16,1632.7,963.8,828.2,439.6200000000001,1,3,1.0
107,17,1710.38,894.7,34.51999999999998,55.389999999999986,1,9,1.0
107,1,1052.36,950.44,77.56000000000017,59.89999999999998,1,3,1.0
107,2,1140.33,950.77,98.90000000000009,87.71000000000004,1,3,1.0
107,3,1264.4,972.12,52.59999999999991,45.60000000000002,1,3,1.0
107,4,1327.0,973.0,128.70000000000005,98.29999999999995,1,3,1.0
107,6,1000.5,871.01,18.32000000000005,35.360000000000014,1,9,1.0
107,7,1518.42,891.85,11.11999999999989,58.799999999999955,1,9,1.0
108,14,1534.48,912.91,15.059999999999945,19.840000000000032,1,10,1.0
108,15,996.36,910.91,22.809999999999945,15.259999999999991,1,10,1.0
108,9,3.61,869.92,185.02999999999997,69.99000000000001,1,3,1.0
108,12,357.97,915.12,242.56999999999994,100.08000000000004,1,3,1.0
108,16,1625.37,963.8,795.23,430.83000000000015,1,3,1.0
108,17,1714.96,895.12,34.51999999999998,55.389999999999986,1,9,1.0
108,1,1052.92,950.53,77.55999999999995,59.889999999999986,1,3,1.0
108,2,1140.95,950.92,98.88999999999987,87.71000000000015,1,3,1.0
108,3,1264.4,972.25,52.59999999999991,45.60000000000002,1,3,1.0
108,4,1326.65,973.0,127.67999999999984,97.71000000000004,1,3,1.0
108,6,999.37,870.24,18.32000000000005,35.639999999999986,1,9,1.0
108,7,1521.56,891.49,10.400000000000091,59.110000000000014,1,9,1.0
109,14,1536.89,912.91,15.059999999999945,19.840000000000032,1,10,1.0
109,15,995.22,910.37,22.809999999999945,15.5,1,10,1.0
109,9,0.0,869.92,183.13,69.99000000000001,1,3,1.0
109,12,334.34,912.92,250.44,103.38,1,3,1.0
109,16,1618.03,963.8,762.2700000000002,422.04999999999995,1,3,1.0
109,17,1719.54,895.55,34.51999999999998,55.3900000000001,1,9,1.0
109,1,1053.47,950.62,77.55999999999995,59.889999999999986,1,3,1.0
109,2,1141.56,951.06,98.8900000000001,87.72000000000003,1,3,1.0
109,3,1264.4,972.37,52.59999999999991,45.60000000000002,1,3,1.0
109,4,1326.3,973.0,126.66000000000008,97.13000000000011,1,3,1.0
109,6,998.24,869.48,18.319999999999936,35.90999999999997,1,9,1.0
109,7,1523.85,891.14,10.540000000000191,59.710000000000036,1,9,1.0
110,14,1539.3,912.91,15.059999999999945,19.840000000000032,1,10,1.0
110,15,994.08,909.82,22.809999999999945,15.75,1,10,1.0
110,9,0.0,869.92,173.61,69.99000000000001,1,3,1.0
110,12,310.7,910.71,258.33,106.68999999999994,1,3,1.0
110,16,1610.7,963.8,729.3,413.26,1,3,1.0
110,17,1724.12,895.98,34.52000000000021,55.389999999999986,1,9,1.0
110,1,1054.03,950.7,77.55999999999995,59.89999999999998,1,3,1.0
110,2,1142.17,951.21,98.89999999999986,87.71000000000004,1,3,1.0
110,3,1264.4,972.49,52.59999999999991,45.60000000000002,1,3,1.0
110,4,1325.95,973.0,125.63999999999987,96.53999999999996,1,3,1.0
110,6,997.12,868.72,18.32000000000005,36.17999999999995,1,9,1.0
110,7,1526.14,890.78,10.679999999999836,60.32000000000005,1,9,1.0
111,14,1541.72,912.91,15.059999999999945,19.840000000000032,1,10,1.0
111,15,992.94,909.28,22.809999999999945,16.0,1,10,1.0
111,9,0.0,869.92,164.09,69.99000000000001,1,3,1.0
111,12,287.07,908.51,266.2,109.99000000000001,1,3,1.0
111,16,1603.37,963.8,696.3299999999999,404.47,1,3,1.0
111,17,1728.71,896.4,34.50999999999999,55.389999999999986,1,9,1.0
111,1,1054.58,950.79,77.56000000000017,59.90000000000009,1,3,1.0
111,2,1142.79,951.36,98.8900000000001,87.70999999999992,1,3,1.0
111,3,1264.4,972.62,52.59999999999991,45.59000000000003,1,3,1.0
111,4,1325.6,973.0,124.61000000000013,95.96000000000004,1,3,1.0
111,6,995.99,867.95,18.319999999999936,36.45999999999992,1,9,1.0
111,7,1528.43,890.43,10.819999999999936,60.92000000000007,1,9,1.0
112,14,1544.13,912.91,15.059999999999945,19.840000000000032,1,10,1.0
112,15,991.8,908.73,22.81000000000006,16.25,1,10,1.0
112,9,0.0,869.92,154.56,69.99000000000001,1,3,1.0
112,12,263.43,906.31,274.08,113.29000000000008,1,3,1.0
112,16,1596.03,963.8,663.3700000000001,395.69000000000005,1,3,1.0
112,17,1733.07,896.3,34.50999999999999,55.3900000000001,1,9,1.0
112,1,1055.14,950.88,77.55999999999995,59.89999999999998,1,3,1.0
112,2,1143.4,951.5,98.88999999999987,87.71000000000004,1,3,1.0
112,3,1264.4,972.74,52.59999999999991,45.60000000000002,1,3,1.0
112,4,1325.25,973.0,123.58999999999992,95.36999999999989,1,3,1.0
112,6,994.86,867.19,18.319999999999936,36.719999999999914,1,9,1.0
112,7,1530.71,890.07,10.960000000000036,61.52999999999997,1,9,1.0
113,14,1546.54,912.91,15.059999999999945,19.840000000000032,1,10,1.0
113,15,990.66,908.19,22.800000000000068,16.489999999999895,1,10,1.0
113,9,0.0,869.92,145.04,69.99000000000001,1,3,1.0
113,12,239.8,904.11,281.95,116.59000000000003,1,3,1.0
113,16,1588.7,963.8,630.3999999999999,386.9000000000001,1,3,1.0
113,17,1737.44,896.19,34.50999999999999,55.389999999999986,1,9,1.0
113,1,1055.69,950.97,77.56999999999994,59.889999999999986,1,3,1.0
113,2,1144.01,951.65,98.90000000000009,87.70999999999992,1,3,1.0
113,3,1264.4,972.86,52.59999999999991,45.60000000000002,1,3,1.0
113,4,1324.9,973.0,122.56999999999994,94.78999999999996,1,3,1.0
113,6,993.73,866.42,18.319999999999936,37.0,1,9,1.0
113,7,1533.0,889.71,11.099999999999909,41.02999999999997,1,9,1.0
114,14,1549.25,912.35,15.349999999999909,20.149999999999977,1,10,1.0
114,15,989.51,907.65,22.81000000000006,16.730000000000018,1,10,1.0
114,9,0.0,869.92,135.52,69.99000000000001,1,3,1.0
114,12,205.9,901.91,300.09000000000003,119.88999999999999,1,3,1.0
114,16,1584.31,963.54,614.48,380.44000000000005,1,3,1.0
114,17,1741.81,896.08,34.50999999999999,55.389999999999986,1,9,1.0
114,1,1056.25,951.05,77.55999999999995,59.90000000000009,1,3,1.0
114,2,1144.63,951.79,98.88999999999987,87.72000000000003,1,3,1.0
114,3,1264.4,972.98,52.59999999999991,45.60000000000002,1,3,1.0
114,4,1324.55,973.0,121.54999999999995,94.20000000000005,1,3,1.0
114,6,992.61,865.66,18.319999999999936,37.26999999999998,1,9,1.0
114,7,1535.45,889.09,11.430000000000064,43.75999999999999,1,9,1.0
115,14,1551.96,911.79,15.629999999999882,20.460000000000036,1,10,1.0
115,15,988.37,907.1,22.809999999999945,16.99000000000001,1,10,1.0
115,9,0.0,869.92,126.0,69.99000000000001,1,3,1.0
115,12,172.0,899.71,318.23,123.18999999999994,1,3,1.0
115,16,1579.91,963.28,598.5799999999997,373.97,1,3,1.0
115,17,1746.17,895.98,34.51999999999998,55.389999999999986,1,9,1.0
115,1,1056.8,951.14,77.56999999999994,59.89999999999998,1,3,1.0
115,2,1145.24,951.94,98.8900000000001,87.71000000000004,1,3,1.0
115,3,1264.4,973.11,52.59999999999991,45.59000000000003,1,3,1.0
115,4,1324.19,973.0,120.53999999999996,93.6099999999999,1,3,1.0
115,6,991.48,864.89,18.319999999999936,37.55000000000007,1,9,1.0
115,7,1537.91,888.47,11.759999999999991,46.49000000000001,1,9,1.0
116,14,1554.67,911.23,15.919999999999845,20.769999999999982,1,10,1.0
116,15,987.23,906.56,22.809999999999945,17.230000000000018,1,10,1.0
116,9,0.0,869.92,106.2,69.99000000000001,1,3,1.0
116,12,138.1,897.5,336.38,126.5,1,3,1.0
116,16,1575.52,963.02,582.6599999999999,367.51,1,3,1.0
116,17,1751.29,895.55,34.50999999999999,55.3900000000001,1,9,1.0
116,1,1057.36,951.23,77.56000000000017,59.89999999999998,1,3,1.0
116,2,1145.85,952.09,98.90000000000009,87.70999999999992,1,3,1.0
116,3,1264.4,973.23,52.59999999999991,45.60000000000002,1,3,1.0
116,4,1323.84,973.0,119.51999999999998,93.02999999999997,1,3,1.0
116,6,990.35,864.13,18.319999999999936,37.82000000000005,1,9,1.0
116,7,1540.36,887.84,12.090000000000146,49.23000000000002,1,9,1.0
117,14,1557.37,910.67,16.210000000000036,21.08000000000004,1,10,1.0
117,15,986.09,906.01,22.809999999999945,17.480000000000018,1,10,1.0
117,9,0.0,869.92,106.2,69.99000000000001,1,3,1.0
117,12,104.2,895.3,354.52000000000004,129.79999999999995,1,3,1.0
117,16,1571.12,962.77,566.7600000000002,361.03999999999996,1,3,1.0
117,17,1756.4,895.12,34.50999999999999,55.389999999999986,1,9,1.0
117,1,1057.91,951.32,77.56999999999994,59.889999999999986,1,3,1.0
117,2,1146.47,952.23,98.88999999999987,87.72000000000003,1,3,1.0
117,3,1264.4,973.35,52.59999999999991,45.60000000000002,1,3,1.0
117,4,1323.49,973.0,118.5,92.44000000000005,1,3,1.0
117,6,989.22,863.36,18.319999999999936,38.10000000000002,1,9,1.0
117,7,1542.81,887.22,12.420000000000073,51.95999999999992,1,9,1.0
118,14,1560.08,910.12,16.49000000000001,21.370000000000005,1,10,1.0
118,15,984.95,905.47,22.809999999999945,17.720000000000027,1,10,1.0
118,9,0.0,869.92,106.2,69.99000000000001,1,3,1.0
118,12,70.3,893.1,372.65999999999997,133.10000000000002,1,3,1.0
118,16,1566.73,962.51,550.8400000000001,354.56999999999994,1,3,1.0
118,17,1761.51,894.7,34.51999999999998,55.389999999999986,1,9,1.0
118,1,1058.47,951.41,77.55999999999995,59.889999999999986,1,3,1.0
118,2,1147.08,952.38,98.8900000000001,87.70999999999992,1,3,1.0
118,3,1264.4,973.47,52.59999999999991,45.60000000000002,1,3,1.0
118,4,1323.14,973.0,117.4699999999998,91.8599999999999,1,3,1.0
118,6,988.1,862.6,18.319999999999936,38.370000000000005,1,9,1.0
118,7,1545.27,886.59,12.75,54.69999999999993,1,9,1.0
119,14,1562.79,909.56,16.779999999999973,21.680000000000064,1,10,1.0
119,15,983.81,904.92,22.81000000000006,17.980000000000018,1,10,1.0
119,9,0.0,869.92,106.2,69.99000000000001,1,3,1.0
119,12,36.4,890.9,390.8,136.39999999999998,1,3,1.0
119,16,1562.33,962.25,534.9300000000003,348.1099999999999,1,3,1.0
119,17,1766.63,894.17,34.50999999999999,55.389999999999986,1,9,1.0
119,1,1059.03,951.49,77.55999999999995,59.89999999999998,1,3,1.0
119,2,1147.69,952.52,98.89999999999986,87.72000000000003,1,3,1.0
119,3,1264.4,973.6,52.59999999999991,45.59000000000003,1,3,1.0
119,4,1322.79,973.0,116.45000000000005,91.26999999999998,1,3,1.0
119,6,986.97,861.83,18.319999999999936,38.64999999999998,1,9,1.0
119,7,1547.72,885.97,13.079999999999927,57.42999999999995,1,9,1.0
120,14,1566.35,908.83,17.070000000000164,21.99000000000001,1,10,1.0
120,15,982.67,904.38,22.81000000000006,18.220000000000027,1,10,1.0
120,9,0.0,869.92,106.2,69.99000000000001,1,3,1.0
120,12,0.0,890.9,376.64,136.39999999999998,1,3,1.0
120,16,1557.94,961.99,519.02,341.6500000000001,1,3,1.0
120,17,1771.74,893.63,34.50999999999999,55.389999999999986,1,9,1.0
120,1,1059.58,951.58,77.56000000000017,59.89999999999998,1,3,1.0
120,2,1148.31,952.67,98.8900000000001,87.71000000000015,1,3,1.0
120,3,1264.4,973.72,52.59999999999991,45.60000000000002,1,3,1.0
120,4,1322.44,973.0,115.42999999999984,90.69000000000005,1,3,1.0
120,6,985.84,861.07,18.319999999999936,38.91999999999996,1,9,1.0
120,7,1551.19,885.01,13.319999999999936,58.370000000000005,1,9,1.0
121,14,1569.91,908.1,17.34999999999991,22.299999999999955,1,10,1.0
121,15,981.53,903.84,22.81000000000006,18.459999999999923,1,10,1.0
121,9,0.0,869.92,106.2,69.99000000000001,1,3,1.0
121,12,0.0,890.9,361.25,136.39999999999998,1,3,1.0
121,16,1553.55,961.73,503.10000000000014,335.18000000000006,1,3,1.0
121,17,1776.85,893.1,34.50999999999999,55.389999999999986,1,9,1.0
121,1,1060.14,951.67,77.55999999999995,59.889999999999986,1,3,1.0
121,2,1148.92,952.82,98.89999999999986,87.70999999999992,1,3,1.0
121,3,1264.4,973.84,52.59999999999991,45.60000000000002,1,3,1.0
121,4,1322.09,973.0,114.41000000000008,90.09999999999991,1,3,1.0
121,6,984.71,860.3,18.319999999999936,39.200000000000045,1,9,1.0
121,7,1554.67,884.04,13.549999999999955,59.31000000000006,1,9,1.0
122,14,1573.47,907.37,17.639999999999873,22.610000000000014,1,10,1.0
122,15,979.82,903.07,22.809999999999945,18.469999999999914,1,10,1.0
122,9,0.0,869.92,106.2,69.99000000000001,1,3,1.0
122,12,0.0,890.9,328.27,136.39999999999998,1,3,1.0
122,16,1549.15,961.47,487.1999999999998,328.72,1,3,1.0
122,17,1781.96,892.57,34.51999999999998,55.389999999999986,1,9,1.0
122,1,1060.69,951.76,77.55999999999995,59.889999999999986,1,3,1.0
122,2,1149.54,952.96,98.8900000000001,87.72000000000003,1,3,1.0
122,3,1264.4,973.97,52.59999999999991,45.58999999999992,1,3,1.0
122,4,1321.74,973.0,113.3900000000001,89.50999999999999,1,3,1.0
122,6,982.98,859.15,18.309999999999945,39.639999999999986,1,9,1.0
122,7,1558.15,883.08,13.789999999999964,60.25,1,9,1.0
123,14,1577.03,906.64,17.930000000000064,22.91999999999996,1,10,1.0
123,15,978.1,902.31,22.809999999999945,18.460000000000036,1,10,1.0
123,9,0.0,869.92,106.2,69.99000000000001,1,3,1.0
123,12,0.0,884.3,299.69,136.4000000000001,1,3,1.0
123,16,1544.76,961.21,471.28,322.25,1,3,1.0
123,17,1786.38,892.32,34.50999999999999,55.389999999999986,1,9,1.0
123,1,1061.25,951.84,77.55999999999995,59.89999999999998,1,3,1.0
123,2,1150.15,953.11,98.88999999999987,87.70999999999992,1,3,1.0
123,3,1264.4,974.09,52.59999999999991,45.60000000000002,1,3,1.0
123,4,1321.39,973.0,112.36999999999989,88.93000000000006,1,3,1.0
123,6,981.24,857.99,18.319999999999936,40.09000000000003,1,9,1.0
123,7,1561.62,882.11,14.0300000000002,61.19999999999993,1,9,1.0
124,14,1580.59,905.91,18.210000000000036,23.230000000000018,1,10,1.0
124,15,976.39,901.54,22.81000000000006,18.470000000000027,1,10,1.0
124,9,0.0,869.92,106.2,69.99000000000001,1,3,1.0
124,12,0.0,884.3,279.9,136.4000000000001,1,3,1.0
124,16,1540.36,960.95,455.3800000000001,315.78999999999996,1,3,1.0
124,17,1790.8,892.08,34.50999999999999,55.389999999999986,1,9,1.0
124,1,1061.8,951.93,77.55999999999995,59.90000000000009,1,3,1.0
124,2,1150.76,953.26,98.90000000000009,87.71000000000004,1,3,1.0
124,3,1264.4,974.21,52.59999999999991,45.59999999999991,1,3,1.0
124,4,1321.04,973.0,111.35000000000014,88.33999999999992,1,3,1.0
124,6,979.51,856.83,18.31000000000006,40.539999999999964,1,9,1.0
124,7,1565.1,881.15,14.259999999999991,62.139999999999986,1,9,1.0
125,14,1584.15,905.18,18.5,23.540000000000077,1,10,1.0
125,15,974.68,900.78,22.81000000000006,18.460000000000036,1,10,1.0
125,12,0.0,884.3,255.72,136.4000000000001,1,3,1.0
125,16,1535.97,960.69,439.46000000000004,309.3299999999999,1,3,1.0
125,17,1795.22,891.83,34.50999999999999,55.389999999999986,1,9,1.0
125,1,1062.36,952.02,77.56000000000017,59.889999999999986,1,3,1.0
125,2,1151.38,953.4,98.88999999999987,87.70999999999992,1,3,1.0
125,3,1264.4,974.33,52.59999999999991,45.59999999999991,1,3,1.0
125,4,1320.69,973.0,110.31999999999994,87.75999999999999,1,3,1.0
125,6,977.77,855.67,18.31000000000006,40.99000000000001,1,9,1.0
125,7,1568.57,880.18,14.5,63.08000000000004,1,9,1.0
126,14,1587.71,904.45,18.789999999999964,23.84999999999991,1,10,1.0
126,15,972.96,900.02,22.809999999999945,18.460000000000036,1,10,1.0
126,12,0.0,884.3,202.96,136.4000000000001,1,3,1.0
126,16,1531.58,960.44,423.53999999999996,302.8499999999999,1,3,1.0
126,17,1801.03,890.81,34.50999999999999,55.3900000000001,1,9,1.0
126,1,1062.91,952.11,77.55999999999995,59.889999999999986,1,3,1.0
126,2,1151.99,953.55,98.8900000000001,87.71000000000004,1,3,1.0
126,3,1264.4,974.46,52.59999999999991,45.58999999999992,1,3,1.0
126,4,1320.34,973.0,109.30000000000018,87.17000000000007,1,3,1.0
126,6,976.04,854.51,18.300000000000068,41.440000000000055,1,9,1.0
126,7,1572.05,879.22,14.730000000000018,64.01999999999998,1,9,1.0
127,14,1591.27,903.73,19.069999999999936,24.149999999999977,1,10,1.0
127,15,971.25,899.25,22.809999999999945,18.470000000000027,1,10,1.0
127,12,0.0,888.7,169.98,136.39999999999986,1,3,1.0
127,16,1527.18,960.18,407.6399999999999,296.39,1,3,1.0
127,17,1806.84,889.79,34.50999999999999,55.389999999999986,1,9,1.0
127,18,1805.31,835.35,26.5,53.75,1,10,1.0
127,1,1063.47,952.19,77.55999999999995,59.89999999999998,1,3,1.0
127,2,1152.6,953.69,98.90000000000009,87.72000000000003,1,3,1.0
127,3,1264.4,974.58,52.59999999999991,45.59999999999991,1,3,1.0
127,4,1319.99,973.0,108.27999999999997,86.58999999999992,1,3,1.0
127,6,974.3,853.36,18.300000000000068,41.879999999999995,1,9,1.0
127,7,1575.52,878.25,14.970000000000027,64.97000000000003,1,9,1.0
128,14,1594.83,903.0,19.360000000000127,24.450000000000045,1,10,1.0
128,15,969.54,898.49,22.81000000000006,18.460000000000036,1,10,1.0
128,12,0.0,888.7,121.61,136.39999999999986,1,3,1.0
128,16,1522.79,959.92,391.72,289.92999999999995,1,3,1.0
128,17,1812.65,888.77,34.51999999999998,55.389999999999986,1,9,1.0
128,18,1810.98,833.68,26.50999999999999,53.74000000000001,1,10,1.0
128,1,1064.02,952.28,77.55999999999995,59.89999999999998,1,3,1.0
128,2,1153.22,953.84,98.88999999999987,87.70999999999992,1,3,1.0
128,3,1264.4,974.7,52.59999999999991,45.59999999999991,1,3,1.0
128,4,1319.64,973.0,107.25999999999999,86.0,1,3,1.0
128,6,972.57,852.2,18.289999999999964,42.32999999999993,1,9,1.0
128,7,1579.0,877.29,15.210000000000036,65.91000000000008,1,9,1.0
129,14,1598.39,902.27,19.649999999999864,24.75999999999999,1,10,1.0
129,15,967.82,897.72,22.809999999999945,18.470000000000027,1,10,1.0
129,12,0.0,890.9,77.64,136.39999999999998,1,3,1.0
129,16,1518.39,959.66,375.81999999999994,283.4599999999999,1,3,1.0
129,17,1818.46,887.75,34.51999999999998,55.389999999999986,1,9,1.0
129,18,1816.65,832.0,26.50999999999999,53.75,1,10,1.0
129,1,1064.3,952.49,77.55999999999995,59.89999999999998,1,3,1.0
129,2,1153.52,953.88,98.90000000000009,87.70999999999992,1,3,1.0
129,3,1264.4,974.82,52.59999999999991,45.59999999999991,1,3,1.0
129,4,1319.64,973.0,106.95999999999981,85.54999999999995,1,3,1.0
129,6,970.83,851.04,18.289999999999964,42.780000000000086,1,9,1.0
129,7,1582.47,876.32,15.450000000000045,66.84999999999991,1,9,1.0
130,14,1601.95,901.54,19.930000000000064,25.07000000000005,1,10,1.0
130,15,966.11,896.96,22.809999999999945,18.459999999999923,1,10,1.0
130,16,1514.0,959.4,359.9000000000001,277.0000000000001,1,3,1.0
130,17,1824.28,886.72,34.50999999999999,55.389999999999986,1,9,1.0
130,18,1822.32,830.32,26.50999999999999,53.75,1,10,1.0
130,1,1064.58,952.7,77.56000000000017,59.89999999999998,1,3,1.0
130,2,1153.83,953.92,98.8900000000001,87.72000000000014,1,3,1.0
130,3,1264.4,974.95,52.59999999999991,45.58999999999992,1,3,1.0
130,4,1319.64,973.0,106.65999999999985,85.08999999999992,1,3,1.0
130,6,969.1,849.88,18.289999999999964,43.23000000000002,1,9,1.0
130,7,1585.95,875.36,15.680000000000064,67.78999999999996,1,9,1.0
131,14,1605.51,900.81,20.220000000000027,25.38000000000011,1,10,1.0
131,15,964.4,896.2,22.81000000000006,18.459999999999923,1,10,1.0
131,16,1510.87,959.95,353.44000000000005,274.19000000000005,1,3,1.0
131,17,1830.09,885.7,34.50999999999999,55.389999999999986,1,9,1.0
131,18,1827.99,828.65,26.50999999999999,53.74000000000001,1,10,1.0
131,1,1064.86,952.91,77.56000000000017,59.889999999999986,1,3,1.0
131,2,1154.14,953.97,98.88999999999987,87.71000000000004,1,3,1.0
131,3,1264.4,975.07,52.59999999999991,45.59999999999991,1,3,1.0
131,4,1319.64,973.0,106.3599999999999,84.6400000000001,1,3,1.0
131,6,967.36,848.72,18.289999999999964,43.66999999999996,1,9,1.0
131,7,1589.42,874.39,15.919999999999845,68.74000000000001,1,9,1.0
132,14,1609.07,900.08,20.50999999999999,25.68999999999994,1,10,1.0
132,15,962.68,895.43,22.81000000000006,18.470000000000027,1,10,1.0
132,16,1507.73,960.51,347.0,271.3800000000001,1,3,1.0
132,17,1835.9,884.68,34.50999999999999,55.3900000000001,1,9,1.0
132,18,1833.67,826.97,26.5,53.75,1,10,1.0
132,1,1065.14,953.12,77.55999999999995,59.889999999999986,1,3,1.0
132,2,1154.44,954.01,98.89999999999986,87.71000000000004,1,3,1.0
132,3,1264.4,975.19,52.59999999999991,45.59999999999991,1,3,1.0
132,4,1319.64,973.0,106.05999999999995,84.19000000000005,1,3,1.0
132,6,965.62,847.56,18.289999999999964,44.120000000000005,1,9,1.0
132,7,1592.9,873.43,16.149999999999864,69.68000000000006,1,9,1.0
133,14,1612.63,899.35,20.799999999999955,26.0,1,10,1.0
133,15,960.97,894.67,22.809999999999945,18.460000000000036,1,10,1.0
133,16,1504.6,961.06,340.5400000000002,268.57000000000016,1,3,1.0
133,17,1842.72,884.11,34.51999999999998,55.389999999999986,1,9,1.0
133,18,1840.16,825.98,26.5,53.75,1,10,1.0
133,1,1065.42,953.33,77.55999999999995,59.889999999999986,1,3,1.0
133,2,1154.75,954.05,98.8900000000001,87.71000000000004,1,3,1.0
133,3,1264.4,975.31,52.59999999999991,45.60000000000002,1,3,1.0
133,4,1319.64,973.0,105.75999999999999,83.74000000000001,1,3,1.0
133,6,963.89,846.41,18.279999999999973,44.56000000000006,1,9,1.0
133,7,1596.38,872.47,16.37999999999988,70.61000000000001,1,9,1.0
134,14,1616.19,898.62,21.079999999999927,26.309999999999945,1,10,1.0
134,15,959.26,893.9,22.81000000000006,18.470000000000027,1,10,1.0
134,16,1501.47,961.61,334.0799999999999,265.7700000000001,1,3,1.0
134,17,1849.54,883.53,34.51999999999998,55.389999999999986,1,9,1.0
134,18,1846.65,825.0,26.50999999999999,53.74000000000001,1,10,1.0
134,1,1065.69,953.54,77.56999999999994,59.889999999999986,1,3,1.0
134,2,1155.06,954.09,98.8900000000001,87.70999999999992,1,3,1.0
134,3,1264.4,975.44,52.59999999999991,45.59999999999991,1,3,1.0
134,4,1319.64,973.0,105.45999999999981,83.27999999999997,1,3,1.0
134,6,962.15,845.25,18.279999999999973,45.00999999999999,1,9,1.0
134,7,1599.85,871.5,16.63000000000011,71.55999999999995,1,9,1.0
135,14,1619.75,897.9,21.36999999999989,26.610000000000014,1,10,1.0
135,15,957.54,893.14,22.81000000000006,18.460000000000036,1,10,1.0
135,16,1498.33,962.17,327.6400000000001,262.94999999999993,1,3,1.0
135,17,1856.37,882.96,34.51000000000022,55.389999999999986,1,9,1.0
135,18,1853.15,824.01,26.5,53.75,1,10,1.0
135,1,1065.97,953.75,77.55999999999995,59.889999999999986,1,3,1.0
135,2,1155.36,954.13,98.90000000000009,87.71999999999991,1,3,1.0
135,3,1264.4,975.56,52.59999999999991,45.60000000000002,1,3,1.0
135,4,1319.64,973.0,105.15999999999985,82.82999999999993,1,3,1.0
135,6,960.42,844.09,18.270000000000095,45.45999999999992,1,9,1.0
135,7,1603.33,870.54,16.860000000000127,72.5,1,9,1.0
136,14,1623.31,897.17,21.660000000000082,26.920000000000073,1,10,1.0
136,15,955.83,892.38,22.809999999999945,18.460000000000036,1,10,1.0
136,16,1495.2,962.72,321.18000000000006,260.14999999999986,1,3,1.0
136,17,1862.54,881.31,37.950000000000045,56.72000000000003,1,9,1.0
136,18,1859.64,823.02,26.5,53.75,1,10,1.0
136,1,1066.25,953.95,77.55999999999995,59.89999999999998,1,3,1.0
136,2,1155.67,954.17,98.88999999999987,87.72000000000014,1,3,1.0
136,3,1264.4,975.68,52.59999999999991,45.60000000000002,1,3,1.0
136,4,1319.64,973.0,104.8599999999999,82.38000000000011,1,3,1.0
136,6,958.68,842.93,18.270000000000095,45.91000000000008,1,9,1.0
136,7,1606.8,869.57,17.100000000000136,73.44999999999993,1,9,1.0
137,14,1626.87,896.44,21.940000000000055,27.219999999999914,1,10,1.0
137,15,954.12,891.61,22.799999999999955,18.470000000000027,1,10,1.0
137,16,1492.07,963.27,314.72,257.3399999999999,1,3,1.0
137,17,1868.72,879.67,41.36999999999989,58.05000000000007,1,9,1.0
137,18,1866.13,822.04,26.50999999999999,53.74000000000001,1,10,1.0
137,1,1066.53,954.16,77.55999999999995,59.89999999999998,1,3,1.0
137,2,1155.98,954.22,98.88999999999987,87.71000000000004,1,3,1.0
137,3,1264.4,975.81,52.59999999999991,45.59000000000003,1,3,1.0
137,4,1319.64,973.0,104.55999999999995,81.92000000000007,1,3,1.0
137,6,956.95,841.77,18.269999999999982,46.360000000000014,1,9,1.0
137,7,1610.28,868.61,17.329999999999927,74.38,1,9,1.0
138,14,1630.43,895.71,22.230000000000018,27.529999999999973,1,10,1.0
138,15,952.4,890.85,22.81000000000006,18.459999999999923,1,10,1.0
138,16,1488.93,963.83,308.28,254.52999999999986,1,3,1.0
138,17,1874.9,878.03,44.799999999999955,59.370000000000005,1,9,1.0
138,18,1872.62,821.05,26.51000000000022,53.75,1,10,1.0
138,1,1066.81,954.37,77.55999999999995,59.89999999999998,1,3,1.0
138,2,1156.28,954.26,98.90000000000009,87.71000000000004,1,3,1.0
138,3,1264.4,975.93,52.59999999999991,45.60000000000002,1,3,1.0
138,4,1319.64,973.0,104.25999999999999,81.47000000000003,1,3,1.0
138,6,955.21,840.62,18.269999999999982,46.799999999999955,1,9,1.0
138,7,1613.75,867.64,17.569999999999936,75.33000000000004,1,9,1.0
139,14,1633.99,894.98,22.519999999999982,27.840000000000032,1,10,1.0
139,15,950.69,890.08,22.809999999999945,18.469999999999914,1,10,1.0
139,16,1485.8,964.38,301.81999999999994,251.7199999999999,1,3,1.0
139,17,1880.65,877.45,44.799999999999955,59.370000000000005,1,9,1.0
139,18,1879.45,819.0,26.5,53.74000000000001,1,10,1.0
139,1,1067.09,954.58,77.56000000000017,59.89999999999998,1,3,1.0
139,2,1156.59,954.3,98.8900000000001,87.71000000000004,1,3,1.0
139,3,1264.4,976.05,52.59999999999991,45.60000000000002,1,3,1.0
139,4,1319.64,973.0,103.95999999999981,81.01999999999998,1,3,1.0
139,6,953.48,839.46,18.25999999999999,47.25,1,9,1.0
139,7,1617.23,866.68,17.799999999999955,76.2700000000001,1,9,1.0
140,14,1637.55,894.25,22.799999999999955,28.149999999999977,1,10,1.0
140,15,948.97,889.32,22.809999999999945,18.459999999999923,1,10,1.0
140,16,1482.67,964.93,295.3599999999999,248.91999999999996,1,3,1.0
140,17,1886.41,876.87,44.799999999999955,59.379999999999995,1,9,1.0
140,18,1886.27,816.94,26.5,53.75,1,10,1.0
140,1,1067.37,954.79,77.56000000000017,59.90000000000009,1,3,1.0
140,2,1156.9,954.34,98.88999999999987,87.70999999999992,1,3,1.0
140,3,1264.4,976.17,52.59999999999991,45.60000000000002,1,3,1.0
140,4,1319.64,973.0,103.65999999999985,80.55999999999995,1,3,1.0
140,6,951.74,838.3,18.25999999999999,47.700000000000045,1,9,1.0
140,7,1620.7,865.71,18.049999999999955,77.21999999999991,1,9,1.0
141,14,1641.11,893.52,23.090000000000146,28.460000000000036,1,10,1.0
141,15,946.66,888.58,22.81000000000006,18.459999999999923,1,10,1.0
141,16,1479.53,965.49,288.9200000000001,246.0999999999999,1,3,1.0
141,17,1892.16,876.3,44.799999999999955,59.370000000000005,1,9,1.0
141,18,1893.09,814.89,26.50999999999999,53.74000000000001,1,10,1.0
141,1,1067.65,955.0,77.55999999999995,59.89999999999998,1,3,1.0
141,2,1157.2,954.38,98.89999999999986,87.71999999999991,1,3,1.0
141,3,1264.4,976.3,52.59999999999991,45.59000000000003,1,3,1.0
141,4,1319.64,973.0,103.3599999999999,80.1099999999999,1,3,1.0
141,6,949.36,836.9,18.25999999999999,48.10000000000002,1,9,1.0
141,7,1624.18,864.75,18.279999999999973,78.14999999999998,1,9,1.0
142,14,1644.67,892.79,23.37999999999988,28.769999999999982,1,10,1.0
142,15,944.34,887.83,22.809999999999945,18.469999999999914,1,10,1.0
142,16,1476.4,966.04,282.4599999999998,243.29999999999995,1,3,1.0
142,17,1899.82,874.94,44.799999999999955,59.36999999999989,1,9,1.0
142,18,1903.1,813.12,26.50999999999999,53.75,1,10,1.0
142,1,1067.93,955.21,77.55999999999995,59.89999999999998,1,3,1.0
142,2,1157.51,954.43,98.8900000000001,87.71000000000015,1,3,1.0
142,3,1264.4,976.42,52.59999999999991,45.60000000000002,1,3,1.0
142,4,1319.64,973.0,103.05999999999995,79.66000000000008,1,3,1.0
142,6,946.97,835.5,18.25999999999999,48.5,1,9,1.0
142,7,1627.66,863.78,18.50999999999999,79.10000000000002,1,9,1.0
143,14,1648.23,892.06,23.660000000000082,29.08000000000004,1,10,1.0
143,15,942.03,887.09,22.81000000000006,18.469999999999914,1,10,1.0
143,16,1473.27,966.59,276.0,240.4899999999999,1,3,1.0
143,17,1907.48,873.58,44.799999999999955,59.370000000000005,1,9,1.0
143,18,1913.12,811.35,26.5,53.75,1,10,1.0
143,1,1068.2,955.42,77.56999999999994,59.889999999999986,1,3,1.0
143,2,1157.82,954.47,98.8900000000001,87.71000000000004,1,3,1.0
143,3,1264.4,976.54,52.59999999999991,45.60000000000002,1,3,1.0
143,4,1319.64,973.0,102.75999999999999,79.21000000000004,1,3,1.0
143,6,944.59,834.1,18.25999999999999,48.89999999999998,1,9,1.0
143,7,1631.13,862.82,18.75,80.03999999999996,1,9,1.0
144,14,1651.79,891.34,23.950000000000045,29.379999999999995,1,10,1.0
144,15,939.71,886.35,22.809999999999945,18.459999999999923,1,10,1.0
144,16,1470.13,967.15,269.55999999999995,237.67999999999995,1,3,1.0
144,17,1915.13,872.22,44.799999999999955,59.379999999999995,1,9,1.0
144,18,1923.13,809.59,26.5,53.74000000000001,1,10,1.0
144,19,2274.68,793.56,105.51999999999998,171.48000000000002,1,9,1.0
144,1,1068.48,955.63,77.55999999999995,59.889999999999986,1,3,1.0
144,2,1158.13,954.51,98.88999999999987,87.71000000000004,1,3,1.0
144,3,1264.4,976.66,52.59999999999991,45.60000000000002,1,3,1.0
144,4,1319.64,973.0,102.45999999999981,78.75,1,3,1.0
144,6,942.2,832.7,18.25999999999999,49.299999999999955,1,9,1.0
144,7,1634.61,861.85,18.980000000000018,80.99000000000001,1,9,1.0
145,14,1655.35,890.61,24.24000000000001,29.68999999999994,1,10,1.0
145,15,937.4,885.61,22.81000000000006,18.460000000000036,1,10,1.0
145,16,1467.0,967.7,263.0999999999999,234.8699999999999,1,3,1.0
145,17,1924.15,871.34,46.32999999999993,60.19999999999993,1,9,1.0
145,18,1929.76,807.38,26.5,53.74000000000001,1,10,1.0
145,19,2298.86,789.17,105.51999999999998,171.48000000000002,1,9,1.0
145,1,1068.76,955.84,77.55999999999995,59.889999999999986,1,3,1.0
145,2,1158.43,954.55,98.89999999999986,87.71000000000004,1,3,1.0
145,3,1264.4,976.79,52.59999999999991,45.59000000000003,1,3,1.0
145,4,1319.64,973.0,102.15999999999985,78.29999999999995,1,3,1.0
145,6,939.82,831.3,18.25999999999999,49.700000000000045,1,9,1.0
145,7,1638.08,860.89,19.220000000000027,81.91999999999996,1,9,1.0
146,14,1658.91,889.88,24.519999999999982,30.0,1,10,1.0
146,15,935.08,884.86,22.809999999999945,18.470000000000027,1,10,1.0
146,16,1464.99,965.78,261.25,234.53999999999996,1,3,1.0
146,17,1933.16,870.45,47.8599999999999,61.02999999999997,1,9,1.0
146,18,1936.38,805.17,26.50999999999999,53.75,1,10,1.0
146,19,2318.71,784.08,105.51999999999998,171.4799999999999,1,9,1.0
146,20,1387.5,863.51,24.710000000000036,33.23000000000002,1,10,1.0
146,1,1069.04,956.05,77.55999999999995,59.8900000000001,1,3,1.0
146,2,1158.74,954.59,98.8900000000001,87.71999999999991,1,3,1.0
146,3,1264.4,976.91,52.59999999999991,45.60000000000002,1,3,1.0
146,4,1318.95,973.32,101.50999999999999,77.9799999999999,1,3,1.0
146,6,937.43,829.9,18.260000000000105,50.10000000000002,1,9,1.0
146,7,1641.56,859.93,19.460000000000036,82.86000000000001,1,9,1.0
147,14,1662.47,889.15,24.809999999999945,30.300000000000068,1,10,1.0
147,15,932.77,884.12,22.81000000000006,18.460000000000036,1,10,1.0
147,16,1462.99,963.86,259.3799999999999,234.19999999999993,1,3,1.0
147,17,1942.17,869.57,49.399999999999864,61.84999999999991,1,9,1.0
147,18,1943.01,802.96,26.5,53.75,1,10,1.0
147,19,2338.55,778.99,105.52999999999975,171.48000000000002,1,9,1.0
147,20,1388.6,862.9,24.769999999999982,33.31000000000006,1,10,1.0
147,1,1069.32,956.26,77.56000000000017,59.889999999999986,1,3,1.0
147,2,1159.05,954.64,98.8900000000001,87.70999999999992,1,3,1.0
147,3,1264.4,977.03,52.59999999999991,45.60000000000002,1,3,1.0
147,4,1318.26,973.64,100.84999999999991,77.65999999999997,1,3,1.0
147,6,935.05,828.5,18.25999999999999,50.5,1,9,1.0
147,7,1645.03,858.96,19.700000000000045,83.80999999999995,1,9,1.0
148,14,1666.03,888.42,25.100000000000136,30.610000000000014,1,10,1.0
148,15,930.45,883.38,22.809999999999945,18.460000000000036,1,10,1.0
148,16,1460.98,961.95,257.53,233.8599999999999,1,3,1.0
148,17,1951.18,868.69,50.929999999999836,62.66999999999996,1,9,1.0
148,18,1949.63,800.75,26.50999999999999,53.75,1,10,1.0
148,19,2358.4,773.9,105.52999999999975,171.48000000000002,1,9,1.0
148,20,1389.69,862.3,24.839999999999918,33.3900000000001,1,10,1.0
148,1,1069.6,956.46,77.56000000000017,59.89999999999998,1,3,1.0
148,2,1159.35,954.68,98.90000000000009,87.71000000000015,1,3,1.0
148,3,1264.4,977.16,52.59999999999991,45.59000000000003,1,3,1.0
148,4,1317.57,973.96,100.20000000000005,77.33999999999992,1,3,1.0
148,6,932.67,827.1,18.25,50.89999999999998,1,9,1.0
148,7,1648.51,858.0,19.930000000000064,84.75,1,9,1.0
149,14,1669.59,887.69,25.3900000000001,30.91999999999996,1,10,1.0
149,15,928.14,882.63,22.81000000000006,18.470000000000027,1,10,1.0
149,16,1458.97,960.03,255.67000000000007,233.51999999999998,1,3,1.0
149,17,1960.19,867.8,52.47000000000003,63.5,1,9,1.0
149,18,1959.43,798.42,27.519999999999982,55.72000000000003,1,10,1.0
149,19,2388.51,773.48,105.52999999999975,171.48000000000002,1,9,1.0
149,20,1390.79,861.69,24.90000000000009,33.469999999999914,1,10,1.0
149,1,1069.88,956.67,77.55999999999995,59.90000000000009,1,3,1.0
149,2,1159.66,954.72,98.88999999999987,87.71000000000004,1,3,1.0
149,3,1264.4,977.28,52.59999999999991,45.60000000000002,1,3,1.0
149,4,1316.89,974.29,99.53999999999996,77.00999999999999,1,3,1.0
149,6,930.28,825.7,18.25999999999999,51.299999999999955,1,9,1.0
149,7,1651.98,857.03,20.170000000000073,85.69000000000005,1,9,1.0
150,14,1674.56,886.89,25.670000000000073,31.230000000000018,1,10,1.0
150,15,925.82,881.89,22.809999999999945,18.460000000000036,1,10,1.0
150,16,1456.96,958.11,253.81999999999994,233.18999999999994,1,3,1.0
150,17,1969.21,866.92,53.99000000000001,64.32000000000005,1,9,1.0
150,18,1969.23,796.09,28.519999999999982,57.67999999999995,1,10,1.0
150,19,2418.62,773.05,105.5300000000002,171.48000000000002,1,9,1.0
150,20,1391.88,861.09,24.9699999999998,33.539999999999964,1,10,1.0
150,1,1070.16,956.88,77.55999999999995,59.89999999999998,1,3,1.0
150,2,1159.97,954.76,98.88999999999987,87.71000000000004,1,3,1.0
150,3,1264.4,977.4,52.59999999999991,45.60000000000002,1,3,1.0
150,4,1316.2,974.61,98.87999999999988,76.68999999999994,1,3,1.0
150,6,927.9,824.3,18.25,51.700000000000045,1,9,1.0
150,7,1656.46,855.73,20.420000000000073,86.93999999999994,1,9,1.0
151,14,1679.53,886.1,25.960000000000036,31.529999999999973,1,10,1.0
151,15,923.5,881.15,22.809999999999945,18.460000000000036,1,10,1.0
151,16,1454.96,956.19,251.95000000000005,232.8499999999999,1,3,1.0
151,17,1978.22,866.04,55.52999999999997,65.13999999999999,1,9,1.0
151,18,1979.03,793.76,29.529999999999973,59.64999999999998,1,10,1.0
151,19,2448.73,772.63,105.5300000000002,171.48000000000002,1,9,1.0
151,20,1392.98,860.48,25.019999999999982,33.620000000000005,1,10,1.0
151,1,1070.44,957.09,77.55999999999995,59.89999999999998,1,3,1.0
151,2,1160.27,954.8,98.90000000000009,87.72000000000003,1,3,1.0
151,3,1264.4,977.52,52.59999999999991,45.60000000000002,1,3,1.0
151,4,1315.51,974.93,98.23000000000002,76.37,1,3,1.0
151,6,925.51,822.9,18.25999999999999,52.10000000000002,1,9,1.0
151,7,1660.94,854.43,20.669999999999845,88.18000000000006,1,9,1.0
152,14,1684.5,885.3,26.25,31.840000000000032,1,10,1.0
152,15,921.19,880.4,22.809999999999945,18.470000000000027,1,10,1.0
152,16,1452.95,954.27,250.0999999999999,232.51999999999998,1,3,1.0
152,17,1987.23,865.15,57.059999999999945,65.97000000000003,1,9,1.0
152,18,1988.83,791.43,30.529999999999973,61.610000000000014,1,10,1.0
152,19,2470.15,768.6,87.98000000000002,171.48000000000002,1,9,1.0
152,20,1394.08,859.87,25.080000000000155,33.700000000000045,1,10,1.0
152,1,1070.72,957.3,77.55999999999995,59.90000000000009,1,3,1.0
152,2,1160.58,954.84,98.8900000000001,87.71999999999991,1,3,1.0
152,3,1264.4,977.65,52.59999999999991,45.59000000000003,1,3,1.0
152,4,1314.82,975.25,97.58000000000015,76.04999999999995,1,3,1.0
152,6,923.13,821.5,18.25,52.5,1,9,1.0
152,7,1665.41,853.14,20.929999999999836,89.40999999999997,1,9,1.0
153,14,1689.47,884.5,26.529999999999973,32.14999999999998,1,10,1.0
153,15,917.49,879.57,23.360000000000014,19.339999999999918,1,10,1.0
153,16,1450.94,952.36,248.25,232.16999999999996,1,3,1.0
153,17,1996.24,864.27,58.58999999999992,66.78999999999996,1,9,1.0
153,18,1998.63,789.11,31.539999999999964,63.569999999999936,1,10,1.0
153,19,2491.56,764.57,70.44000000000005,171.4799999999999,1,9,1.0
153,20,1395.17,859.27,25.149999999999864,33.76999999999998,1,10,1.0
153,1,1070.99,957.51,77.55999999999995,59.89999999999998,1,3,1.0
153,2,1160.89,954.89,98.88999999999987,87.70999999999992,1,3,1.0
153,3,1264.4,977.77,52.59999999999991,45.60000000000002,1,3,1.0
153,4,1314.14,975.57,96.90999999999985,75.7299999999999,1,3,1.0
153,6,919.55,820.03,18.790000000000077,53.32000000000005,1,9,1.0
153,7,1669.89,851.84,21.179999999999836,90.64999999999998,1,9,1.0
154,14,1694.44,883.7,26.819999999999936,32.45999999999992,1,10,1.0
154,15,913.78,878.73,23.930000000000064,20.220000000000027,1,10,1.0
154,16,1448.94,950.44,246.37999999999988,231.83999999999992,1,3,1.0
154,17,2005.25,863.38,60.13000000000011,67.62,1,9,1.0
154,18,2008.43,786.78,32.539999999999964,65.54000000000008,1,10,1.0
154,20,1396.27,858.66,25.210000000000036,33.860000000000014,1,10,1.0
154,1,1071.27,957.72,77.55999999999995,59.89999999999998,1,3,1.0
154,2,1161.19,954.93,98.89999999999986,87.71000000000015,1,3,1.0
154,3,1264.4,977.89,52.59999999999991,45.60000000000002,1,3,1.0
154,4,1313.45,975.89,96.25999999999999,75.40999999999997,1,3,1.0
154,6,915.96,818.56,19.329999999999927,54.13000000000011,1,9,1.0
154,7,1674.37,850.54,21.420000000000073,91.88999999999999,1,9,1.0
155,14,1699.87,882.99,27.12000000000012,32.76999999999998,1,10,1.0
155,15,910.08,877.9,24.479999999999905,21.090000000000032,1,10,1.0
155,16,1446.93,948.52,244.52999999999997,231.5,1,3,1.0
155,17,2014.27,862.5,61.65000000000009,68.44000000000005,1,9,1.0
155,18,2018.23,784.45,33.55000000000018,67.5,1,10,1.0
155,20,1397.37,858.06,25.27000000000021,33.930000000000064,1,10,1.0
155,1,1071.55,957.93,77.55999999999995,59.8900000000001,1,3,1.0
155,2,1161.5,954.97,98.8900000000001,87.71000000000004,1,3,1.0
155,3,1264.4,978.01,52.59999999999991,45.60000000000002,1,3,1.0
155,4,1312.76,976.22,95.6099999999999,75.07999999999993,1,3,1.0
155,6,912.38,817.08,19.870000000000005,54.95999999999992,1,9,1.0
155,7,1678.85,849.24,21.670000000000073,93.13999999999999,1,9,1.0
156,14,1705.31,882.28,27.40000000000009,33.07000000000005,1,10,1.0
156,15,906.38,877.06,25.029999999999973,21.980000000000018,1,10,1.0
156,16,1444.92,946.6,242.66999999999985,231.16999999999996,1,3,1.0
156,17,2023.28,861.62,63.18999999999983,69.25999999999999,1,9,1.0
156,18,2028.03,782.12,34.549999999999955,69.47000000000003,1,10,1.0
156,20,1398.46,857.45,25.339999999999918,34.00999999999999,1,10,1.0
156,1,1071.83,958.14,77.56000000000017,59.889999999999986,1,3,1.0
156,2,1161.81,955.01,98.8900000000001,87.71000000000004,1,3,1.0
156,3,1264.4,978.14,52.59999999999991,45.59000000000003,1,3,1.0
156,4,1312.07,976.54,94.95000000000005,74.75999999999999,1,3,1.0
156,6,908.8,815.61,20.40000000000009,55.77999999999997,1,9,1.0
156,7,1683.32,847.94,21.930000000000064,94.38,1,9,1.0
157,14,1710.75,881.57,27.680000000000064,33.379999999999995,1,10,1.0
157,15,902.68,876.22,25.590000000000032,22.860000000000014,1,10,1.0
157,16,1442.91,944.68,240.81999999999994,230.83000000000004,1,3,1.0
157,17,2032.29,860.73,64.72000000000025,70.09000000000003,1,9,1.0
157,18,2037.83,779.79,35.559999999999945,71.44000000000005,1,10,1.0
157,20,1399.56,856.85,25.40000000000009,34.07999999999993,1,10,1.0
157,1,1072.11,958.35,77.56000000000017,59.889999999999986,1,3,1.0
157,2,1162.11,955.05,98.90000000000009,87.72000000000003,1,3,1.0
157,3,1264.4,978.26,52.59999999999991,45.60000000000002,1,3,1.0
157,4,1311.38,976.86,94.29999999999995,74.43999999999994,1,3,1.0
157,6,905.22,814.14,20.93999999999994,56.59000000000003,1,9,1.0
157,7,1687.8,846.64,22.180000000000064,95.62,1,9,1.0
158,14,1716.58,880.45,27.970000000000027,33.68999999999994,1,10,1.0
158,15,898.97,875.39,26.149999999999977,23.730000000000018,1,10,1.0
158,16,1440.91,942.77,238.94999999999982,230.49,1,3,1.0
158,17,2041.3,859.85,66.25999999999999,70.90999999999997,1,9,1.0
158,18,2047.62,777.46,36.570000000000164,73.39999999999998,1,10,1.0
158,20,1400.66,856.24,25.449999999999818,34.15999999999997,1,10,1.0
158,1,1072.39,958.56,77.55999999999995,59.8900000000001,1,3,1.0
158,2,1162.42,955.1,98.88999999999987,87.70999999999992,1,3,1.0
158,3,1264.4,978.38,52.59999999999991,45.60000000000002,1,3,1.0
158,4,1310.7,977.18,93.63999999999987,74.12,1,3,1.0
158,6,901.64,812.67,21.470000000000027,57.41000000000008,1,9,1.0
158,7,1693.9,844.78,22.429999999999836,96.86000000000001,1,9,1.0
159,14,1722.41,879.33,28.25999999999999,34.0,1,10,1.0
159,15,895.27,874.55,26.700000000000045,24.610000000000014,1,10,1.0
159,16,1438.9,940.85,237.0999999999999,230.14999999999998,1,3,1.0
159,17,2050.31,858.97,67.78999999999996,71.73000000000002,1,9,1.0
159,18,2057.42,775.13,37.57999999999993,75.37,1,10,1.0
159,20,1401.75,855.64,25.519999999999982,34.24000000000001,1,10,1.0
159,1,1072.67,958.77,77.55999999999995,59.889999999999986,1,3,1.0
159,2,1162.73,955.14,98.88999999999987,87.70999999999992,1,3,1.0
159,3,1264.4,978.5,52.59999999999991,45.59999999999991,1,3,1.0
159,4,1310.01,977.5,92.98000000000002,73.79999999999995,1,3,1.0
159,6,898.05,811.19,22.020000000000095,58.239999999999895,1,9,1.0
159,7,1700.0,842.91,22.690000000000055,98.10000000000002,1,9,1.0
160,14,1728.24,878.22,28.539999999999964,34.309999999999945,1,10,1.0
160,15,891.57,873.72,27.25,25.49000000000001,1,10,1.0
160,16,1437.06,943.35,234.45000000000005,223.82000000000005,1,3,1.0
160,17,2063.74,856.85,67.79000000000042,71.73000000000002,1,9,1.0
160,18,2070.6,772.64,37.76999999999998,75.57000000000005,1,10,1.0
160,20,1402.85,855.03,25.580000000000155,34.32000000000005,1,10,1.0
160,1,1072.95,958.97,77.55999999999995,59.89999999999998,1,3,1.0
160,2,1163.03,955.18,98.90000000000009,87.71000000000015,1,3,1.0
160,3,1264.4,978.63,52.59999999999991,45.60000000000002,1,3,1.0
160,4,1309.32,977.82,92.33000000000015,73.4799999999999,1,3,1.0
160,6,894.47,809.72,22.549999999999955,59.049999999999955,1,9,1.0
160,7,1706.1,841.04,22.940000000000055,99.34000000000003,1,9,1.0
161,14,1734.07,877.1,28.830000000000155,34.620000000000005,1,10,1.0
161,15,887.87,872.88,27.809999999999945,26.370000000000005,1,10,1.0
161,16,1435.22,945.86,231.79999999999995,217.4799999999999,1,3,1.0
161,17,2077.17,854.73,67.78999999999996,71.73000000000002,1,9,1.0
161,18,2083.77,770.15,37.98000000000002,75.76999999999998,1,10,1.0
161,20,1403.94,854.42,25.649999999999864,34.40000000000009,1,10,1.0
161,1,1073.23,959.18,77.55999999999995,59.90000000000009,1,3,1.0
161,2,1163.34,955.22,98.8900000000001,87.71000000000004,1,3,1.0
161,3,1264.4,978.75,52.59999999999991,45.59999999999991,1,3,1.0
161,4,1308.63,978.15,91.67999999999984,73.14999999999998,1,3,1.0
161,6,890.89,808.25,23.08000000000004,59.870000000000005,1,9,1.0
161,7,1712.2,839.18,23.190000000000055,100.58000000000004,1,9,1.0
162,14,1739.9,875.99,29.11999999999989,34.91999999999996,1,10,1.0
162,15,884.16,872.04,28.370000000000005,27.25,1,10,1.0
162,16,1433.38,948.36,229.14999999999986,211.14999999999998,1,3,1.0
162,17,2090.6,852.61,67.78999999999996,71.73000000000002,1,9,1.0
162,18,2096.94,767.66,38.179999999999836,75.97000000000003,1,10,1.0
162,20,1405.04,853.82,25.710000000000036,34.469999999999914,1,10,1.0
162,1,1073.5,959.39,77.55999999999995,59.89999999999998,1,3,1.0
162,2,1163.65,955.26,98.88999999999987,87.72000000000003,1,3,1.0
162,3,1264.4,978.87,52.59999999999991,45.60000000000002,1,3,1.0
162,4,1307.95,978.47,91.00999999999999,72.82999999999993,1,3,1.0
162,6,887.31,806.77,23.620000000000005,60.700000000000045,1,9,1.0
162,7,1718.3,837.31,23.440000000000055,101.82000000000005,1,9,1.0
163,14,1745.73,874.87,29.40000000000009,35.23000000000002,1,10,1.0
163,15,880.46,871.21,28.91999999999996,28.120000000000005,1,10,1.0
163,16,1431.54,950.87,226.5,204.81000000000006,1,3,1.0
163,17,2102.26,852.61,67.78999999999996,71.73000000000002,1,9,1.0
163,18,2110.11,765.17,38.379999999999654,76.17000000000007,1,10,1.0
163,20,1406.14,853.21,25.769999999999982,34.549999999999955,1,10,1.0
163,1,1073.78,959.6,77.55999999999995,59.89999999999998,1,3,1.0
163,2,1163.95,955.3,98.89999999999986,87.72000000000003,1,3,1.0
163,3,1264.36,979.28,51.960000000000036,45.25,1,3,1.0
163,4,1307.26,978.79,90.3599999999999,72.50999999999999,1,3,1.0
163,6,883.73,805.3,24.149999999999977,61.50999999999999,1,9,1.0
163,7,1724.4,835.45,23.689999999999827,103.05999999999995,1,9,1.0
164,14,1752.36,874.11,29.690000000000055,35.539999999999964,1,10,1.0
164,15,876.76,870.37,29.480000000000018,29.0,1,10,1.0
164,16,1429.7,953.37,223.8499999999999,198.4799999999999,1,3,1.0
164,17,2113.93,852.61,67.7800000000002,71.73000000000002,1,9,1.0
164,18,2123.29,762.68,38.570000000000164,76.37,1,10,1.0
164,20,1407.23,852.61,25.839999999999918,34.620000000000005,1,10,1.0
164,1,1074.06,959.81,77.55999999999995,59.90000000000009,1,3,1.0
164,2,1164.26,955.35,98.8900000000001,87.70999999999992,1,3,1.0
164,3,1264.32,979.69,51.320000000000164,44.909999999999854,1,3,1.0
164,4,1306.57,979.11,89.71000000000004,72.18999999999994,1,3,1.0
164,6,880.15,803.83,24.690000000000055,62.32999999999993,1,9,1.0
164,7,1730.88,833.55,23.939999999999827,104.31000000000006,1,9,1.0
165,14,1758.99,873.35,29.980000000000018,35.85000000000002,1,10,1.0
165,15,873.06,869.54,30.030000000000086,29.879999999999995,1,10,1.0
165,16,1427.86,955.88,221.20000000000005,192.14,1,3,1.0
165,17,2128.24,851.01,67.79000000000042,71.74000000000001,1,9,1.0
165,18,2136.46,760.19,38.779999999999745,76.55999999999995,1,10,1.0
165,20,1408.33,852.0,25.90000000000009,34.710000000000036,1,10,1.0
165,1,1074.34,960.02,77.56000000000017,59.89999999999998,1,3,1.0
165,2,1164.57,955.39,98.8900000000001,87.70999999999992,1,3,1.0
165,3,1264.27,980.09,50.690000000000055,44.57000000000005,1,3,1.0
165,4,1305.88,979.43,89.05999999999995,71.87,1,3,1.0
165,6,876.56,802.35,25.230000000000018,63.15999999999997,1,9,1.0
165,7,1737.35,831.66,24.200000000000045,105.55000000000007,1,9,1.0
166,14,1765.61,872.59,30.27000000000021,36.14999999999998,1,10,1.0
166,15,869.35,868.7,30.590000000000032,30.75999999999999,1,10,1.0
166,16,1426.02,958.38,218.54999999999995,185.81000000000006,1,3,1.0
166,17,2142.55,849.42,67.78999999999996,71.74000000000001,1,9,1.0
166,18,2149.63,757.7,38.98000000000002,76.75999999999999,1,10,1.0
166,20,1409.43,851.4,25.950000000000045,34.77999999999997,1,10,1.0
166,1,1074.62,960.23,77.56000000000017,59.89999999999998,1,3,1.0
166,2,1164.87,955.43,98.90000000000009,87.71000000000015,1,3,1.0
166,3,1264.23,980.5,50.049999999999955,44.23000000000002,1,3,1.0
166,4,1305.19,979.75,88.39999999999986,71.54999999999995,1,3,1.0
166,6,872.98,800.88,25.769999999999982,63.97000000000003,1,9,1.0
166,7,1743.83,829.77,24.440000000000055,106.77999999999997,1,9,1.0
167,14,1772.24,871.83,30.559999999999945,36.45999999999992,1,10,1.0
167,15,865.65,867.86,31.149999999999977,31.639999999999986,1,10,1.0
167,16,1424.18,960.89,215.89999999999986,179.4699999999999,1,3,1.0
167,17,2156.33,846.24,67.78999999999996,71.74000000000001,1,9,1.0
167,18,2162.8,755.21,39.179999999999836,76.95999999999992,1,10,1.0
167,20,1410.52,850.79,26.019999999999982,34.860000000000014,1,10,1.0
167,1,1074.9,960.44,77.55999999999995,59.889999999999986,1,3,1.0
167,2,1165.18,955.47,98.88999999999987,87.71000000000004,1,3,1.0
167,3,1264.19,980.9,49.409999999999854,43.889999999999986,1,3,1.0
167,4,1304.51,980.08,87.74000000000001,71.21999999999991,1,3,1.0
167,6,869.4,799.41,26.300000000000068,64.79000000000008,1,9,1.0
167,7,1750.3,827.88,24.700000000000045,108.01999999999998,1,9,1.0
168,14,1780.17,870.17,28.899999999999864,36.770000000000095,1,10,1.0
168,15,859.96,866.2,31.889999999999986,32.45999999999992,1,10,1.0
168,16,1422.34,963.39,213.25,173.14,1,3,1.0
168,17,2170.12,843.06,67.7800000000002,71.74000000000001,1,9,1.0
168,18,2175.98,752.72,39.36999999999989,77.15999999999997,1,10,1.0
168,20,1411.62,850.19,26.080000000000155,34.92999999999995,1,10,1.0
168,1,1075.18,960.65,77.55999999999995,59.889999999999986,1,3,1.0
168,2,1165.49,955.51,98.8900000000001,87.72000000000003,1,3,1.0
168,3,1264.15,981.31,48.76999999999998,43.539999999999964,1,3,1.0
168,4,1303.82,980.4,87.09000000000015,70.89999999999998,1,3,1.0
168,6,863.93,796.58,27.090000000000032,66.04999999999995,1,9,1.0
168,7,1756.44,826.74,27.319999999999936,109.25999999999999,1,9,1.0
169,14,1788.1,868.51,27.24000000000001,37.07000000000005,1,10,1.0
169,15,854.27,864.54,32.629999999999995,33.26999999999998,1,10,1.0
169,16,1420.5,965.9,210.5999999999999,166.80000000000007,1,3,1.0
169,17,2191.32,842.0,67.78999999999996,71.74000000000001,1,9,1.0
169,18,2189.15,750.23,39.57999999999993,77.36000000000001,1,10,1.0
169,21,1624.85,990.71,33.210000000000036,61.1099999999999,1,7,1.0
169,20,1412.71,849.58,26.149999999999864,35.00999999999999,1,10,1.0
169,1,1075.46,960.86,77.55999999999995,59.889999999999986,1,3,1.0
169,2,1165.79,955.56,98.90000000000009,87.71000000000004,1,3,1.0
169,3,1264.1,981.72,48.1400000000001,43.200000000000045,1,3,1.0
169,4,1303.13,980.72,86.42999999999984,70.57999999999993,1,3,1.0
169,6,858.47,793.75,27.879999999999995,67.30999999999995,1,9,1.0
169,7,1762.58,825.59,29.940000000000055,110.50999999999999,1,9,1.0
170,14,1796.03,866.85,25.579999999999927,37.379999999999995,1,10,1.0
170,15,848.58,862.87,33.379999999999995,34.10000000000002,1,10,1.0
170,16,1419.82,965.71,208.25,165.23000000000002,1,3,1.0
170,17,2207.66,841.33,67.78999999999996,71.7299999999999,1,9,1.0
170,18,2202.32,747.74,39.779999999999745,77.55999999999995,1,10,1.0
170,21,1631.43,990.71,26.62999999999988,61.1099999999999,1,7,1.0
170,20,1413.81,848.97,26.210000000000036,35.10000000000002,1,10,1.0
170,1,1075.74,961.07,77.55999999999995,59.889999999999986,1,3,1.0
170,2,1166.1,955.6,98.8900000000001,87.70999999999992,1,3,1.0
170,3,1264.06,982.12,47.5,42.860000000000014,1,3,1.0
170,4,1302.44,981.04,85.77999999999997,70.25999999999999,1,3,1.0
170,6,853.0,790.92,28.66999999999996,68.57000000000005,1,9,1.0
170,7,1768.72,824.45,32.549999999999955,111.74000000000001,1,9,1.0
171,14,1804.05,865.47,25.769999999999982,37.68999999999994,1,10,1.0
171,15,842.89,861.21,34.120000000000005,34.91999999999996,1,10,1.0
171,16,1419.13,965.52,205.90999999999985,163.66000000000008,1,3,1.0
171,17,2224.0,840.65,67.78999999999996,71.74000000000001,1,9,1.0
171,18,2215.57,743.77,39.779999999999745,77.55000000000007,1,10,1.0
171,21,1638.0,990.71,20.059999999999945,61.1099999999999,1,7,1.0
171,20,1414.91,848.37,26.269999999999982,35.16999999999996,1,10,1.0
171,1,1076.01,961.28,77.56999999999994,59.889999999999986,1,3,1.0
171,2,1166.41,955.64,98.88999999999987,87.70999999999992,1,3,1.0
171,3,1264.02,982.53,46.86000000000013,42.51999999999998,1,3,1.0
171,4,1301.76,981.36,85.12000000000012,69.93999999999994,1,3,1.0
171,6,847.54,788.08,29.460000000000036,69.83999999999992,1,9,1.0
171,7,1776.48,822.14,32.930000000000064,112.99000000000001,1,9,1.0
172,14,1812.08,864.09,25.950000000000045,38.0,1,10,1.0
172,15,837.2,859.55,34.8599999999999,35.73000000000002,1,10,1.0
172,16,1418.45,965.32,203.55999999999995,162.10000000000002,1,3,1.0
172,17,2234.5,832.6,79.26999999999998,77.95999999999992,1,9,1.0
172,18,2228.83,739.79,39.7800000000002,77.56000000000006,1,10,1.0
172,21,1638.0,990.71,22.88000000000011,61.1099999999999,1,7,1.0
172,20,1416.0,847.76,26.339999999999918,35.25,1,10,1.0
172,1,1076.29,961.48,77.55999999999995,59.89999999999998,1,3,1.0
172,2,1166.71,955.68,98.89999999999986,87.71000000000015,1,3,1.0
172,3,1263.98,982.94,46.22000000000003,42.169999999999845,1,3,1.0
172,4,1301.07,981.68,84.46000000000004,69.62,1,3,1.0
172,6,842.07,785.25,30.25,71.10000000000002,1,9,1.0
172,7,1784.23,819.83,33.309999999999945,114.2299999999999,1,9,1.0
173,14,1820.1,862.71,26.1400000000001,38.309999999999945,1,10,1.0
173,15,831.52,857.88,35.60000000000002,36.56000000000006,1,10,1.0
173,16,1417.76,965.13,201.22000000000003,160.5200000000001,1,3,1.0
173,17,2254.86,829.63,79.26999999999998,77.96000000000004,1,9,1.0
173,18,2247.06,737.25,39.7800000000002,77.54999999999995,1,10,1.0
173,21,1638.0,990.71,25.700000000000045,61.1099999999999,1,7,1.0
173,20,1417.1,847.16,26.3900000000001,35.32000000000005,1,10,1.0
173,1,1077.48,962.85,76.36999999999989,58.52999999999997,1,3,1.0
173,2,1166.57,955.97,98.66000000000008,87.75,1,3,1.0
173,3,1263.93,983.34,45.58999999999992,41.83000000000004,1,3,1.0
173,4,1300.38,982.01,83.80999999999995,69.28999999999996,1,3,1.0
173,6,836.61,782.42,31.029999999999973,72.36000000000001,1,9,1.0
173,7,1791.99,817.53,33.690000000000055,115.46000000000004,1,9,1.0
174,14,1828.13,861.33,26.319999999999936,38.620000000000005,1,10,1.0
174,15,825.83,856.22,36.33999999999992,37.379999999999995,1,10,1.0
174,16,1417.08,964.94,198.87000000000012,158.95000000000005,1,3,1.0
174,17,2275.21,826.66,79.27999999999975,77.96000000000004,1,9,1.0
174,18,2265.3,734.7,39.779999999999745,77.55999999999995,1,10,1.0
174,21,1646.88,991.06,25.699999999999818,61.11000000000013,1,7,1.0
174,20,1418.2,846.55,26.450000000000045,35.40000000000009,1,10,1.0
174,1,1078.67,964.21,75.17999999999984,57.16999999999996,1,3,1.0
174,2,1166.42,956.27,98.42999999999984,87.77999999999997,1,3,1.0
174,3,1263.89,983.75,44.94999999999982,41.49000000000001,1,3,1.0
174,4,1299.69,982.33,83.15999999999985,68.96999999999991,1,3,1.0
174,6,831.14,779.59,31.83000000000004,73.62,1,9,1.0
174,7,1799.75,815.22,34.059999999999945,116.70999999999992,1,9,1.0
175,14,1837.07,859.15,26.5,38.92000000000007,1,10,1.0
175,15,820.14,854.55,37.09000000000003,38.200000000000045,1,10,1.0
175,16,1416.39,964.75,196.52999999999997,157.3800000000001,1,3,1.0
175,17,2295.57,823.69,79.26999999999998,77.95999999999992,1,9,1.0
175,18,2283.53,732.16,39.779999999999745,77.56000000000006,1,10,1.0
175,21,1651.85,990.53,25.700000000000045,61.11000000000013,1,7,1.0
175,20,1419.29,845.95,26.519999999999982,35.479999999999905,1,10,1.0
175,1,1079.87,965.57,73.98000000000002,55.809999999999945,1,3,1.0
175,2,1166.27,956.56,98.21000000000004,87.82000000000016,1,3,1.0
175,3,1263.85,984.16,44.31000000000017,41.139999999999986,1,3,1.0
175,4,1299.01,982.65,82.49000000000001,68.64999999999998,1,3,1.0
175,6,825.68,776.76,32.610000000000014,74.88,1,9,1.0
175,7,1807.51,812.91,34.430000000000064,117.95000000000005,1,9,1.0
176,14,1846.0,856.96,26.700000000000045,39.23000000000002,1,10,1.0
176,15,814.62,852.89,37.83000000000004,39.01999999999998,1,10,1.0
176,16,1415.71,964.55,194.17000000000007,155.81999999999994,1,3,1.0
176,17,2312.11,821.57,84.78999999999996,80.92999999999995,1,9,1.0
176,18,2300.5,725.79,44.440000000000055,80.51999999999998,1,10,1.0
176,21,1656.82,990.0,25.700000000000045,61.1099999999999,1,7,1.0
176,20,1420.39,845.34,26.579999999999927,35.559999999999945,1,10,1.0
176,1,1081.06,966.93,72.78999999999996,54.450000000000045,1,3,1.0
176,2,1166.13,956.85,97.9699999999998,87.85000000000002,1,3,1.0
176,3,1263.8,984.56,43.680000000000064,40.799999999999955,1,3,1.0
176,4,1298.32,982.97,81.84000000000015,68.32999999999993,1,3,1.0
176,6,819.71,774.12,33.39999999999998,76.13,1,9,1.0
176,7,1815.26,810.6,34.819999999999936,119.18999999999994,1,9,1.0
177,14,1854.94,854.78,26.87999999999988,39.52999999999997,1,10,1.0
177,15,809.11,851.23,38.569999999999936,39.84000000000003,1,10,1.0
177,16,1415.02,964.36,191.82999999999993,154.2499999999999,1,3,1.0
177,17,2328.65,819.45,90.29999999999973,83.89999999999998,1,9,1.0
177,18,2317.46,719.43,49.11000000000013,83.48000000000002,1,10,1.0
177,21,1661.79,989.46,25.700000000000045,61.1099999999999,1,7,1.0
177,20,1421.68,844.42,26.639999999999873,35.639999999999986,1,10,1.0
177,1,1082.25,968.29,71.59999999999991,53.09000000000003,1,3,1.0
177,2,1165.98,957.15,97.74000000000001,87.88,1,3,1.0
177,3,1263.76,984.97,43.039999999999964,40.460000000000036,1,3,1.0
177,4,1297.63,983.29,81.18999999999983,68.00999999999999,1,3,1.0
177,6,813.74,771.47,34.18999999999994,77.39999999999998,1,9,1.0
177,7,1823.02,808.3,35.190000000000055,120.43000000000006,1,9,1.0
178,14,1863.27,852.55,27.069999999999936,39.85000000000002,1,10,1.0
178,15,803.59,849.56,39.319999999999936,40.66000000000008,1,10,1.0
178,16,1414.34,964.17,189.48000000000002,152.67999999999995,1,3,1.0
178,17,2345.19,817.33,95.80999999999995,86.87,1,9,1.0
178,18,2334.42,713.07,53.779999999999745,86.42999999999995,1,10,1.0
178,21,1666.76,988.93,25.700000000000045,61.110000000000014,1,7,1.0
178,20,1422.97,843.51,26.710000000000036,35.710000000000036,1,10,1.0
178,1,1083.44,969.65,70.40999999999985,51.73000000000002,1,3,1.0
178,2,1165.83,957.44,97.50999999999999,87.91999999999985,1,3,1.0
178,3,1263.72,985.37,42.399999999999864,40.120000000000005,1,3,1.0
178,4,1296.94,983.61,80.52999999999997,67.68999999999994,1,3,1.0
178,6,807.77,768.83,34.98000000000002,78.65999999999997,1,9,1.0
178,7,1832.17,806.81,35.559999999999945,121.67000000000007,1,9,1.0
179,14,1871.61,850.32,27.24000000000001,40.15999999999997,1,10,1.0
179,15,798.08,847.9,40.059999999999945,41.48000000000002,1,10,1.0
179,16,1413.65,963.98,187.13999999999987,151.0999999999999,1,3,1.0
179,17,2367.35,811.79,95.80999999999995,89.80000000000007,1,9,1.0
179,18,2353.48,708.68,56.15000000000009,86.59000000000003,1,10,1.0
179,21,1675.06,989.17,25.700000000000045,61.110000000000014,1,7,1.0
179,20,1424.26,842.59,26.769999999999982,35.789999999999964,1,10,1.0
179,1,1084.63,971.02,69.2199999999998,50.360000000000014,1,3,1.0
179,2,1165.69,957.73,97.27999999999997,87.95000000000005,1,3,1.0
179,3,1263.68,985.78,41.75999999999999,39.77999999999997,1,3,1.0
179,4,1296.25,983.94,79.88000000000011,67.3599999999999,1,3,1.0
179,6,801.8,766.19,35.770000000000095,79.90999999999997,1,9,1.0
179,7,1841.31,805.31,35.950000000000045,122.91000000000008,1,9,1.0
180,14,1880.94,849.52,28.960000000000036,40.460000000000036,1,10,1.0
180,15,792.56,846.24,40.80000000000007,42.299999999999955,1,10,1.0
180,16,1412.97,963.78,184.78999999999996,149.53999999999996,1,3,1.0
180,17,2389.5,806.26,95.80999999999995,92.72000000000003,1,9,1.0
180,18,2372.53,704.28,58.539999999999964,86.75,1,10,1.0
180,21,1683.37,989.41,25.700000000000045,61.110000000000014,1,7,1.0
180,20,1425.55,841.67,26.830000000000155,35.870000000000005,1,10,1.0
180,1,1085.82,972.38,68.02999999999997,49.0,1,3,1.0
180,2,1165.54,958.03,97.04999999999995,87.98000000000002,1,3,1.0
180,3,1263.63,986.19,41.12999999999988,39.429999999999836,1,3,1.0
180,4,1295.57,984.26,79.22000000000003,67.03999999999996,1,3,1.0
180,6,795.83,763.54,36.559999999999945,81.18000000000006,1,9,1.0
180,7,1850.88,804.33,36.319999999999936,124.14999999999998,1,9,1.0
181,14,1890.27,848.72,30.680000000000064,40.76999999999998,1,10,1.0
181,15,787.05,844.57,41.54000000000008,43.120000000000005,1,10,1.0
181,16,1412.28,963.59,182.45000000000005,147.9699999999999,1,3,1.0
181,17,2411.66,800.72,95.80999999999995,95.65999999999997,1,9,1.0
181,18,2391.58,699.88,60.92000000000007,86.91999999999996,1,10,1.0
181,21,1691.67,989.64,25.699999999999818,61.110000000000014,1,7,1.0
181,20,1426.85,840.75,26.8900000000001,35.950000000000045,1,10,1.0
181,1,1087.01,973.74,66.83999999999992,47.639999999999986,1,3,1.0
181,2,1165.39,958.32,96.81999999999994,88.01999999999987,1,3,1.0
181,3,1263.59,986.59,40.49000000000001,39.09000000000003,1,3,1.0
181,4,1294.88,984.58,78.55999999999995,66.71999999999991,1,3,1.0
181,6,789.87,760.9,37.34000000000003,82.44000000000005,1,9,1.0
181,7,1860.46,803.35,36.690000000000055,125.38999999999999,1,9,1.0
182,14,1899.6,847.92,32.40000000000009,41.08000000000004,1,10,1.0
182,15,781.53,842.91,42.29000000000008,43.940000000000055,1,10,1.0
182,16,1411.6,963.4,180.10000000000014,146.39999999999998,1,3,1.0
182,17,2432.11,798.67,95.80999999999995,95.66000000000008,1,9,1.0
182,18,2417.2,686.08,60.40000000000009,99.71999999999991,1,10,1.0
182,21,1695.68,989.52,25.700000000000045,61.11000000000013,1,7,1.0
182,20,1428.14,839.84,26.949999999999818,36.00999999999999,1,10,1.0
182,1,1088.2,975.1,65.64999999999986,46.27999999999997,1,3,1.0
182,2,1165.25,958.61,96.58999999999992,88.06000000000006,1,3,1.0
182,4,1294.19,984.9,77.90999999999985,66.39999999999998,1,3,1.0
182,6,783.9,758.26,38.139999999999986,83.69000000000005,1,9,1.0
182,7,1870.03,802.37,37.069999999999936,126.63,1,9,1.0
183,14,1910.6,845.44,32.98000000000002,41.86999999999989,1,10,1.0
183,15,774.51,841.1,43.02999999999997,44.75999999999999,1,10,1.0
183,16,1409.76,963.73,179.4000000000001,146.06999999999994,1,3,1.0
183,17,2455.43,802.49,83.85000000000036,95.65999999999997,1,9,1.0
183,18,2441.8,680.99,60.399999999999636,99.72000000000003,1,10,1.0
183,21,1699.68,989.41,25.700000000000045,61.110000000000014,1,7,1.0
183,20,1429.43,838.92,27.019999999999982,36.09000000000003,1,10,1.0
183,1,1088.2,975.1,65.1099999999999,47.289999999999964,1,3,1.0
183,2,1165.1,958.9,96.36000000000013,88.09000000000003,1,3,1.0
183,4,1295.47,985.33,77.91000000000008,66.39999999999998,1,3,1.0
183,6,776.19,754.9,38.92999999999995,84.95000000000005,1,9,1.0
183,7,1880.3,798.51,38.77999999999997,129.47000000000003,1,9,1.0
184,14,1921.61,842.96,33.56000000000017,42.64999999999998,1,10,1.0
184,15,767.5,839.29,43.76999999999998,45.58000000000004,1,10,1.0
184,16,1407.92,964.06,178.69999999999982,145.74,1,3,1.0
184,17,2478.76,806.31,71.87999999999965,95.66000000000008,1,9,1.0
184,18,2466.39,675.9,60.40000000000009,99.72000000000003,1,10,1.0
184,21,1703.69,989.29,25.700000000000045,61.11000000000013,1,7,1.0
184,22,1633.1,980.45,34.090000000000146,80.59999999999991,1,7,1.0
184,20,1430.72,838.0,27.079999999999927,36.16999999999996,1,10,1.0
184,1,1088.2,975.1,64.56999999999994,48.299999999999955,1,3,1.0
184,2,1164.95,959.2,96.12999999999988,88.11999999999989,1,3,1.0
184,4,1294.41,985.38,77.89999999999986,66.39999999999998,1,3,1.0
184,6,768.49,751.54,39.72000000000003,86.21000000000004,1,9,1.0
184,7,1890.58,794.66,40.48000000000002,132.30000000000007,1,9,1.0
185,14,1932.61,840.48,34.1400000000001,43.43999999999994,1,10,1.0
185,15,760.48,837.48,44.50999999999999,46.39999999999998,1,10,1.0
185,16,1406.08,964.39,177.99,145.40999999999997,1,3,1.0
185,17,2502.08,810.12,59.92000000000007,95.65999999999997,1,9,1.0
185,18,2490.99,670.81,60.40000000000009,99.72000000000003,1,10,1.0
185,21,1710.34,989.55,25.700000000000045,61.11000000000013,1,7,1.0
185,22,1640.56,979.74,34.080000000000155,80.59999999999991,1,7,1.0
185,20,1431.86,836.92,27.38000000000011,36.66000000000008,1,10,1.0
185,1,1088.2,975.1,64.02999999999997,49.31000000000006,1,3,1.0
185,2,1164.81,959.49,95.8900000000001,88.16000000000008,1,3,1.0
185,4,1293.34,985.43,77.91000000000008,66.39999999999998,1,3,1.0
185,6,760.78,748.18,40.50999999999999,87.48000000000002,1,9,1.0
185,7,1900.86,790.81,42.190000000000055,135.12,1,9,1.0
186,14,1943.61,838.0,34.73000000000002,44.22000000000003,1,10,1.0
186,15,753.46,835.67,45.25999999999999,47.22000000000003,1,10,1.0
186,16,1404.23,964.72,177.29999999999995,145.07999999999993,1,3,1.0
186,21,1717.0,989.82,25.700000000000045,61.110000000000014,1,7,1.0
186,22,1643.93,979.83,34.08999999999992,80.60000000000002,1,7,1.0
186,20,1433.0,835.83,27.670000000000073,37.15999999999997,1,10,1.0
186,1,1088.2,975.1,63.49000000000001,50.32000000000005,1,3,1.0
186,2,1164.66,959.78,95.66999999999985,88.19000000000005,1,3,1.0
186,4,1292.28,985.49,77.90000000000009,66.40000000000009,1,3,1.0
186,6,753.08,744.82,41.289999999999964,88.7399999999999,1,9,1.0
186,7,1911.14,786.95,43.88999999999987,137.95999999999992,1,9,1.0
187,14,1954.62,835.52,35.30000000000018,45.00999999999999,1,10,1.0
187,15,746.44,833.86,46.0,48.039999999999964,1,10,1.0
187,16,1402.39,965.05,176.5999999999999,144.75,1,3,1.0
187,21,1723.66,990.09,25.699999999999818,61.110000000000014,1,7,1.0
187,22,1647.3,979.92,34.090000000000146,80.60000000000002,1,7,1.0
187,20,1434.13,834.75,27.97999999999979,37.639999999999986,1,10,1.0
187,1,1088.2,975.1,62.950000000000045,51.33000000000004,1,3,1.0
187,2,1164.51,960.08,95.44000000000005,88.21999999999991,1,3,1.0
187,4,1291.21,985.54,77.90999999999985,66.40000000000009,1,3,1.0
187,6,745.38,741.46,42.08000000000004,90.0,1,9,1.0
187,7,1921.41,783.1,45.59999999999991,140.78999999999996,1,9,1.0
188,14,1968.07,832.55,35.8900000000001,45.79000000000008,1,10,1.0
188,15,739.27,833.08,46.75,48.860000000000014,1,10,1.0
188,16,1400.55,965.38,175.9000000000001,144.41999999999996,1,3,1.0
188,21,1730.32,990.35,25.700000000000045,61.110000000000014,1,7,1.0
188,22,1650.68,980.01,34.07999999999993,80.59999999999991,1,7,1.0
188,20,1435.27,833.67,28.269999999999982,38.129999999999995,1,10,1.0
188,1,1088.2,975.1,62.409999999999854,52.35000000000002,1,3,1.0
188,2,1164.37,960.37,95.20000000000005,88.2600000000001,1,3,1.0
188,4,1290.14,985.59,77.90999999999985,66.39999999999998,1,3,1.0
188,6,740.17,744.73,42.879999999999995,91.25999999999999,1,9,1.0
188,7,1934.94,778.49,47.299999999999955,143.62,1,9,1.0
189,14,1981.53,829.57,36.47000000000003,46.57999999999993,1,10,1.0
189,15,728.79,831.38,47.49000000000001,49.67999999999995,1,10,1.0
189,16,1398.71,965.7,175.20000000000005,144.0999999999999,1,3,1.0
189,21,1737.06,990.35,25.700000000000045,61.110000000000014,1,7,1.0
189,22,1654.05,980.1,34.090000000000146,80.60000000000002,1,7,1.0
189,20,1436.41,832.59,28.569999999999936,38.610000000000014,1,10,1.0
189,1,1088.2,975.1,61.86999999999989,53.360000000000014,1,3,1.0
189,2,1164.22,960.66,94.98000000000002,88.30000000000007,1,3,1.0
189,4,1289.08,985.65,77.91000000000008,66.39999999999998,1,3,1.0
189,6,730.37,739.71,43.65999999999997,92.51999999999998,1,9,1.0
189,7,1948.46,773.87,49.0,146.45000000000005,1,9,1.0
190,14,1994.99,826.6,37.049999999999955,47.370000000000005,1,10,1.0
190,15,718.31,829.67,48.23000000000002,50.50999999999999,1,10,1.0
190,16,1396.87,966.03,174.5,143.76999999999998,1,3,1.0
190,21,1743.81,990.35,25.700000000000045,61.110000000000014,1,7,1.0
190,22,1659.02,981.16,34.08999999999992,80.60000000000002,1,7,1.0
190,20,1437.54,831.5,28.87000000000012,39.110000000000014,1,10,1.0
190,1,1088.2,975.1,61.319999999999936,54.370000000000005,1,3,1.0
190,2,1164.07,960.96,94.75,88.31999999999994,1,3,1.0
190,4,1288.01,985.7,77.91000000000008,66.39999999999986,1,3,1.0
190,6,720.57,734.7,44.44999999999993,93.77999999999997,1,9,1.0
190,7,1961.98,769.25,50.710000000000036,149.28999999999996,1,9,1.0
191,14,2008.45,823.63,37.62999999999988,48.14999999999998,1,10,1.0
191,15,707.83,827.97,48.979999999999905,51.319999999999936,1,10,1.0
191,16,1395.03,966.36,173.78999999999996,143.43999999999994,1,3,1.0
191,21,1750.91,990.89,25.699999999999818,61.110000000000014,1,7,1.0
191,22,1663.68,980.77,34.68999999999983,81.70000000000005,1,7,1.0
191,20,1438.68,830.42,29.169999999999845,39.60000000000002,1,10,1.0
191,1,1088.2,975.1,60.77999999999997,55.379999999999995,1,3,1.0
191,2,1163.93,961.25,94.50999999999999,88.3599999999999,1,3,1.0
191,4,1286.95,985.75,77.90999999999985,66.40000000000009,1,3,1.0
191,6,710.77,729.68,45.24000000000001,95.04000000000008,1,9,1.0
191,7,1975.5,764.64,52.42000000000007,152.11,1,9,1.0
192,14,2021.9,820.66,38.2199999999998,48.940000000000055,1,10,1.0
192,15,697.36,826.27,49.710000000000036,52.139999999999986,1,10,1.0
192,16,1393.18,966.69,173.0999999999999,143.1099999999999,1,3,1.0
192,21,1758.01,991.42,25.700000000000045,61.110000000000014,1,7,1.0
192,22,1668.35,980.38,35.29000000000019,82.79000000000008,1,7,1.0
192,20,1439.82,829.34,29.470000000000027,40.07999999999993,1,10,1.0
192,1,1088.2,975.1,60.24000000000001,56.389999999999986,1,3,1.0
192,2,1163.78,961.54,94.27999999999997,88.40000000000009,1,3,1.0
192,4,1285.88,985.81,77.90999999999985,66.40000000000009,1,3,1.0
192,6,700.96,724.67,46.02999999999997,96.29000000000008,1,9,1.0
192,7,1989.03,760.02,54.11000000000013,154.95000000000005,1,9,1.0
193,14,2037.79,817.07,38.789999999999964,49.729999999999905,1,10,1.0
193,15,686.47,824.13,50.45999999999992,52.960000000000036,1,10,1.0
193,16,1391.34,967.02,172.4000000000001,142.77999999999997,1,3,1.0
193,21,1765.6,991.16,27.40000000000009,62.93999999999994,1,7,1.0
193,22,1673.01,979.98,35.8900000000001,83.88999999999987,1,7,1.0
193,20,1440.96,828.26,29.75999999999999,40.57000000000005,1,10,1.0
193,1,1088.2,975.1,59.700000000000045,57.39999999999998,1,3,1.0
193,2,1163.63,961.83,94.05999999999995,88.42999999999995,1,3,1.0
193,4,1284.82,985.86,77.91000000000008,66.39999999999998,1,3,1.0
193,6,689.58,721.68,46.819999999999936,97.56000000000006,1,9,1.0
193,7,2002.55,755.4,55.819999999999936,157.77999999999997,1,9,1.0
194,14,2053.67,813.49,39.36999999999989,50.50999999999999,1,10,1.0
194,15,675.59,821.99,51.19999999999993,53.77999999999997,1,10,1.0
194,16,1389.5,967.35,171.70000000000005,142.44999999999993,1,3,1.0
194,21,1773.18,990.9,29.09999999999991,64.78000000000009,1,7,1.0
194,22,1677.68,979.59,36.48000000000002,84.9899999999999,1,7,1.0
194,20,1442.23,826.89,29.86999999999989,40.72000000000003,1,10,1.0
194,1,1087.99,975.48,59.700000000000045,57.40000000000009,1,3,1.0
194,2,1163.49,962.13,93.81999999999994,88.45999999999992,1,3,1.0
194,4,1283.75,985.91,77.91000000000008,66.39999999999998,1,3,1.0
194,6,678.2,718.69,47.59999999999991,98.81999999999994,1,9,1.0
194,7,2016.07,750.79,57.52999999999997,160.61,1,9,1.0
195,14,2069.55,809.9,39.960000000000036,51.30000000000007,1,10,1.0
195,15,664.7,819.84,51.94999999999993,54.60000000000002,1,10,1.0
195,16,1387.66,967.68,171.0,142.12,1,3,1.0
195,21,1780.77,990.65,30.789999999999964,66.60000000000002,1,7,1.0
195,22,1682.34,979.2,37.090000000000146,86.07999999999993,1,7,1.0
195,20,1443.49,825.52,29.980000000000018,40.879999999999995,1,10,1.0
195,1,1087.79,975.85,59.700000000000045,57.39999999999998,1,3,1.0
195,2,1163.34,962.42,93.59000000000015,88.50000000000011,1,3,1.0
195,4,1282.69,985.97,77.90999999999985,66.39999999999986,1,3,1.0
195,6,666.81,715.7,48.40000000000009,100.07999999999993,1,9,1.0
195,7,2029.59,746.17,59.24000000000001,163.44000000000005,1,9,1.0
196,14,2085.43,806.32,40.539999999999964,52.07999999999993,1,10,1.0
196,15,653.82,817.7,52.68999999999994,55.41999999999996,1,10,1.0
196,16,1385.82,968.01,170.29999999999995,141.78999999999996,1,3,1.0
196,21,1788.36,990.39,32.49000000000001,68.43999999999994,1,7,1.0
196,22,1687.01,978.81,37.680000000000064,87.17000000000007,1,7,1.0
196,20,1444.76,824.15,30.089999999999918,41.04000000000008,1,10,1.0
196,1,1087.58,976.23,59.700000000000045,57.40000000000009,1,3,1.0
196,2,1163.19,962.71,93.3599999999999,88.53999999999996,1,3,1.0
196,4,1281.62,986.02,77.91000000000008,66.40000000000009,1,3,1.0
196,6,655.43,712.71,49.190000000000055,101.33999999999992,1,9,1.0
196,7,2043.12,741.56,60.93000000000029,166.2700000000001,1,9,1.0
197,14,2103.26,802.65,41.11999999999989,52.860000000000014,1,10,1.0
197,15,642.94,815.55,53.41999999999996,56.25,1,10,1.0
197,16,1383.98,968.34,169.58999999999992,141.45999999999992,1,3,1.0
197,21,1795.94,990.13,34.190000000000055,70.2700000000001,1,7,1.0
197,22,1691.67,978.41,38.289999999999964,88.28000000000009,1,7,1.0
197,20,1446.03,822.78,30.190000000000055,41.190000000000055,1,10,1.0
197,1,1087.37,976.6,59.700000000000045,57.39999999999998,1,3,1.0
197,2,1163.05,963.01,93.13000000000011,88.55999999999995,1,3,1.0
197,4,1280.56,986.07,77.91000000000008,66.39999999999998,1,3,1.0
197,6,644.05,709.72,49.97000000000003,102.60000000000002,1,9,1.0
197,7,2061.2,736.82,62.64000000000033,169.0999999999999,1,9,1.0
198,14,2121.09,798.97,41.710000000000036,53.65999999999997,1,10,1.0
198,15,632.05,813.41,54.17000000000007,57.06000000000006,1,10,1.0
198,16,1382.13,968.67,168.89999999999986,141.13,1,3,1.0
198,21,1803.53,989.87,35.8900000000001,72.11000000000001,1,7,1.0
198,22,1696.34,978.02,38.88000000000011,89.37000000000012,1,7,1.0
198,23,1738.8,988.8,38.90000000000009,75.99000000000001,1,7,1.0
198,20,1447.3,821.41,30.299999999999955,41.35000000000002,1,10,1.0
198,1,1087.17,976.98,59.69999999999982,57.40000000000009,1,3,1.0
198,2,1162.9,963.3,92.89999999999986,88.60000000000014,1,3,1.0
198,4,1279.49,986.13,77.91000000000008,66.39999999999998,1,3,1.0
198,6,632.66,706.73,50.76999999999998,103.86000000000001,1,9,1.0
198,7,2079.28,732.08,64.34999999999991,171.92999999999995,1,9,1.0
199,14,2140.11,795.22,42.289999999999964,54.43999999999994,1,10,1.0
199,15,621.17,811.27,54.91000000000008,57.879999999999995,1,10,1.0
199,16,1380.29,969.0,168.20000000000005,140.79999999999995,1,3,1.0
199,21,1811.12,989.62,37.580000000000155,73.92999999999995,1,7,1.0
199,22,1703.66,977.77,39.48000000000002,90.47000000000003,1,7,1.0
199,23,1746.14,988.45,38.899999999999864,75.98000000000002,1,7,1.0
199,20,1448.57,820.03,30.40000000000009,41.50999999999999,1,10,1.0
199,1,1086.96,977.36,59.700000000000045,57.39999999999998,1,3,1.0
199,2,1162.44,963.66,92.89999999999986,88.60000000000002,1,3,1.0
199,4,1278.43,986.18,77.90999999999985,66.39999999999998,1,3,1.0
199,6,621.28,703.74,51.55000000000007,105.12,1,9,1.0
199,7,2097.36,727.34,66.04999999999973,174.76999999999998,1,9,1.0
200,14,2159.13,791.48,42.86999999999989,55.22000000000003,1,10,1.0
200,15,610.28,809.12,55.66000000000008,58.700000000000045,1,10,1.0
200,16,1378.45,969.32,167.5,140.4799999999999,1,3,1.0
200,21,1818.7,989.36,39.27999999999997,75.7700000000001,1,7,1.0
200,22,1710.98,977.52,40.07999999999993,91.55999999999995,1,7,1.0
200,23,1753.48,988.09,38.88999999999987,75.9899999999999,1,7,1.0
200,20,1449.83,818.66,30.519999999999982,41.67000000000007,1,10,1.0
200,1,1086.75,977.73,59.700000000000045,57.40000000000009,1,3,1.0
200,2,1161.97,964.02,92.89999999999986,88.59999999999991,1,3,1.0
200,4,1278.43,986.18,76.72000000000003,66.39999999999998,1,3,1.0
200,6,609.9,700.75,52.34000000000003,106.38,1,9,1.0
200,7,2115.45,722.6,67.75,177.60000000000002,1,9,1.0
201,14,2173.68,788.77,51.620000000000346,58.430000000000064,1,10,1.0
201,15,599.4,806.98,56.39999999999998,59.51999999999998,1,10,1.0
201,16,1376.61,969.65,166.80000000000018,140.14999999999998,1,3,1.0
201,21,1826.29,989.1,40.98000000000002,77.60000000000002,1,7,1.0
201,22,1718.3,977.27,40.680000000000064,92.66000000000008,1,7,1.0
201,23,1760.81,987.74,38.90000000000009,75.98000000000002,1,7,1.0
201,20,1451.1,817.29,30.62000000000012,41.82000000000005,1,10,1.0
201,1,1086.54,978.11,59.710000000000036,57.39999999999998,1,3,1.0
201,2,1161.51,964.37,92.90000000000009,88.60000000000002,1,3,1.0
201,4,1278.43,986.18,75.52999999999997,66.39999999999998,1,3,1.0
201,6,598.51,697.76,53.129999999999995,107.63999999999999,1,9,1.0
201,7,2134.1,724.94,69.30000000000018,177.15999999999997,1,9,1.0
202,14,2197.79,784.6,47.11000000000013,55.10000000000002,1,10,1.0
202,15,583.89,804.3,57.60000000000002,60.860000000000014,1,10,1.0
202,16,1374.77,969.98,166.0999999999999,139.81999999999994,1,3,1.0
202,21,1833.88,988.84,42.669999999999845,79.43999999999994,1,7,1.0
202,22,1725.62,977.02,41.2800000000002,93.75999999999999,1,7,1.0
202,23,1768.15,987.38,38.899999999999864,75.9899999999999,1,7,1.0
202,20,1452.37,815.92,30.730000000000018,41.98000000000002,1,10,1.0
202,1,1086.34,978.48,59.700000000000045,57.40000000000009,1,3,1.0
202,2,1161.05,964.73,92.90000000000009,88.59999999999991,1,3,1.0
202,4,1278.43,986.18,74.33999999999992,66.39999999999998,1,3,1.0
202,6,582.24,692.41,55.25999999999999,109.92000000000007,1,9,1.0
202,7,2152.75,712.54,73.15000000000009,189.96000000000004,1,9,1.0
203,14,2221.35,777.98,47.11000000000013,55.09000000000003,1,10,1.0
203,15,568.37,801.63,58.799999999999955,62.200000000000045,1,10,1.0
203,16,1372.93,970.31,165.38999999999987,139.49,1,3,1.0
203,21,1841.46,988.59,44.37999999999988,81.25999999999988,1,7,1.0
203,22,1732.94,976.77,41.87999999999988,94.84999999999991,1,7,1.0
203,23,1775.49,987.03,38.90000000000009,75.98000000000002,1,7,1.0
203,20,1453.68,815.0,31.319999999999936,42.370000000000005,1,10,1.0
203,1,1086.13,978.86,59.69999999999982,57.39999999999998,1,3,1.0
203,2,1160.59,965.09,92.90000000000009,88.60000000000002,1,3,1.0
203,4,1278.43,986.18,73.15999999999985,66.39999999999998,1,3,1.0
203,6,565.96,687.05,57.39999999999998,112.20000000000005,1,9,1.0
203,7,2174.84,705.98,71.64999999999964,187.31999999999994,1,9,1.0
204,14,2239.02,776.5,47.11000000000013,55.10000000000002,1,10,1.0
204,15,552.86,798.95,60.0,63.539999999999964,1,10,1.0
204,16,1371.08,970.64,164.70000000000005,139.15999999999997,1,3,1.0
204,21,1850.1,988.68,46.070000000000164,83.10000000000002,1,7,1.0
204,22,1740.25,976.52,42.49000000000001,95.95000000000005,1,7,1.0
204,23,1783.72,987.43,39.539999999999964,77.31000000000006,1,7,1.0
204,20,1455.0,814.07,31.90000000000009,42.75999999999999,1,10,1.0
204,1,1085.92,979.24,59.710000000000036,57.40000000000009,1,3,1.0
204,2,1160.12,965.45,92.90000000000009,88.59999999999991,1,3,1.0
204,4,1278.43,986.18,71.97000000000003,66.39999999999998,1,3,1.0
204,6,549.68,681.7,59.54000000000008,114.4799999999999,1,9,1.0
204,7,2193.98,705.01,70.15000000000009,184.68000000000006,1,9,1.0
205,14,2261.84,771.35,47.10999999999967,55.10000000000002,1,10,1.0
205,15,537.34,796.28,61.20999999999992,64.87,1,10,1.0
205,16,1369.24,970.97,164.0,138.82999999999993,1,3,1.0
205,21,1858.73,988.77,47.76999999999998,84.93000000000006,1,7,1.0
205,22,1747.57,976.27,43.090000000000146,97.04999999999995,1,7,1.0
205,23,1791.95,987.83,40.190000000000055,78.63999999999999,1,7,1.0
205,20,1456.32,813.14,32.47000000000003,43.15999999999997,1,10,1.0
205,1,1085.72,979.61,59.700000000000045,57.39999999999998,1,3,1.0
205,2,1159.66,965.8,92.89999999999986,88.60000000000014,1,3,1.0
205,4,1277.3,986.38,71.97000000000003,66.39999999999998,1,3,1.0
205,6,533.41,676.35,61.66000000000008,116.75,1,9,1.0
205,7,2216.81,694.71,73.78999999999996,189.39,1,9,1.0
206,14,2288.35,762.52,50.05000000000018,63.180000000000064,1,10,1.0
206,15,521.83,793.6,62.40999999999997,66.20999999999992,1,10,1.0
206,16,1367.4,971.3,163.29999999999995,138.5,1,3,1.0
206,21,1868.98,990.18,47.76999999999998,84.92999999999995,1,7,1.0
206,22,1754.89,976.03,43.679999999999836,98.13000000000011,1,7,1.0
206,23,1800.18,988.24,40.82999999999993,79.95000000000005,1,7,1.0
206,20,1457.63,812.21,33.059999999999945,43.559999999999945,1,10,1.0
206,1,1085.51,979.99,59.700000000000045,57.40000000000009,1,3,1.0
206,2,1159.2,966.16,92.89999999999986,88.60000000000002,1,3,1.0
206,4,1276.17,986.57,71.97000000000003,66.39999999999998,1,3,1.0
206,6,517.13,670.99,63.799999999999955,119.03999999999996,1,9,1.0
206,7,2249.62,691.74,72.05000000000018,191.51999999999998,1,9,1.0
207,14,2320.01,759.2,47.83999999999969,68.34999999999991,1,10,1.0
207,15,506.32,790.93,63.599999999999966,67.55000000000007,1,10,1.0
207,16,1366.59,971.82,162.08000000000015,137.59000000000003,1,3,1.0
207,21,1879.23,991.6,47.76999999999998,84.92999999999995,1,7,1.0
207,22,1762.21,975.78,44.27999999999997,99.23000000000002,1,7,1.0
207,23,1808.41,988.64,41.47000000000003,81.28000000000009,1,7,1.0
207,20,1458.95,811.28,33.63999999999987,43.960000000000036,1,10,1.0
207,1,1085.3,980.36,59.710000000000036,57.39999999999998,1,3,1.0
207,2,1158.73,966.52,92.90000000000009,88.59999999999991,1,3,1.0
207,4,1275.04,986.77,71.97000000000003,66.40000000000009,1,3,1.0
207,6,500.85,665.64,65.93999999999994,121.31000000000006,1,9,1.0
207,7,2276.3,681.81,76.89999999999964,208.8900000000001,1,9,1.0
208,14,2351.68,755.89,45.620000000000346,73.50999999999999,1,10,1.0
208,15,490.8,788.25,64.81,68.88999999999999,1,10,1.0
208,16,1365.79,972.34,160.86000000000013,136.67999999999995,1,3,1.0
208,21,1889.48,993.01,47.76999999999998,84.93000000000006,1,7,1.0
208,22,1769.53,975.53,44.88000000000011,100.32999999999993,1,7,1.0
208,23,1816.65,989.04,42.1099999999999,82.60000000000014,1,7,1.0
208,20,1460.26,810.35,34.23000000000002,44.35000000000002,1,10,1.0
208,1,1085.1,980.74,59.700000000000045,57.40000000000009,1,3,1.0
208,2,1158.27,966.88,92.90000000000009,88.60000000000002,1,3,1.0
208,4,1273.91,986.97,71.97000000000003,66.39999999999986,1,3,1.0
208,6,484.58,660.29,68.06,123.59000000000003,1,9,1.0
208,7,2286.58,673.43,86.61999999999989,211.97000000000003,1,9,1.0
209,14,2378.92,747.05,50.07999999999993,77.95000000000005,1,10,1.0
209,15,475.29,785.58,66.00999999999993,70.21999999999991,1,10,1.0
209,16,1364.98,972.86,159.63999999999987,135.7700000000001,1,3,1.0
209,21,1899.73,994.42,47.76999999999998,84.92999999999995,1,7,1.0
209,22,1776.85,975.28,45.48000000000002,101.42000000000007,1,7,1.0
209,23,1824.88,989.45,42.75,83.91999999999985,1,7,1.0
209,20,1462.06,809.34,34.38000000000011,44.52999999999997,1,10,1.0
209,1,1084.89,981.11,59.69999999999982,57.40999999999997,1,3,1.0
209,2,1157.81,967.23,92.90000000000009,88.59999999999991,1,3,1.0
209,4,1272.78,987.16,71.98000000000002,66.39999999999998,1,3,1.0
209,6,468.3,654.93,70.19999999999999,125.87,1,9,1.0
209,7,2311.29,665.13,104.51000000000022,215.37,1,9,1.0
210,15,453.03,783.01,66.01999999999998,70.22000000000003,1,10,1.0
210,16,1364.18,973.38,158.40999999999985,134.86,1,3,1.0
210,21,1909.98,995.84,47.75999999999999,84.92999999999995,1,7,1.0
210,22,1784.17,975.03,46.07999999999993,102.51999999999998,1,7,1.0
210,23,1833.11,989.85,43.3900000000001,85.24999999999989,1,7,1.0
210,20,1463.85,808.33,34.54000000000019,44.70999999999992,1,10,1.0
210,1,1084.68,981.49,59.700000000000045,57.40000000000009,1,3,1.0
210,2,1157.35,967.59,92.90000000000009,88.60000000000002,1,3,1.0
210,4,1271.65,987.36,71.98000000000002,66.39999999999998,1,3,1.0
210,6,446.05,646.16,72.12999999999994,130.36,1,9,1.0
210,7,2360.73,657.74,100.53999999999996,236.65999999999997,1,9,1.0
211,15,430.78,780.44,66.01000000000005,70.21999999999991,1,10,1.0
211,16,1363.37,973.9,157.20000000000005,133.93999999999994,1,3,1.0
211,21,1923.58,995.13,50.600000000000136,91.45999999999992,1,7,1.0
211,22,1791.49,974.78,46.680000000000064,103.62000000000012,1,7,1.0
211,23,1841.34,990.25,44.04000000000019,86.56999999999994,1,7,1.0
211,20,1465.65,807.31,34.68999999999983,44.8900000000001,1,10,1.0
211,1,1084.48,981.87,59.700000000000045,57.39999999999998,1,3,1.0
211,2,1156.88,967.95,92.89999999999986,88.59999999999991,1,3,1.0
211,4,1270.53,987.55,71.97000000000003,66.40000000000009,1,3,1.0
211,6,423.79,637.39,74.07,134.85000000000002,1,9,1.0
211,7,2395.44,649.11,96.57000000000016,229.77999999999997,1,9,1.0
212,15,408.52,777.88,66.02000000000004,70.22000000000003,1,10,1.0
212,16,1362.57,974.42,155.97000000000003,133.0300000000001,1,3,1.0
212,21,1937.19,994.42,53.419999999999845,98.00000000000011,1,7,1.0
212,22,1798.81,974.53,47.27999999999997,104.72000000000003,1,7,1.0
212,23,1849.57,990.66,44.680000000000064,87.88999999999999,1,7,1.0
212,20,1467.45,806.3,34.83999999999992,45.07000000000005,1,10,1.0
212,1,1084.27,982.24,59.700000000000045,57.40000000000009,1,3,1.0
212,2,1156.42,968.31,92.89999999999986,88.60000000000014,1,3,1.0
212,4,1269.4,987.75,71.9699999999998,66.40000000000009,1,3,1.0
212,6,401.54,628.61,76.0,139.35000000000002,1,9,1.0
212,7,2439.9,635.47,91.79999999999973,253.82999999999993,1,9,1.0
213,15,386.27,775.31,66.00999999999999,70.22000000000003,1,10,1.0
213,16,1361.76,974.94,154.75,132.1199999999999,1,3,1.0
213,21,1950.8,993.72,56.24000000000001,104.52999999999997,1,7,1.0
213,22,1806.13,974.28,47.87999999999988,105.80999999999995,1,7,1.0
213,23,1857.8,991.06,45.330000000000155,89.21000000000004,1,7,1.0
213,20,1469.24,805.29,35.0,45.24000000000001,1,10,1.0
213,1,1084.06,982.62,59.700000000000045,57.39999999999998,1,3,1.0
213,2,1155.96,968.66,92.89999999999986,88.60000000000002,1,3,1.0
213,4,1268.27,987.95,71.97000000000003,66.39999999999986,1,3,1.0
213,6,379.28,619.84,77.94000000000005,143.83999999999992,1,9,1.0
213,7,2470.8,616.47,91.19999999999982,270.42999999999995,1,9,1.0
214,15,364.01,772.74,66.01999999999998,70.22000000000003,1,10,1.0
214,16,1360.95,975.46,153.53999999999996,131.21000000000004,1,3,1.0
214,21,1964.4,993.01,59.069999999999936,111.05999999999995,1,7,1.0
214,22,1813.45,974.03,48.48000000000002,106.91000000000008,1,7,1.0
214,23,1866.03,991.46,45.97000000000003,90.53999999999996,1,7,1.0
214,20,1471.04,804.27,35.15000000000009,45.430000000000064,1,10,1.0
214,1,1083.86,982.99,59.700000000000045,57.41000000000008,1,3,1.0
214,2,1155.5,969.02,92.90000000000009,88.59999999999991,1,3,1.0
214,4,1267.14,988.14,71.9699999999998,66.39999999999998,1,3,1.0
214,6,357.03,611.07,79.87,148.32999999999993,1,9,1.0
214,7,2495.27,608.68,66.73000000000002,259.37,1,9,1.0
215,15,333.41,763.97,70.92999999999995,75.13999999999999,1,10,1.0
215,16,1360.15,975.99,152.30999999999995,130.28999999999996,1,3,1.0
215,21,1978.01,992.3,61.8900000000001,117.60000000000014,1,7,1.0
215,22,1819.82,974.1,49.080000000000155,107.99999999999989,1,7,1.0
215,23,1875.73,991.1,45.960000000000036,90.53000000000009,1,7,1.0
215,20,1473.15,802.09,35.299999999999955,45.60000000000002,1,10,1.0
215,1,1083.65,983.37,59.69999999999982,57.39999999999998,1,3,1.0
215,2,1155.03,969.38,92.90000000000009,88.60000000000002,1,3,1.0
215,4,1266.01,988.34,71.97000000000003,66.39999999999998,1,3,1.0
215,6,324.29,599.3,85.22999999999996,152.18000000000006,1,9,1.0
216,15,302.81,755.19,75.85000000000002,80.06999999999994,1,10,1.0
216,16,1359.34,976.51,151.10000000000014,129.3800000000001,1,3,1.0
216,21,1994.81,990.96,63.059999999999945,121.69000000000005,1,7,1.0
216,22,1830.42,974.1,49.07999999999993,107.99999999999989,1,7,1.0
216,23,1885.42,990.73,45.97000000000003,90.52999999999997,1,7,1.0
216,20,1475.25,799.9,35.460000000000036,45.77999999999997,1,10,1.0
216,1,1083.44,983.75,59.700000000000045,57.40000000000009,1,3,1.0
216,2,1154.57,969.74,92.90000000000009,88.59999999999991,1,3,1.0
216,4,1264.88,988.54,71.9699999999998,66.40000000000009,1,3,1.0
216,6,291.55,587.53,90.58999999999997,156.02999999999997,1,9,1.0
217,15,272.21,746.42,80.76000000000005,84.98000000000002,1,10,1.0
217,16,1358.54,977.03,149.87000000000012,128.47000000000003,1,3,1.0
217,21,2011.61,989.61,64.23000000000025,125.79000000000008,1,7,1.0
217,22,1841.02,974.1,49.07999999999993,107.99999999999989,1,7,1.0
217,23,1895.11,990.36,45.97000000000003,90.54000000000008,1,7,1.0
217,20,1476.51,795.46,35.6099999999999,49.49000000000001,1,10,1.0
217,1,1083.24,984.12,59.700000000000045,57.39999999999998,1,3,1.0
217,2,1154.11,970.09,92.90000000000009,88.60000000000002,1,3,1.0
217,4,1263.75,988.73,71.97000000000003,66.40000000000009,1,3,1.0
217,6,258.81,575.76,95.94999999999999,159.89,1,9,1.0
218,15,241.6,737.65,85.69000000000003,89.89999999999998,1,10,1.0
218,16,1357.73,977.55,148.6500000000001,127.55999999999995,1,3,1.0
218,21,2028.41,988.27,65.39999999999986,129.8800000000001,1,7,1.0
218,22,1851.63,974.1,49.07999999999993,107.99999999999989,1,7,1.0
218,23,1904.81,989.99,45.97000000000003,90.53999999999996,1,7,1.0
218,20,1477.76,791.02,35.75999999999999,53.200000000000045,1,10,1.0
218,1,1083.03,984.5,59.700000000000045,57.40000000000009,1,3,1.0
218,2,1153.64,970.45,92.89999999999986,88.59999999999991,1,3,1.0
218,4,1262.62,988.93,71.98000000000002,66.39999999999998,1,3,1.0
218,6,226.07,563.99,101.31,163.74,1,9,1.0
219,15,211.0,728.87,90.60000000000002,94.83000000000004,1,10,1.0
219,16,1356.92,978.07,147.43999999999983,126.63999999999999,1,3,1.0
219,21,2045.21,986.92,66.57000000000016,133.98000000000013,1,7,1.0
219,22,1862.23,974.1,49.07999999999993,107.99999999999989,1,7,1.0
219,23,1914.5,989.62,45.97000000000003,90.54000000000008,1,7,1.0
219,20,1479.61,788.39,35.91000000000008,53.48000000000002,1,10,1.0
219,1,1082.82,984.87,59.700000000000045,57.39999999999998,1,3,1.0
219,2,1153.18,970.81,92.89999999999986,88.60000000000014,1,3,1.0
219,4,1261.49,989.12,71.98000000000002,66.39999999999998,1,3,1.0
219,6,193.33,552.22,106.66999999999999,167.58999999999992,1,9,1.0
220,15,171.33,720.74,94.73999999999998,94.81999999999994,1,10,1.0
220,16,1356.12,978.59,146.21000000000004,125.7299999999999,1,3,1.0
220,21,2062.02,985.58,67.73000000000002,138.07000000000005,1,7,1.0
220,22,1872.83,974.1,49.080000000000155,107.99999999999989,1,7,1.0
220,23,1924.2,989.26,45.97000000000003,90.52999999999997,1,7,1.0
220,20,1481.45,785.75,36.069999999999936,53.75999999999999,1,10,1.0
220,1,1082.62,985.25,59.700000000000045,57.40000000000009,1,3,1.0
220,2,1152.72,971.17,92.89999999999986,88.60000000000002,1,3,1.0
220,4,1260.37,989.32,71.97000000000003,66.39999999999998,1,3,1.0
220,6,161.11,533.96,95.96999999999997,167.58999999999992,1,9,1.0
221,15,131.65,712.6,98.9,94.82999999999993,1,10,1.0
221,16,1355.31,979.11,144.99,124.82000000000005,1,3,1.0
221,21,2078.82,984.24,68.90999999999985,142.16000000000008,1,7,1.0
221,22,1885.07,972.8,51.27999999999997,113.42000000000007,1,7,1.0
221,23,1937.69,988.47,47.700000000000045,94.50999999999999,1,7,1.0
221,20,1483.3,783.12,36.22000000000003,54.02999999999997,1,10,1.0
221,1,1082.41,985.63,59.69999999999982,57.39999999999998,1,3,1.0
221,2,1152.26,971.53,92.90000000000009,88.60000000000014,1,3,1.0
221,4,1259.24,989.52,71.97000000000003,66.40000000000009,1,3,1.0
221,6,128.88,515.69,85.27000000000001,167.58999999999992,1,9,1.0
222,15,91.98,704.47,103.04,94.81999999999994,1,10,1.0
222,16,1354.51,979.63,143.76999999999998,123.90999999999997,1,3,1.0
222,21,2095.62,982.89,70.07999999999993,146.2600000000001,1,7,1.0
222,22,1897.3,971.51,53.5,118.82999999999993,1,7,1.0
222,23,1951.18,987.68,49.429999999999836,98.49000000000012,1,7,1.0
222,20,1485.9,781.31,36.37999999999988,54.31000000000006,1,10,1.0
222,1,1082.2,986.0,59.700000000000045,57.40000000000009,1,3,1.0
222,2,1151.79,971.88,92.90000000000009,88.60000000000002,1,3,1.0
222,4,1258.11,989.71,71.97000000000003,66.39999999999986,1,3,1.0
222,6,96.66,497.43,74.57,167.58999999999997,1,9,1.0
223,15,52.3,696.33,107.2,94.82999999999993,1,10,1.0
223,16,1353.7,980.15,142.54999999999995,123.00000000000011,1,3,1.0
223,21,2112.42,981.55,71.25,150.35000000000014,1,7,1.0
223,22,1909.53,970.22,55.710000000000036,124.24000000000001,1,7,1.0
223,23,1964.68,986.89,51.149999999999864,102.46999999999991,1,7,1.0
223,20,1488.51,779.5,36.52999999999997,54.59000000000003,1,10,1.0
223,1,1082.0,986.38,59.700000000000045,57.39999999999998,1,3,1.0
223,2,1151.33,972.24,92.90000000000009,88.59999999999991,1,3,1.0
223,4,1256.98,989.91,71.97000000000003,66.39999999999998,1,3,1.0
223,6,64.44,479.17,63.870000000000005,167.58999999999997,1,9,1.0
224,15,26.15,688.2,83.49000000000001,94.82999999999993,1,10,1.0
224,16,1352.89,980.67,141.32999999999993,122.09000000000003,1,3,1.0
224,21,2129.22,980.2,72.42000000000007,154.45000000000005,1,7,1.0
224,22,1921.76,968.93,57.92000000000007,129.64999999999998,1,7,1.0
224,23,1978.17,986.1,52.87999999999988,106.44999999999993,1,7,1.0
224,20,1491.12,777.69,36.680000000000064,54.8599999999999,1,10,1.0
224,1,1081.79,986.75,59.700000000000045,57.40000000000009,1,3,1.0
224,2,1150.87,972.6,92.90000000000009,88.60000000000002,1,3,1.0
224,4,1255.85,990.11,71.97000000000003,66.39999999999998,1,3,1.0
224,6,32.22,460.91,53.17,167.58999999999997,1,9,1.0
225,15,0.0,680.06,59.77,94.83000000000004,1,10,1.0
225,16,1352.09,981.19,140.11000000000013,121.17999999999984,1,3,1.0
225,21,2150.69,978.86,73.57999999999993,158.54000000000008,1,7,1.0
225,22,1934.0,967.63,60.13000000000011,135.07000000000005,1,7,1.0
225,23,1991.66,985.32,54.6099999999999,110.41999999999996,1,7,1.0
225,20,1493.33,776.29,36.840000000000146,55.15000000000009,1,10,1.0
225,1,1081.58,987.13,59.700000000000045,57.39999999999998,1,3,1.0
225,2,1150.4,972.96,92.89999999999986,88.59999999999991,1,3,1.0
225,4,1254.72,990.3,71.97000000000003,66.40000000000009,1,3,1.0
225,6,0.0,442.64,42.46,167.59000000000003,1,9,1.0
226,16,1351.28,981.71,138.8900000000001,120.26999999999998,1,3,1.0
226,21,2172.15,977.51,74.75999999999976,162.6400000000001,1,7,1.0
226,22,1946.23,966.34,62.33999999999992,140.4799999999999,1,7,1.0
226,23,2005.16,984.53,56.33999999999992,114.40000000000009,1,7,1.0
226,20,1495.54,774.9,36.99000000000001,55.42000000000007,1,10,1.0
226,1,1081.38,987.51,59.69999999999982,57.40000000000009,1,3,1.0
226,2,1149.94,973.31,92.89999999999986,88.60000000000014,1,3,1.0
226,4,1253.59,990.5,71.97000000000003,66.40000000000009,1,3,1.0
227,16,1350.48,982.23,137.66000000000008,119.3599999999999,1,3,1.0
227,21,2197.09,977.21,75.92000000000007,166.73000000000002,1,7,1.0
227,22,1958.46,965.05,64.54999999999995,145.8900000000001,1,7,1.0
227,23,2018.65,983.74,58.06999999999971,118.37999999999988,1,7,1.0
227,20,1497.76,773.5,37.1400000000001,55.700000000000045,1,10,1.0
227,1,1081.17,987.88,59.69999999999982,57.39999999999998,1,3,1.0
227,2,1149.48,973.67,92.90000000000009,88.60000000000002,1,3,1.0
227,4,1252.46,990.7,71.98000000000002,66.39999999999986,1,3,1.0
228,16,1349.67,982.75,136.44999999999982,118.44000000000005,1,3,1.0
228,21,2222.03,976.9,77.08999999999969,170.83000000000004,1,7,1.0
228,22,1970.7,963.76,66.75999999999999,151.29999999999995,1,7,1.0
228,23,2032.15,982.95,59.789999999999964,122.3599999999999,1,7,1.0
228,20,1499.12,771.53,38.600000000000136,58.610000000000014,1,10,1.0
228,1,1080.96,988.26,59.700000000000045,57.40000000000009,1,3,1.0
228,2,1149.02,974.03,92.90000000000009,88.60000000000014,1,3,1.0
228,4,1251.33,990.89,71.98000000000002,66.39999999999998,1,3,1.0
229,16,1348.86,983.27,135.23000000000002,117.52999999999997,1,3,1.0
229,21,2246.96,976.6,78.26999999999998,174.91999999999996,1,7,1.0
229,22,1982.93,962.46,68.97000000000003,156.72000000000003,1,7,1.0
229,23,2045.64,982.16,61.519999999999754,126.34000000000003,1,7,1.0
229,20,1500.48,769.56,40.059999999999945,61.510000000000105,1,10,1.0
229,1,1080.76,988.63,59.700000000000045,57.39999999999998,1,3,1.0
229,2,1148.55,974.39,92.90000000000009,88.60000000000002,1,3,1.0
229,4,1250.21,991.09,71.97000000000003,66.39999999999998,1,3,1.0
230,16,1348.06,983.79,134.0,116.62000000000012,1,3,1.0
230,21,2271.9,976.3,79.42999999999984,179.01,1,7,1.0
230,22,1995.16,961.17,71.18000000000006,162.13,1,7,1.0
230,23,2063.09,981.38,63.25,130.31000000000006,1,7,1.0
230,20,1503.2,767.08,40.24000000000001,61.83999999999992,1,10,1.0
230,1,1080.55,989.01,59.700000000000045,57.40000000000009,1,3,1.0
230,2,1148.09,974.74,92.90000000000009,88.59999999999991,1,3,1.0
230,4,1249.08,991.28,71.97000000000003,66.40000000000009,1,3,1.0
231,16,1347.25,984.31,132.78999999999996,115.71000000000004,1,3,1.0
231,21,2300.65,976.45,80.59999999999991,183.1099999999999,1,7,1.0
231,22,2012.36,959.88,73.3900000000001,167.54000000000008,1,7,1.0
231,23,2080.54,980.59,64.98000000000002,134.29000000000008,1,7,1.0
231,20,1505.92,764.59,40.419999999999845,62.18999999999994,1,10,1.0
231,1,1080.34,989.39,59.700000000000045,57.39999999999998,1,3,1.0
231,2,1147.63,975.1,92.89999999999986,88.60000000000002,1,3,1.0
231,4,1247.95,991.48,71.97000000000003,66.40000000000009,1,3,1.0
232,16,1346.45,984.84,131.55999999999995,114.79000000000008,1,3,1.0
232,21,2329.41,976.61,81.76999999999998,187.18999999999994,1,7,1.0
232,22,2029.55,958.59,75.60000000000014,172.94999999999993,1,7,1.0
232,23,2097.99,979.8,66.71000000000004,138.26999999999998,1,7,1.0
232,20,1509.16,763.42,40.6099999999999,62.530000000000086,1,10,1.0
232,1,1080.13,989.76,59.70999999999981,57.40000000000009,1,3,1.0
232,2,1147.17,975.46,92.89999999999986,88.59999999999991,1,3,1.0
232,4,1246.82,991.68,71.97000000000003,66.39999999999998,1,3,1.0
233,16,1345.64,985.36,130.3499999999999,113.88,1,3,1.0
233,21,2358.16,976.76,82.94000000000005,191.28999999999996,1,7,1.0
233,22,2046.74,957.29,77.81999999999994,178.37000000000012,1,7,1.0
233,23,2116.61,979.01,68.44000000000005,142.25,1,7,1.0
233,20,1512.4,762.26,40.799999999999955,62.870000000000005,1,10,1.0
233,1,1079.93,990.14,59.700000000000045,57.39999999999998,1,3,1.0
233,2,1146.7,975.82,92.89999999999986,88.60000000000002,1,3,1.0
233,4,1245.69,991.87,71.97000000000003,66.39999999999998,1,3,1.0
234,16,1344.84,985.88,129.12000000000012,112.96999999999991,1,3,1.0
234,21,2397.47,981.03,73.86000000000013,195.3800000000001,1,7,1.0
234,22,2069.71,957.37,80.01999999999998,183.7800000000001,1,7,1.0
234,23,2141.0,979.6,70.17000000000007,146.2199999999999,1,7,1.0
234,20,1515.65,761.1,40.98000000000002,63.20999999999992,1,10,1.0
234,1,1079.72,990.51,59.700000000000045,57.40000000000009,1,3,1.0
234,2,1146.24,976.17,92.90000000000009,88.60000000000002,1,3,1.0
234,4,1244.56,992.07,71.97000000000003,66.39999999999998,1,3,1.0
235,16,1344.03,986.4,127.90000000000009,112.06000000000006,1,3,1.0
235,21,2436.79,985.29,64.76000000000022,199.49,1,7,1.0
235,22,2088.87,956.18,82.23000000000002,189.18999999999994,1,7,1.0
235,23,2165.21,978.91,71.90000000000009,150.18999999999994,1,7,1.0
235,20,1518.89,759.93,41.169999999999845,63.55000000000007,1,10,1.0
235,1,1079.51,990.89,59.710000000000036,57.39999999999998,1,3,1.0
235,2,1145.78,976.53,92.90000000000009,88.60000000000014,1,3,1.0
235,4,1243.43,992.27,71.97000000000003,66.40000000000009,1,3,1.0
236,16,1343.22,986.92,126.69000000000005,111.13999999999999,1,3,1.0
236,21,2476.1,989.56,55.68000000000029,203.58000000000015,1,7,1.0
236,22,2108.02,954.98,84.44000000000005,194.6099999999999,1,7,1.0
236,23,2189.42,978.21,73.61999999999989,154.18000000000006,1,7,1.0
236,20,1522.61,755.97,41.350000000000136,63.889999999999986,1,10,1.0
236,1,1079.31,991.27,59.700000000000045,57.40000000000009,1,3,1.0
236,2,1145.31,976.89,92.90000000000009,88.60000000000002,1,3,1.0
236,4,1242.3,992.46,71.98000000000002,66.39999999999986,1,3,1.0
237,16,1342.42,987.44,125.46000000000004,110.23000000000002,1,3,1.0
237,21,2515.41,993.83,46.590000000000146,207.66999999999996,1,7,1.0
237,22,2132.74,953.79,86.65000000000009,200.01999999999998,1,7,1.0
237,23,2216.81,977.53,75.34999999999991,158.1500000000001,1,7,1.0
237,20,1526.32,752.01,41.539999999999964,64.23000000000002,1,10,1.0
237,1,1079.1,991.64,59.700000000000045,57.39999999999998,1,3,1.0
237,2,1144.85,977.25,92.90000000000009,88.59999999999991,1,3,1.0
237,4,1241.17,992.66,71.98000000000002,66.39999999999998,1,3,1.0
238,16,1341.61,987.96,124.24000000000001,109.31999999999994,1,3,1.0
238,22,2157.46,952.59,88.86000000000013,205.43999999999994,1,7,1.0
238,23,2243.46,976.84,77.07000000000016,162.13,1,7,1.0
238,20,1530.04,748.04,41.72000000000003,64.58000000000004,1,10,1.0
238,1,1078.89,992.02,59.69999999999982,57.40000000000009,1,3,1.0
238,2,1144.39,977.61,92.89999999999986,88.60000000000002,1,3,1.0
238,4,1240.04,992.86,71.98000000000002,66.39999999999998,1,3,1.0
239,16,1340.81,988.48,123.01999999999998,108.41000000000008,1,3,1.0
239,22,2184.58,950.69,91.07000000000016,210.8499999999999,1,7,1.0
239,23,2272.5,976.85,78.80999999999995,166.11,1,7,1.0
239,20,1533.75,744.08,41.91000000000008,64.90999999999997,1,10,1.0
239,1,1078.69,992.39,59.700000000000045,57.39999999999998,1,3,1.0
239,2,1143.93,977.96,92.89999999999986,88.59999999999991,1,3,1.0
239,4,1238.92,993.05,71.97000000000003,66.40000000000009,1,3,1.0
240,16,1340.0,989.0,121.79999999999995,107.5,1,3,1.0
240,22,2211.7,948.79,93.2800000000002,216.26,1,7,1.0
240,23,2301.55,976.87,80.52999999999975,170.08000000000004,1,7,1.0
240,20,1537.47,740.12,42.08999999999992,65.25,1,10,1.0
240,1,1078.48,992.77,59.700000000000045,57.40000000000009,1,3,1.0
240,2,1143.46,978.32,92.89999999999986,88.60000000000002,1,3,1.0
240,4,1237.79,993.25,71.97000000000003,66.40000000000009,1,3,1.0
241,16,1337.88,988.65,123.03999999999996,107.50000000000011,1,3,1.0
241,22,2241.62,949.82,95.49000000000024,221.66999999999996,1,7,1.0
241,23,2333.77,979.3,82.26999999999998,174.06999999999994,1,7,1.0
241,20,1542.04,737.08,42.27999999999997,65.59999999999991,1,10,1.0
241,1,1078.65,991.99,59.69999999999982,57.40000000000009,1,3,1.0
241,2,1143.22,977.77,92.89999999999986,88.59999999999991,1,3,1.0
241,4,1236.55,992.72,71.97000000000003,66.39999999999986,1,3,1.0
242,16,1335.76,988.29,124.27999999999997,107.5,1,3,1.0
242,22,2271.54,950.84,97.69999999999982,227.08000000000004,1,7,1.0
242,23,2366.0,981.74,83.98999999999978,178.03999999999996,1,7,1.0
242,20,1546.61,734.04,42.460000000000036,65.94000000000005,1,10,1.0
242,1,1078.82,991.2,59.700000000000045,57.399999999999864,1,3,1.0
242,2,1142.99,977.23,92.90000000000009,88.59999999999991,1,3,1.0
242,4,1235.31,992.19,71.98000000000002,66.39999999999986,1,3,1.0
243,16,1333.64,987.94,125.51999999999998,107.5,1,3,1.0
243,22,2301.46,951.87,99.90999999999985,232.4899999999999,1,7,1.0
243,23,2398.23,984.17,85.7199999999998,182.0200000000001,1,7,1.0
243,20,1551.18,731.01,42.649999999999864,66.27999999999997,1,10,1.0
243,1,1078.99,990.42,59.700000000000045,57.39999999999998,1,3,1.0
243,2,1142.75,976.68,92.90000000000009,88.60000000000002,1,3,1.0
243,4,1234.08,991.66,71.97000000000003,66.39999999999998,1,3,1.0
244,16,1331.52,987.59,126.75999999999999,107.49999999999989,1,3,1.0
244,22,2331.38,952.89,102.11999999999989,237.90999999999997,1,7,1.0
244,23,2430.45,986.61,87.45000000000027,185.9899999999999,1,7,1.0
244,20,1555.76,727.97,42.82999999999993,66.62,1,10,1.0
244,1,1079.16,989.63,59.69999999999982,57.39999999999998,1,3,1.0
244,2,1142.51,976.14,92.90000000000009,88.60000000000002,1,3,1.0
244,4,1232.84,991.13,71.97000000000003,66.39999999999998,1,3,1.0
245,16,1329.4,987.23,128.0,107.5,1,3,1.0
245,22,2368.48,952.45,102.13000000000011,237.90999999999985,1,7,1.0
245,23,2464.47,982.63,75.48000000000002,185.9899999999999,1,7,1.0
245,20,1560.33,724.94,43.00999999999999,66.95999999999992,1,10,1.0
245,1,1079.33,988.85,59.700000000000045,57.39999999999998,1,3,1.0
245,2,1142.27,975.59,92.90000000000009,88.60000000000002,1,3,1.0
245,4,1231.6,990.6,71.97000000000003,66.39999999999998,1,3,1.0
246,16,1330.17,984.68,128.0,107.50000000000011,1,3,1.0
246,22,2405.59,952.01,102.11999999999989,237.91000000000008,1,7,1.0
246,23,2498.48,978.65,63.51999999999998,186.0000000000001,1,7,1.0
246,20,1564.9,721.9,43.19999999999982,67.30000000000007,1,10,1.0
246,1,1079.5,988.07,59.700000000000045,57.39999999999998,1,3,1.0
246,2,1142.03,975.05,92.90000000000009,88.60000000000014,1,3,1.0
246,4,1231.7,989.62,71.98000000000002,66.39999999999998,1,3,1.0
247,16,1330.93,982.12,128.01,107.49999999999989,1,3,1.0
247,22,2451.39,945.9,102.13000000000011,237.90999999999997,1,7,1.0
247,20,1564.31,714.21,54.350000000000136,75.70999999999992,1,10,1.0
247,1,1079.67,987.28,59.69999999999982,57.40000000000009,1,3,1.0
247,2,1141.79,974.5,92.90000000000009,88.59999999999991,1,3,1.0
247,4,1231.81,988.65,71.97000000000003,66.39999999999998,1,3,1.0
248,16,1330.19,981.78,128.01,107.5,1,3,1.0
248,22,2484.98,945.9,77.01999999999998,237.90999999999997,1,7,1.0
248,20,1563.71,706.52,65.50999999999999,84.13,1,10,1.0
248,1,1079.84,986.5,59.700000000000045,57.40000000000009,1,3,1.0
248,2,1141.55,973.96,92.90000000000009,88.59999999999991,1,3,1.0
248,4,1231.91,987.68,71.97000000000003,66.39999999999998,1,3,1.0
249,16,1329.46,981.44,128.0,107.5,1,3,1.0
249,20,1569.65,702.7,65.89999999999986,84.63,1,10,1.0
249,1,1080.01,985.71,59.710000000000036,57.399999999999864,1,3,1.0
249,2,1141.32,973.41,92.90000000000009,88.60000000000002,1,3,1.0
249,4,1232.01,986.71,71.97000000000003,66.39999999999986,1,3,1.0
250,16,1328.72,981.1,128.0,107.49999999999989,1,3,1.0
250,20,1575.59,698.88,66.30000000000018,85.13,1,10,1.0
250,1,1080.18,984.93,59.710000000000036,57.39999999999998,1,3,1.0
250,2,1141.08,972.87,92.90000000000009,88.60000000000002,1,3,1.0
250,4,1232.11,985.74,71.97000000000003,66.40000000000009,1,3,1.0
251,16,1327.98,980.76,128.0,107.5,1,3,1.0
251,20,1581.53,695.06,66.70000000000005,85.63000000000011,1,10,1.0
251,1,1080.36,984.15,59.700000000000045,57.39999999999998,1,3,1.0
251,2,1140.84,972.32,92.90000000000009,88.60000000000002,1,3,1.0
251,4,1232.21,984.77,71.98000000000002,66.40000000000009,1,3,1.0
252,16,1327.24,980.41,128.0,107.50000000000011,1,3,1.0
252,20,1587.02,690.33,67.09999999999991,86.12,1,10,1.0
252,1,1080.53,983.36,59.700000000000045,57.39999999999998,1,3,1.0
252,2,1140.6,971.78,92.90000000000009,88.60000000000014,1,3,1.0
252,4,1232.32,983.8,71.97000000000003,66.40000000000009,1,3,1.0
253,16,1326.5,980.07,128.0,107.49999999999989,1,3,1.0
253,20,1592.52,685.6,67.5,86.62,1,10,1.0
253,1,1080.7,982.58,59.700000000000045,57.39999999999998,1,3,1.0
253,2,1140.36,971.23,92.90000000000009,88.59999999999991,1,3,1.0
253,4,1232.42,982.82,71.97000000000003,66.39999999999998,1,3,1.0
254,16,1325.76,979.73,128.0,107.5,1,3,1.0
254,20,1601.14,678.78,67.90999999999985,87.12,1,10,1.0
254,1,1080.87,981.79,59.700000000000045,57.40000000000009,1,3,1.0
254,2,1140.12,970.68,92.90000000000009,88.60000000000002,1,3,1.0
254,4,1232.52,981.85,71.97000000000003,66.39999999999998,1,3,1.0
255,16,1325.02,979.39,128.01,107.50000000000011,1,3,1.0
255,20,1606.28,673.74,68.29999999999995,87.62,1,10,1.0
255,1,1081.04,981.01,59.700000000000045,57.40000000000009,1,3,1.0
255,2,1139.88,970.14,92.89999999999986,88.60000000000002,1,3,1.0
255,4,1232.62,980.88,71.98000000000002,66.39999999999998,1,3,1.0
256,16,1324.29,979.05,128.0,107.5,1,3,1.0
256,20,1611.41,668.7,68.69999999999982,88.12,1,10,1.0
256,1,1081.1,980.6,59.63000000000011,57.26999999999987,1,3,1.0
256,2,1139.88,969.82,92.72999999999979,88.4799999999999,1,3,1.0
256,4,1232.5,980.75,70.84999999999991,65.28999999999996,1,3,1.0
257,16,1323.55,978.71,128.0,107.5,1,3,1.0
257,20,1616.54,663.66,69.10000000000014,88.62,1,10,1.0
257,1,1081.16,980.18,59.569999999999936,57.14999999999998,1,3,1.0
257,2,1139.88,969.5,92.55999999999995,88.34999999999991,1,3,1.0
257,4,1232.37,980.63,69.73000000000002,64.15999999999997,1,3,1.0
258,16,1322.81,978.37,128.0,107.49999999999989,1,3,1.0
258,20,1625.63,658.74,69.5,89.12,1,10,1.0
258,1,1081.22,979.77,59.5,57.01999999999998,1,3,1.0
258,2,1139.87,969.18,92.40000000000009,88.23000000000013,1,3,1.0
258,4,1232.24,980.5,68.61999999999989,63.039999999999964,1,3,1.0
259,16,1322.07,978.03,128.0,107.5,1,3,1.0
259,20,1634.72,653.82,69.89999999999986,89.6099999999999,1,10,1.0
259,1,1081.29,979.35,59.430000000000064,56.89999999999998,1,3,1.0
259,2,1139.87,968.86,92.23000000000002,88.11000000000001,1,3,1.0
259,4,1232.11,980.37,67.5,61.92999999999995,1,3,1.0
260,16,1321.33,977.69,128.0,107.5,1,3,1.0
260,20,1640.23,650.21,70.29999999999995,90.12,1,10,1.0
260,1,1081.35,978.94,59.36000000000013,56.76999999999998,1,3,1.0
260,2,1139.87,968.55,92.06000000000017,87.98000000000002,1,3,1.0
260,4,1231.98,980.24,66.37999999999988,60.809999999999945,1,3,1.0
261,16,1320.59,977.35,128.0,107.49999999999989,1,3,1.0
261,20,1645.74,646.61,70.70000000000005,90.61000000000001,1,10,1.0
261,1,1081.41,978.53,59.299999999999955,56.6400000000001,1,3,1.0
261,2,1139.86,968.23,91.90000000000009,87.8599999999999,1,3,1.0
261,4,1231.86,980.11,65.25999999999999,59.69999999999993,1,3,1.0
262,16,1319.85,977.01,128.01,107.5,1,3,1.0
262,20,1651.25,643.0,71.09999999999991,91.11000000000001,1,10,1.0
262,1,1081.47,978.11,59.23000000000002,56.520000000000095,1,3,1.0
262,2,1139.86,967.91,91.73000000000002,87.73000000000013,1,3,1.0
262,4,1231.73,979.99,64.13999999999987,58.569999999999936,1,3,1.0
263,16,1319.12,976.66,128.0,107.50000000000011,1,3,1.0
263,20,1658.77,637.6,71.5,91.61000000000001,1,10,1.0
263,1,1081.54,977.7,59.16000000000008,56.38999999999987,1,3,1.0
263,2,1139.86,967.59,91.56000000000017,87.61000000000001,1,3,1.0
263,4,1231.6,979.86,63.0300000000002,57.45999999999992,1,3,1.0
264,16,1318.38,976.32,128.0,107.49999999999989,1,3,1.0
264,20,1666.29,632.21,71.90000000000009,92.11000000000001,1,10,1.0
264,1,1081.6,977.28,59.090000000000146,56.26999999999998,1,3,1.0
264,2,1139.85,967.27,91.40000000000009,87.49000000000001,1,3,1.0
264,4,1231.47,979.73,61.91000000000008,56.33999999999992,1,3,1.0
265,16,1317.64,975.98,128.0,107.5,1,3,1.0
265,20,1673.81,626.81,72.29999999999995,92.61000000000001,1,10,1.0
265,1,1081.66,976.87,59.02999999999997,56.129999999999995,1,3,1.0
265,2,1139.85,966.95,91.22000000000003,87.36999999999989,1,3,1.0
265,4,1231.34,979.6,60.79000000000019,55.229999999999905,1,3,1.0
266,16,1316.79,975.73,128.0,107.5,1,3,1.0
266,20,1682.04,620.29,72.70000000000005,93.11000000000001,1,10,1.0
266,1,1081.72,976.45,58.960000000000036,56.00999999999999,1,3,1.0
266,2,1139.84,966.63,91.06000000000017,87.25000000000011,1,3,1.0
266,4,1231.22,979.47,59.67000000000007,54.1099999999999,1,3,1.0
267,16,1315.93,975.47,128.01,107.5,1,3,1.0
267,20,1690.27,613.77,73.09999999999991,93.61000000000001,1,10,1.0
267,1,1081.79,976.04,58.8900000000001,55.88000000000011,1,3,1.0
267,2,1139.84,966.31,90.8900000000001,87.12000000000012,1,3,1.0
267,4,1231.09,979.35,58.55000000000018,52.989999999999895,1,3,1.0
268,16,1315.08,975.21,128.0,107.5,1,3,1.0
268,20,1699.88,606.54,73.5,94.10000000000002,1,10,1.0
268,1,1081.85,975.63,58.820000000000164,55.750000000000114,1,3,1.0
268,2,1139.84,966.0,90.72000000000003,86.99000000000001,1,3,1.0
268,4,1230.96,979.22,57.430000000000064,51.86999999999989,1,3,1.0
269,16,1314.23,974.96,128.0,107.5,1,3,1.0
269,20,1709.5,599.3,73.90000000000009,94.61000000000001,1,10,1.0
269,1,1081.91,975.21,58.75999999999999,55.62999999999988,1,3,1.0
269,2,1139.83,965.68,90.56000000000017,86.87,1,3,1.0
269,4,1230.83,979.09,56.320000000000164,50.75999999999988,1,3,1.0
270,16,1313.38,974.7,128.0,107.5,1,3,1.0
270,20,1723.66,588.17,74.29999999999995,95.11000000000001,1,10,1.0
270,1,1081.97,974.8,58.700000000000045,55.5,1,3,1.0
270,2,1139.83,965.36,90.3900000000001,86.74999999999989,1,3,1.0
270,4,1230.71,978.96,55.190000000000055,49.63999999999987,1,3,1.0
271,16,1312.53,974.45,128.0,107.5,1,3,1.0
271,20,1732.07,582.31,74.70000000000005,95.60000000000002,1,10,1.0
271,1,1082.04,974.38,58.62000000000012,55.379999999999995,1,3,1.0
271,2,1139.83,965.04,90.22000000000003,86.62000000000012,1,3,1.0
271,4,1230.58,978.84,54.080000000000155,48.51999999999987,1,3,1.0
272,16,1311.91,974.31,126.92999999999984,106.49000000000001,1,3,1.0
272,20,1740.48,576.44,75.09999999999991,96.09999999999991,1,10,1.0
272,1,1082.1,973.97,58.56000000000017,55.25,1,3,1.0
272,2,1139.82,964.72,90.06000000000017,86.5,1,3,1.0
272,4,1229.95,978.15,54.07999999999993,48.520000000000095,1,3,1.0
273,16,1311.3,974.18,125.85000000000014,105.46000000000015,1,3,1.0
273,20,1748.89,570.57,75.5,96.59999999999991,1,10,1.0
273,1,1082.16,973.56,58.49000000000001,55.12000000000012,1,3,1.0
273,2,1139.82,964.4,89.8900000000001,86.38,1,3,1.0
273,4,1229.33,977.47,54.080000000000155,48.51999999999998,1,3,1.0
274,16,1310.69,974.05,124.76999999999998,104.44000000000005,1,3,1.0
274,20,1757.3,564.7,75.90000000000009,97.09999999999991,1,10,1.0
274,1,1082.23,973.14,58.42000000000007,55.000000000000114,1,3,1.0
274,2,1139.81,964.08,89.73000000000002,86.25999999999988,1,3,1.0
274,4,1228.7,976.79,54.07999999999993,48.51999999999998,1,3,1.0
275,16,1310.08,973.91,123.69000000000005,103.42999999999995,1,3,1.0
275,20,1770.84,553.84,78.92000000000007,100.48000000000002,1,10,1.0
275,1,1082.29,972.73,58.350000000000136,54.86999999999989,1,3,1.0
275,2,1139.81,963.76,89.54999999999995,86.1400000000001,1,3,1.0
275,4,1228.08,976.11,54.080000000000155,48.520000000000095,1,3,1.0
276,16,1309.46,973.78,122.61999999999989,102.41000000000008,1,3,1.0
276,20,1784.37,542.97,81.95000000000005,103.86000000000001,1,10,1.0
276,1,1082.35,972.31,58.29000000000019,54.75,1,3,1.0
276,2,1139.81,963.45,89.38000000000011,86.0,1,3,1.0
276,4,1227.45,975.43,54.07999999999993,48.520000000000095,1,3,1.0
277,16,1308.85,973.64,121.54000000000019,101.39999999999998,1,3,1.0
277,20,1797.91,532.1,84.97000000000003,107.25,1,10,1.0
277,1,1082.41,971.9,58.22000000000003,54.620000000000005,1,3,1.0
277,2,1139.8,963.13,89.22000000000003,85.88,1,3,1.0
277,4,1226.83,974.75,54.080000000000155,48.51999999999998,1,3,1.0
278,16,1308.24,973.51,120.46000000000004,100.38000000000011,1,3,1.0
278,20,1811.45,521.24,87.99000000000001,110.62,1,10,1.0
278,1,1082.48,971.49,58.15000000000009,54.49000000000001,1,3,1.0
278,2,1139.8,962.81,89.04999999999995,85.75999999999999,1,3,1.0
278,4,1226.2,974.06,54.07999999999993,48.520000000000095,1,3,1.0
279,16,1307.63,973.38,119.37999999999988,99.36000000000001,1,3,1.0
279,20,1824.98,510.37,91.01999999999998,114.00999999999999,1,10,1.0
279,1,1082.54,971.07,58.07999999999993,54.370000000000005,1,3,1.0
279,2,1139.8,962.49,88.88000000000011,85.6400000000001,1,3,1.0
279,4,1225.58,973.38,54.080000000000155,48.51999999999998,1,3,1.0
280,16,1307.01,973.24,118.31999999999994,98.33999999999992,1,3,1.0
280,20,1838.52,499.51,94.03999999999996,117.38,1,10,1.0
280,24,302.33,918.1,31.970000000000027,80.95999999999992,1,7,1.0
280,1,1082.6,970.66,58.01999999999998,54.24000000000012,1,3,1.0
280,2,1139.79,962.17,88.72000000000003,85.5200000000001,1,3,1.0
280,4,1224.95,972.7,54.07999999999993,48.51999999999998,1,3,1.0
281,16,1306.4,973.11,117.24000000000001,97.32000000000005,1,3,1.0
281,20,1852.06,488.64,97.05999999999995,120.76999999999998,1,10,1.0
281,24,296.15,917.89,31.970000000000027,80.95000000000005,1,7,1.0
281,1,1082.66,970.24,57.94999999999982,54.11999999999989,1,3,1.0
281,2,1139.79,961.85,88.54999999999995,85.38999999999999,1,3,1.0
281,4,1223.99,972.19,54.069999999999936,48.51999999999998,1,3,1.0
282,16,1305.79,972.98,116.16000000000008,96.29999999999995,1,3,1.0
282,20,1865.6,477.78,100.08000000000015,124.13999999999999,1,10,1.0
282,24,289.98,917.68,31.95999999999998,80.95000000000005,1,7,1.0
282,1,1082.73,969.83,57.87999999999988,53.979999999999905,1,3,1.0
282,2,1139.78,961.53,88.3900000000001,85.26999999999998,1,3,1.0
282,4,1223.02,971.68,54.07999999999993,48.520000000000095,1,3,1.0
283,16,1305.18,972.84,115.07999999999993,95.29000000000008,1,3,1.0
283,20,1879.13,466.91,103.1099999999999,127.53000000000003,1,10,1.0
283,24,281.03,916.97,31.970000000000027,80.94999999999993,1,7,1.0
283,1,1082.79,969.42,57.809999999999945,53.85000000000002,1,3,1.0
283,2,1139.78,961.22,88.22000000000003,85.13999999999987,1,3,1.0
283,4,1222.06,971.17,54.070000000000164,48.520000000000095,1,3,1.0
284,16,1304.56,972.71,114.00999999999999,94.26999999999998,1,3,1.0
284,20,1897.02,452.93,106.13000000000011,130.91000000000003,1,10,1.0
284,24,272.08,916.26,31.970000000000027,80.95000000000005,1,7,1.0
284,1,1082.85,969.0,57.75,53.73000000000002,1,3,1.0
284,2,1139.78,960.9,88.03999999999996,85.0200000000001,1,3,1.0
284,4,1221.09,970.66,54.080000000000155,48.51999999999998,1,3,1.0
285,16,1303.95,972.58,112.93000000000006,93.24999999999989,1,3,1.0
285,20,1914.9,438.96,109.15999999999985,134.28000000000003,1,10,1.0
285,24,263.13,915.54,31.970000000000027,80.96000000000004,1,7,1.0
285,1,1082.91,968.59,57.679999999999836,53.60000000000002,1,3,1.0
285,2,1139.77,960.58,87.88000000000011,84.88999999999999,1,3,1.0
285,4,1220.12,970.14,54.080000000000155,48.51999999999998,1,3,1.0
286,16,1303.34,972.44,111.85000000000014,92.24000000000001,1,3,1.0
286,20,1932.79,424.98,112.18000000000006,137.65999999999997,1,10,1.0
286,24,254.4,914.48,31.97,80.94999999999993,1,7,1.0
286,1,1082.98,968.17,57.6099999999999,53.48000000000002,1,3,1.0
286,2,1139.77,960.26,87.71000000000004,84.76999999999998,1,3,1.0
286,4,1219.16,969.63,54.07999999999993,48.51999999999998,1,3,1.0
287,16,1302.73,972.31,110.76999999999998,91.22000000000003,1,3,1.0
287,20,1950.67,411.0,115.21000000000004,141.03999999999996,1,10,1.0
287,24,245.66,913.41,31.97,80.96000000000004,1,7,1.0
287,1,1083.04,967.76,57.539999999999964,53.35000000000002,1,3,1.0
287,2,1139.77,959.94,87.53999999999996,84.64999999999986,1,3,1.0
287,4,1218.19,969.12,54.07999999999993,48.51999999999998,1,3,1.0
288,16,1302.11,972.17,109.70000000000005,90.19999999999993,1,3,1.0
288,20,1964.36,393.27,118.23000000000025,144.43000000000006,1,10,1.0
288,24,236.93,912.35,31.96999999999997,80.94999999999993,1,7,1.0
288,1,1083.1,967.34,57.48000000000002,53.23000000000002,1,3,1.0
288,2,1139.76,959.62,87.38000000000011,84.53000000000009,1,3,1.0
288,4,1217.23,968.61,54.069999999999936,48.51999999999998,1,3,1.0
289,16,1301.5,972.04,108.61999999999989,89.18000000000006,1,3,1.0
289,20,1986.69,379.21,121.25999999999976,147.8,1,10,1.0
289,24,228.19,911.28,31.970000000000027,80.96000000000004,1,7,1.0
289,1,1083.16,966.93,57.409999999999854,53.10000000000002,1,3,1.0
289,2,1139.76,959.3,87.21000000000004,84.41000000000008,1,3,1.0
289,4,1216.26,968.1,54.07999999999993,48.51999999999998,1,3,1.0
290,16,1300.89,971.91,107.54999999999995,88.15999999999997,1,3,1.0
290,20,2009.03,365.14,124.27000000000021,151.19000000000005,1,10,1.0
290,24,219.36,911.28,31.97,80.96000000000004,1,7,1.0
290,1,1083.23,966.52,57.33999999999992,52.97000000000003,1,3,1.0
290,2,1139.76,958.98,87.03999999999996,84.27999999999997,1,3,1.0
290,4,1215.94,967.94,53.26999999999998,48.32999999999993,1,3,1.0
291,16,1300.28,971.77,106.47000000000003,87.15000000000009,1,3,1.0
291,20,2031.37,351.08,127.28999999999996,154.57,1,10,1.0
291,24,210.89,911.28,31.970000000000027,80.96000000000004,1,7,1.0
291,1,1083.29,966.1,57.26999999999998,52.85000000000002,1,3,1.0
291,2,1139.75,958.67,86.88000000000011,84.14999999999998,1,3,1.0
291,4,1215.61,967.79,52.460000000000036,48.129999999999995,1,3,1.0
292,16,1299.66,971.64,105.39999999999986,86.13,1,3,1.0
292,20,2056.58,333.98,130.32000000000016,157.95,1,10,1.0
292,24,202.42,911.28,31.97,80.96000000000004,1,7,1.0
292,1,1083.35,965.69,57.210000000000036,52.719999999999914,1,3,1.0
292,2,1139.75,958.35,86.71000000000004,84.03000000000009,1,3,1.0
292,4,1215.29,967.63,51.65000000000009,47.940000000000055,1,3,1.0
293,16,1299.05,971.51,104.31999999999994,85.1099999999999,1,3,1.0
293,20,2081.79,316.88,133.3499999999999,161.32999999999998,1,10,1.0
293,24,191.38,909.81,31.97,80.96000000000004,1,7,1.0
293,1,1083.41,965.27,57.13999999999987,52.60000000000002,1,3,1.0
293,2,1139.74,958.03,86.54999999999995,83.91000000000008,1,3,1.0
293,4,1214.96,967.47,50.83999999999992,47.75,1,3,1.0
294,16,1298.44,971.37,103.24000000000001,84.10000000000002,1,3,1.0
294,20,2105.91,296.71,136.37000000000035,164.71000000000004,1,10,1.0
294,24,182.54,909.81,31.97,80.96000000000004,1,7,1.0
294,1,1083.48,964.86,57.069999999999936,52.47000000000003,1,3,1.0
294,2,1139.74,957.71,86.36999999999989,83.78999999999996,1,3,1.0
294,4,1214.64,967.32,50.02999999999997,47.559999999999945,1,3,1.0
295,16,1297.83,971.24,102.16000000000008,83.06999999999994,1,3,1.0
295,20,2141.02,276.53,139.38999999999987,168.09000000000003,1,10,1.0
295,24,168.7,909.81,45.81,80.96000000000004,1,7,1.0
295,1,1083.54,964.45,57.0,52.33999999999992,1,3,1.0
295,2,1139.74,957.39,86.20000000000005,83.65999999999997,1,3,1.0
295,4,1214.31,967.16,49.23000000000002,47.370000000000005,1,3,1.0
296,16,1297.21,971.1,101.08999999999992,82.06000000000006,1,3,1.0
296,20,2176.12,256.35,142.42000000000007,171.46999999999997,1,10,1.0
296,25,1406.23,962.69,20.8599999999999,37.42999999999995,1,7,1.0
296,24,162.31,909.81,45.81,80.96000000000004,1,7,1.0
296,1,1083.6,964.03,56.940000000000055,52.22000000000003,1,3,1.0
296,2,1139.73,957.07,86.03999999999996,83.53999999999985,1,3,1.0
296,4,1213.98,967.01,48.42000000000007,47.16999999999996,1,3,1.0
297,16,1296.6,970.97,100.00999999999999,81.03999999999996,1,3,1.0
297,20,2211.23,236.18,145.44000000000005,174.84999999999997,1,10,1.0
297,25,1407.07,962.58,20.860000000000127,37.42999999999995,1,7,1.0
297,24,155.92,909.81,45.81,80.96000000000004,1,7,1.0
297,1,1083.66,963.62,56.86999999999989,52.09000000000003,1,3,1.0
297,2,1139.73,956.75,85.86999999999989,83.42000000000007,1,3,1.0
297,4,1213.66,966.85,47.6099999999999,46.98000000000002,1,3,1.0
298,16,1295.99,970.84,98.93000000000006,80.01999999999987,1,3,1.0
298,20,2246.34,216.0,148.46000000000004,178.23000000000002,1,10,1.0
298,25,1407.9,962.47,20.8599999999999,37.41999999999996,1,7,1.0
298,24,138.02,909.81,45.81999999999999,80.96000000000004,1,7,1.0
298,1,1083.73,963.2,56.799999999999955,51.969999999999914,1,3,1.0
298,2,1139.73,956.44,85.70000000000005,83.28999999999996,1,3,1.0
298,4,1213.33,966.69,46.81000000000017,46.789999999999964,1,3,1.0
299,16,1295.38,970.7,97.84999999999991,79.00999999999999,1,3,1.0
299,20,2287.56,174.36,170.59000000000015,195.21999999999997,1,10,1.0
299,25,1408.74,962.36,20.8599999999999,37.41999999999996,1,7,1.0
299,24,131.38,909.81,45.81,80.96000000000004,1,7,1.0
299,1,1083.79,962.79,56.73000000000002,51.83000000000004,1,3,1.0
299,2,1139.72,956.12,85.53999999999996,83.16999999999996,1,3,1.0
299,4,1213.01,966.54,45.99000000000001,46.59000000000003,1,3,1.0
300,16,1294.76,970.57,96.78999999999996,77.9899999999999,1,3,1.0
300,20,2331.93,147.48,171.55000000000018,196.28,1,10,1.0
300,25,1409.58,962.24,20.860000000000127,37.42999999999995,1,7,1.0
300,24,123.2,907.77,45.80999999999999,80.95000000000005,1,7,1.0
300,1,1083.85,962.38,56.67000000000007,51.700000000000045,1,3,1.0
300,2,1139.72,955.8,85.36999999999989,83.03999999999996,1,3,1.0
300,4,1212.68,966.38,45.18999999999983,46.40999999999997,1,3,1.0
301,16,1294.15,970.44,95.70999999999981,76.97000000000003,1,3,1.0
301,20,2376.3,120.59,172.5,197.35,1,10,1.0
301,25,1410.41,962.13,20.8599999999999,37.42999999999995,1,7,1.0
301,24,111.44,909.3,45.81,80.95000000000005,1,7,1.0
301,1,1083.91,961.96,56.59999999999991,51.57999999999993,1,3,1.0
301,2,1139.71,955.48,85.21000000000004,82.92000000000007,1,3,1.0
301,4,1212.36,966.22,44.37000000000012,46.22000000000003,1,3,1.0
302,16,1293.54,970.3,94.63000000000011,75.95000000000005,1,3,1.0
302,20,2421.89,90.2,133.51000000000022,197.34000000000003,1,10,1.0
302,25,1411.25,962.02,20.8599999999999,37.430000000000064,1,7,1.0
302,24,100.7,903.67,45.80999999999999,80.96000000000004,1,7,1.0
302,1,1083.98,961.55,56.52999999999997,51.450000000000045,1,3,1.0
302,2,1139.71,955.16,85.03999999999996,82.80000000000007,1,3,1.0
302,4,1212.03,966.07,43.569999999999936,46.01999999999998,1,3,1.0
303,16,1292.93,970.17,93.54999999999995,74.92999999999995,1,3,1.0
303,20,2467.47,59.81,94.5300000000002,197.33999999999997,1,10,1.0
303,25,1412.09,961.91,20.860000000000127,37.430000000000064,1,7,1.0
303,24,91.5,902.1,45.81,84.56999999999994,1,7,1.0
303,1,1084.04,961.13,56.47000000000003,51.33000000000004,1,3,1.0
303,2,1139.71,954.84,84.86999999999989,82.67999999999995,1,3,1.0
303,4,1211.71,965.91,42.75999999999999,45.83000000000004,1,3,1.0
304,16,1292.31,970.03,92.48000000000002,73.92000000000007,1,3,1.0
304,20,2421.89,90.2,133.51000000000022,197.34000000000003,1,10,1.0
304,25,1412.92,961.8,20.8599999999999,37.430000000000064,1,7,1.0
304,24,76.16,902.1,45.81,84.56999999999994,1,7,1.0
304,1,1084.1,960.72,56.40000000000009,51.19999999999993,1,3,1.0
304,2,1139.7,954.52,84.70000000000005,82.54999999999995,1,3,1.0
304,4,1211.38,965.76,41.94999999999982,45.629999999999995,1,3,1.0
305,16,1291.7,969.9,91.39999999999986,72.89999999999998,1,3,1.0
305,25,1413.76,961.69,20.8599999999999,37.41999999999996,1,7,1.0
305,24,66.44,902.1,45.81,84.56999999999994,1,7,1.0
305,1,1084.16,960.31,56.33999999999992,51.07000000000005,1,3,1.0
305,2,1139.7,954.2,84.52999999999997,82.43000000000006,1,3,1.0
305,4,1211.06,965.6,41.1400000000001,45.43999999999994,1,3,1.0
306,16,1291.37,969.27,90.85000000000014,72.99000000000001,1,3,1.0
306,25,1414.59,961.58,20.87000000000012,37.41999999999996,1,7,1.0
306,24,73.09,900.57,45.81,84.56999999999994,1,7,1.0
306,1,1084.23,959.89,56.25999999999999,50.950000000000045,1,3,1.0
306,2,1139.7,953.89,84.3599999999999,82.30000000000007,1,3,1.0
306,4,1210.73,964.74,43.299999999999955,45.950000000000045,1,3,1.0
307,16,1291.04,968.65,90.30999999999995,73.07000000000005,1,3,1.0
307,25,1415.43,961.46,20.8599999999999,37.42999999999995,1,7,1.0
307,24,40.37,900.57,45.81000000000001,84.56999999999994,1,7,1.0
307,1,1084.29,959.48,56.200000000000045,50.819999999999936,1,3,1.0
307,2,1139.69,953.57,84.20000000000005,82.17999999999995,1,3,1.0
307,4,1210.41,963.88,45.44999999999982,46.47000000000003,1,3,1.0
308,16,1290.71,968.02,89.75999999999999,73.16000000000008,1,3,1.0
308,25,1416.22,961.2,20.8599999999999,37.42999999999995,1,7,1.0
308,24,28.61,901.59,45.81,84.56999999999994,1,7,1.0
308,1,1084.35,959.06,56.13000000000011,50.700000000000045,1,3,1.0
308,2,1139.69,953.25,84.02999999999997,82.05999999999995,1,3,1.0
308,4,1210.08,963.02,47.61000000000013,46.98000000000002,1,3,1.0
309,16,1290.38,967.4,89.2199999999998,73.25000000000011,1,3,1.0
309,25,1417.01,960.94,20.8599999999999,37.42999999999995,1,7,1.0
309,24,16.85,902.61,45.809999999999995,84.56999999999994,1,7,1.0
309,1,1084.41,958.65,56.069999999999936,50.57000000000005,1,3,1.0
309,2,1139.69,952.93,83.8599999999999,81.92999999999995,1,3,1.0
309,4,1209.75,962.15,49.76999999999998,47.5,1,3,1.0
310,16,1290.05,966.77,88.67000000000007,73.33999999999992,1,3,1.0
310,25,1417.8,960.68,20.860000000000127,37.42000000000007,1,7,1.0
310,24,8.42,902.61,41.97,84.56999999999994,1,7,1.0
310,1,1084.48,958.23,55.99000000000001,50.44999999999993,1,3,1.0
310,2,1139.68,952.61,83.70000000000005,81.81000000000006,1,3,1.0
310,4,1209.43,961.29,51.919999999999845,48.00999999999999,1,3,1.0
311,16,1289.72,966.14,88.12999999999988,73.42999999999995,1,3,1.0
311,25,1418.59,960.41,20.860000000000127,37.430000000000064,1,7,1.0
311,24,0.0,902.61,38.12,84.56999999999994,1,7,1.0
311,1,1084.54,957.82,55.930000000000064,50.319999999999936,1,3,1.0
311,2,1139.68,952.29,83.52999999999997,81.69000000000005,1,3,1.0
311,4,1209.1,960.43,54.080000000000155,48.520000000000095,1,3,1.0
312,16,1289.39,965.52,87.57999999999993,73.50999999999999,1,3,1.0
312,25,1419.38,960.15,20.8599999999999,37.430000000000064,1,7,1.0
312,24,0.0,901.59,27.89,84.56999999999994,1,7,1.0
312,1,1084.6,957.41,55.86000000000013,50.190000000000055,1,3,1.0
312,2,1139.67,951.97,83.36999999999989,81.56999999999994,1,3,1.0
312,4,1208.72,960.02,54.07999999999993,48.51999999999998,1,3,1.0
313,16,1289.06,964.89,87.03999999999996,73.60000000000002,1,3,1.0
313,25,1420.17,959.89,20.8599999999999,37.41999999999996,1,7,1.0
313,24,0.0,901.59,14.09,84.56999999999994,1,7,1.0
313,1,1084.66,956.99,55.799999999999955,50.069999999999936,1,3,1.0
313,2,1139.67,951.65,83.19999999999982,81.44999999999993,1,3,1.0
313,4,1208.34,959.61,54.070000000000164,48.51999999999998,1,3,1.0
314,16,1288.74,964.27,86.48000000000002,73.68000000000006,1,3,1.0
314,25,1420.96,959.62,20.8599999999999,37.42999999999995,1,7,1.0
314,1,1084.73,956.58,55.72000000000003,49.93999999999994,1,3,1.0
314,2,1139.67,951.34,83.01999999999998,81.31000000000006,1,3,1.0
314,4,1207.95,959.2,54.07999999999993,48.51999999999998,1,3,1.0
315,16,1288.41,963.64,85.92999999999984,73.7700000000001,1,3,1.0
315,25,1422.18,959.42,20.8599999999999,37.430000000000064,1,7,1.0
315,1,1084.79,956.16,55.66000000000008,49.82000000000005,1,3,1.0
315,2,1139.66,951.02,82.8599999999999,81.19000000000005,1,3,1.0
315,4,1207.57,958.8,54.080000000000155,48.50999999999999,1,3,1.0
316,16,1288.08,963.02,85.3900000000001,73.86000000000013,1,3,1.0
316,25,1423.41,959.22,20.8599999999999,37.41999999999996,1,7,1.0
316,1,1084.85,955.75,55.590000000000146,49.690000000000055,1,3,1.0
316,2,1139.66,950.7,82.68999999999983,81.06999999999994,1,3,1.0
316,4,1207.19,958.39,54.069999999999936,48.51999999999998,1,3,1.0
317,16,1287.75,962.39,84.83999999999992,73.94999999999993,1,3,1.0
317,25,1424.64,959.01,20.8599999999999,37.430000000000064,1,7,1.0
317,1,1084.91,955.34,55.52999999999997,49.549999999999955,1,3,1.0
317,2,1139.66,950.38,82.51999999999998,80.94999999999993,1,3,1.0
317,4,1206.8,957.98,54.080000000000155,48.51999999999998,1,3,1.0
318,16,1287.42,961.76,84.29999999999995,74.03999999999996,1,3,1.0
318,25,1425.86,958.81,20.860000000000127,37.42000000000007,1,7,1.0
318,1,1084.98,954.92,55.450000000000045,49.430000000000064,1,3,1.0
318,2,1139.65,950.06,82.3599999999999,80.82000000000016,1,3,1.0
318,4,1206.42,957.57,54.07999999999993,48.51999999999998,1,3,1.0
319,16,1287.09,961.14,83.75,74.12,1,3,1.0
319,25,1427.09,958.6,20.860000000000127,37.42999999999995,1,7,1.0
319,1,1085.04,954.51,55.3900000000001,49.299999999999955,1,3,1.0
319,2,1139.65,949.74,82.18999999999983,80.70000000000005,1,3,1.0
319,4,1206.04,957.16,54.069999999999936,48.51999999999998,1,3,1.0
320,16,1286.76,960.51,83.21000000000004,74.21000000000004,1,3,1.0
320,25,1428.32,958.4,20.860000000000127,37.42000000000007,1,7,1.0
320,1,1085.1,954.09,55.320000000000164,49.17999999999995,1,3,1.0
320,2,1139.64,949.42,82.02999999999997,80.58000000000004,1,3,1.0
320,4,1205.65,956.75,54.07999999999993,48.51999999999998,1,3,1.0
321,16,1286.43,959.89,82.65999999999985,74.29000000000008,1,3,1.0
321,25,1429.37,958.05,20.860000000000127,37.42000000000007,1,7,1.0
321,1,1085.16,953.68,55.25999999999999,49.05000000000007,1,3,1.0
321,2,1139.64,949.11,81.8599999999999,80.44999999999993,1,3,1.0
321,4,1205.27,956.34,54.07999999999993,48.51999999999998,1,3,1.0
322,16,1286.1,959.26,82.12000000000012,74.38000000000011,1,3,1.0
322,25,1430.42,957.7,20.8599999999999,37.41999999999996,1,7,1.0
322,1,1085.23,953.27,55.180000000000064,48.92000000000007,1,3,1.0
322,2,1139.64,948.79,81.68999999999983,80.32999999999993,1,3,1.0
322,4,1204.89,955.93,54.069999999999936,48.520000000000095,1,3,1.0
323,16,1285.77,958.63,81.56999999999994,74.4799999999999,1,3,1.0
323,25,1431.47,957.35,20.8599999999999,37.41999999999996,1,7,1.0
323,1,1085.29,952.85,55.12000000000012,48.799999999999955,1,3,1.0
323,2,1139.63,948.47,81.51999999999998,80.20000000000005,1,3,1.0
323,4,1204.5,955.52,54.07999999999993,48.51999999999998,1,3,1.0
324,16,1285.44,958.01,81.01999999999998,74.55999999999995,1,3,1.0
324,25,1432.52,956.99,20.860000000000127,37.42999999999995,1,7,1.0
324,1,1085.35,952.44,55.05000000000018,48.66999999999996,1,3,1.0
324,2,1139.63,948.15,81.34999999999991,80.08000000000004,1,3,1.0
324,4,1204.12,955.11,54.080000000000155,48.51999999999998,1,3,1.0
325,16,1285.11,957.38,80.48000000000002,74.64999999999998,1,3,1.0
325,25,1433.58,956.64,20.860000000000127,37.430000000000064,1,7,1.0
325,1,1085.41,952.02,54.99000000000001,48.55000000000007,1,3,1.0
325,2,1139.63,947.83,81.17999999999984,79.95999999999992,1,3,1.0
325,4,1203.74,954.7,54.069999999999936,48.51999999999998,1,3,1.0
326,16,1284.78,956.76,79.93000000000006,74.73000000000002,1,3,1.0
326,25,1434.63,956.29,20.8599999999999,37.430000000000064,1,7,1.0
326,1,1085.48,951.61,54.91000000000008,48.41999999999996,1,3,1.0
326,2,1139.62,947.51,81.02000000000021,79.83999999999992,1,3,1.0
326,4,1203.35,954.3,54.080000000000155,48.50999999999999,1,3,1.0
327,16,1284.45,956.13,79.38999999999987,74.82000000000005,1,3,1.0
327,25,1435.68,955.94,20.8599999999999,37.42999999999995,1,7,1.0
327,1,1085.54,951.2,54.850000000000136,48.289999999999964,1,3,1.0
327,2,1139.62,947.19,80.85000000000014,79.72000000000003,1,3,1.0
327,4,1202.97,953.89,54.07999999999993,48.51999999999998,1,3,1.0
328,16,1284.12,955.5,78.84000000000015,74.91000000000008,1,3,1.0
328,25,1437.08,955.51,20.860000000000127,37.41999999999996,1,7,1.0
328,1,1085.6,950.78,54.7800000000002,48.17000000000007,1,3,1.0
328,2,1139.61,946.87,80.69000000000005,79.59000000000003,1,3,1.0
328,4,1202.59,953.48,54.070000000000164,48.51999999999998,1,3,1.0
329,16,1283.79,954.88,78.29999999999995,74.9899999999999,1,3,1.0
329,25,1438.48,955.07,20.86999999999989,37.41999999999996,1,7,1.0
329,1,1085.66,950.37,54.72000000000003,48.039999999999964,1,3,1.0
329,2,1139.61,946.56,80.52000000000021,79.46000000000004,1,3,1.0
329,4,1202.2,953.07,54.07999999999993,48.51999999999998,1,3,1.0
330,16,1283.47,954.25,77.74000000000001,75.08999999999992,1,3,1.0
330,25,1439.89,954.63,20.8599999999999,37.42999999999995,1,7,1.0
330,26,1542.74,905.88,27.0,38.039999999999964,1,10,1.0
330,27,1570.97,920.0,28.829999999999927,40.48000000000002,1,10,1.0
330,28,1059.26,859.25,32.51999999999998,22.08000000000004,1,10,1.0
330,1,1085.73,949.95,54.63999999999987,47.91999999999996,1,3,1.0
330,2,1139.61,946.24,80.35000000000014,79.33999999999992,1,3,1.0
330,4,1201.82,952.66,54.080000000000155,48.51999999999998,1,3,1.0
331,16,1283.14,953.63,77.19999999999982,75.16999999999996,1,3,1.0
331,25,1441.29,954.19,20.860000000000127,37.42999999999995,1,7,1.0
331,26,1546.94,904.85,26.99000000000001,38.039999999999964,1,10,1.0
331,27,1575.72,919.23,28.839999999999918,40.48000000000002,1,10,1.0
331,28,1058.55,858.17,32.51999999999998,22.090000000000032,1,10,1.0
331,1,1085.79,949.54,54.57999999999993,47.79000000000008,1,3,1.0
331,2,1139.6,945.92,80.19000000000005,79.22000000000014,1,3,1.0
331,4,1201.44,952.25,54.069999999999936,48.51999999999998,1,3,1.0
332,16,1282.81,953.0,76.65000000000009,75.25999999999999,1,3,1.0
332,25,1442.69,953.75,20.8599999999999,37.42999999999995,1,7,1.0
332,26,1551.13,903.83,27.0,38.039999999999964,1,10,1.0
332,27,1580.48,918.47,28.829999999999927,40.48000000000002,1,10,1.0
332,28,1057.83,857.1,32.51999999999998,22.090000000000032,1,10,1.0
332,1,1085.85,949.12,54.50999999999999,47.66999999999996,1,3,1.0
332,2,1139.6,945.6,80.01999999999998,79.10000000000002,1,3,1.0
332,4,1201.58,951.77,39.12000000000012,42.129999999999995,1,3,1.0
333,16,1282.7,952.72,76.46000000000004,74.89999999999986,1,3,1.0
333,25,1444.09,953.31,20.860000000000127,37.430000000000064,1,7,1.0
333,26,1555.32,902.81,27.0,38.04000000000008,1,10,1.0
333,27,1585.23,917.7,28.839999999999918,40.479999999999905,1,10,1.0
333,28,1057.12,856.02,32.51000000000022,22.090000000000032,1,10,1.0
333,1,1086.07,948.71,54.440000000000055,47.539999999999964,1,3,1.0
333,2,1139.82,945.37,80.11000000000013,78.96999999999991,1,3,1.0
333,4,1201.73,951.3,39.25999999999999,42.00999999999999,1,3,1.0
334,16,1282.6,952.44,76.26999999999998,74.53999999999996,1,3,1.0
334,25,1445.5,952.88,20.8599999999999,37.41999999999996,1,7,1.0
334,26,1559.51,901.78,27.0,38.05000000000007,1,10,1.0
334,27,1589.99,916.93,28.829999999999927,40.48000000000002,1,10,1.0
334,28,1056.4,854.95,32.51999999999998,22.089999999999918,1,10,1.0
334,1,1086.28,948.3,54.38000000000011,47.40000000000009,1,3,1.0
334,2,1140.03,945.14,80.21000000000004,78.85000000000002,1,3,1.0
334,4,1201.88,950.82,39.399999999999864,41.89999999999998,1,3,1.0
335,16,1282.5,952.16,76.06999999999994,74.17999999999995,1,3,1.0
335,25,1447.21,951.77,20.8599999999999,37.430000000000064,1,7,1.0
335,26,1563.71,900.76,26.99000000000001,38.039999999999964,1,10,1.0
335,27,1594.74,916.17,28.839999999999918,40.48000000000002,1,10,1.0
335,28,1055.68,853.88,32.51999999999998,22.090000000000032,1,10,1.0
335,1,1086.5,947.88,54.309999999999945,47.27999999999997,1,3,1.0
335,2,1140.25,944.9,80.29999999999995,78.73000000000002,1,3,1.0
335,4,1202.03,950.34,39.539999999999964,41.789999999999964,1,3,1.0
336,16,1282.39,951.88,75.87999999999988,73.82000000000005,1,3,1.0
336,25,1448.93,950.67,20.8599999999999,37.42000000000007,1,7,1.0
336,26,1567.9,899.74,27.0,38.039999999999964,1,10,1.0
336,27,1599.5,915.4,28.829999999999927,40.48000000000002,1,10,1.0
336,28,1054.97,852.8,32.51999999999998,22.090000000000032,1,10,1.0
336,1,1086.72,947.47,54.24000000000001,47.14999999999998,1,3,1.0
336,2,1140.46,944.67,80.39999999999986,78.61000000000001,1,3,1.0
336,4,1202.17,949.86,39.68999999999983,41.68999999999994,1,3,1.0
337,16,1282.29,951.6,75.69000000000005,73.45999999999992,1,3,1.0
337,25,1450.65,949.56,20.8599999999999,37.430000000000064,1,7,1.0
337,26,1572.09,898.72,27.0,38.039999999999964,1,10,1.0
337,27,1604.25,914.63,28.839999999999918,40.48000000000002,1,10,1.0
337,28,1054.25,851.73,32.51999999999998,22.090000000000032,1,10,1.0
337,1,1086.93,947.05,54.179999999999836,47.030000000000086,1,3,1.0
337,2,1140.68,944.44,80.49000000000001,78.4799999999999,1,3,1.0
337,4,1202.32,949.39,39.830000000000155,41.57000000000005,1,3,1.0
338,16,1282.19,951.32,75.49000000000001,73.10000000000002,1,3,1.0
338,25,1452.37,948.46,20.860000000000127,37.41999999999996,1,7,1.0
338,26,1576.28,897.69,27.0,38.039999999999964,1,10,1.0
338,27,1609.01,913.86,28.829999999999927,40.49000000000001,1,10,1.0
338,28,1053.54,850.66,32.51999999999998,22.08000000000004,1,10,1.0
338,1,1087.15,946.64,54.1099999999999,46.89999999999998,1,3,1.0
338,2,1140.89,944.21,80.58999999999992,78.36000000000001,1,3,1.0
338,4,1202.47,948.91,39.97000000000003,41.460000000000036,1,3,1.0
339,16,1282.08,951.04,75.30000000000018,72.74000000000001,1,3,1.0
339,25,1454.09,947.35,20.860000000000127,37.42999999999995,1,7,1.0
339,26,1580.48,896.67,26.99000000000001,38.04000000000008,1,10,1.0
339,27,1613.76,913.1,28.839999999999918,40.48000000000002,1,10,1.0
339,28,1052.82,849.58,32.51999999999998,22.089999999999918,1,10,1.0
339,1,1087.36,946.23,54.04000000000019,46.76999999999998,1,3,1.0
339,2,1141.11,943.97,80.68000000000006,78.24000000000001,1,3,1.0
339,4,1202.62,948.43,40.11000000000013,41.35000000000002,1,3,1.0
340,16,1281.98,950.76,75.1099999999999,72.38,1,3,1.0
340,25,1455.31,947.35,20.860000000000127,37.42999999999995,1,7,1.0
340,26,1584.67,895.65,27.0,38.04000000000008,1,10,1.0
340,27,1618.52,912.33,28.829999999999927,40.479999999999905,1,10,1.0
340,28,1052.11,848.51,32.50999999999999,22.090000000000032,1,10,1.0
340,1,1087.58,945.81,53.97000000000003,46.65000000000009,1,3,1.0
340,2,1141.33,943.74,80.76999999999998,78.12,1,3,1.0
340,4,1202.77,947.96,40.25,41.23000000000002,1,3,1.0
341,16,1281.88,950.48,74.90999999999985,72.01999999999998,1,3,1.0
341,25,1456.54,947.35,20.860000000000127,37.42999999999995,1,7,1.0
341,26,1588.86,894.63,27.0,38.039999999999964,1,10,1.0
341,27,1623.27,911.56,28.839999999999918,40.49000000000001,1,10,1.0
341,28,1051.39,847.44,32.51999999999998,22.079999999999927,1,10,1.0
341,1,1087.79,945.4,53.91000000000008,46.51999999999998,1,3,1.0
341,2,1141.54,943.51,80.87000000000012,78.0,1,3,1.0
341,4,1202.91,947.48,40.399999999999864,41.120000000000005,1,3,1.0
342,16,1281.78,950.2,74.71000000000004,71.65999999999997,1,3,1.0
342,25,1457.77,947.35,20.860000000000127,37.42999999999995,1,7,1.0
342,26,1593.05,893.6,27.0,38.039999999999964,1,10,1.0
342,27,1628.03,910.8,28.829999999999927,40.48000000000002,1,10,1.0
342,28,1050.67,846.36,32.51999999999998,22.090000000000032,1,10,1.0
342,29,1007.73,883.79,23.920000000000073,28.220000000000027,1,10,1.0
342,1,1088.01,944.98,53.83999999999992,46.39999999999998,1,3,1.0
342,2,1141.76,943.28,80.97000000000003,77.87,1,3,1.0
342,4,1203.06,947.0,40.539999999999964,41.01999999999998,1,3,1.0
343,16,1281.67,949.93,74.52999999999997,71.29000000000008,1,3,1.0
343,25,1458.99,947.35,20.86999999999989,37.42999999999995,1,7,1.0
343,26,1598.61,892.03,28.100000000000136,39.54000000000008,1,10,1.0
343,27,1633.96,909.36,29.75999999999999,41.75999999999999,1,10,1.0
343,28,1050.32,845.52,32.51999999999998,22.08000000000004,1,10,1.0
343,29,1005.6,882.2,23.92999999999995,28.219999999999914,1,10,1.0
343,1,1088.23,944.57,53.76999999999998,46.26999999999998,1,3,1.0
343,2,1141.97,943.04,81.06999999999994,77.75999999999999,1,3,1.0
343,4,1203.21,946.52,40.680000000000064,40.90999999999997,1,3,1.0
344,16,1281.57,949.65,74.33000000000015,70.93000000000006,1,3,1.0
344,25,1460.22,947.35,20.8599999999999,37.42999999999995,1,7,1.0
344,26,1604.16,890.45,29.20999999999981,41.049999999999955,1,10,1.0
344,27,1639.89,907.91,30.679999999999836,43.06000000000006,1,10,1.0
344,28,1049.97,844.67,32.51999999999998,22.090000000000032,1,10,1.0
344,29,1003.48,880.61,23.930000000000064,28.220000000000027,1,10,1.0
344,1,1088.44,944.16,53.710000000000036,46.139999999999986,1,3,1.0
344,2,1142.19,942.81,81.15999999999985,77.63000000000011,1,3,1.0
344,4,1203.36,946.05,40.830000000000155,40.79000000000008,1,3,1.0
345,16,1281.47,949.37,74.12999999999988,70.57000000000005,1,3,1.0
345,25,1461.45,947.35,20.8599999999999,37.42999999999995,1,7,1.0
345,26,1609.71,888.87,30.309999999999945,42.549999999999955,1,10,1.0
345,27,1645.82,906.47,31.600000000000136,44.35000000000002,1,10,1.0
345,28,1049.62,843.83,32.51000000000022,22.079999999999927,1,10,1.0
345,29,1002.82,880.11,23.91999999999996,28.230000000000018,1,10,1.0
345,1,1088.66,943.74,53.63999999999987,46.01999999999998,1,3,1.0
345,2,1142.4,942.58,81.25999999999999,77.50999999999999,1,3,1.0
345,4,1203.5,945.57,40.98000000000002,40.67999999999995,1,3,1.0
346,16,1281.36,949.09,73.94000000000005,70.20999999999992,1,3,1.0
346,25,1462.68,947.35,20.8599999999999,37.42999999999995,1,7,1.0
346,26,1615.27,887.29,31.410000000000082,44.06000000000006,1,10,1.0
346,27,1651.75,905.03,32.51999999999998,45.629999999999995,1,10,1.0
346,28,1049.26,842.98,32.51999999999998,22.090000000000032,1,10,1.0
346,29,1002.15,879.62,23.91999999999996,28.220000000000027,1,10,1.0
346,1,1088.87,943.33,53.570000000000164,45.889999999999986,1,3,1.0
346,2,1142.62,942.35,81.35000000000014,77.38,1,3,1.0
346,4,1203.65,945.09,41.11999999999989,40.569999999999936,1,3,1.0
347,16,1281.26,948.81,73.75,69.85000000000002,1,3,1.0
347,25,1464.31,947.05,20.860000000000127,37.42000000000007,1,7,1.0
347,26,1620.82,885.72,32.51999999999998,45.559999999999945,1,10,1.0
347,27,1657.68,903.59,33.43999999999983,46.91999999999996,1,10,1.0
347,28,1048.91,842.13,32.51999999999998,22.090000000000032,1,10,1.0
347,29,1001.48,879.13,23.920000000000073,28.220000000000027,1,10,1.0
347,1,1089.09,942.91,53.5,45.76999999999998,1,3,1.0
347,2,1142.83,942.11,81.45000000000005,77.26999999999998,1,3,1.0
347,4,1203.8,944.62,41.25999999999999,40.450000000000045,1,3,1.0
348,16,1281.16,948.53,73.54999999999995,69.49000000000001,1,3,1.0
348,25,1465.95,946.74,20.8599999999999,37.42999999999995,1,7,1.0
348,26,1626.37,884.14,33.63000000000011,47.07000000000005,1,10,1.0
348,27,1663.62,902.15,34.350000000000136,48.210000000000036,1,10,1.0
348,28,1048.56,841.29,32.51999999999998,22.090000000000032,1,10,1.0
348,29,1000.81,878.64,23.930000000000064,28.220000000000027,1,10,1.0
348,1,1089.31,942.5,53.430000000000064,45.639999999999986,1,3,1.0
348,2,1143.05,941.88,81.53999999999996,77.13999999999999,1,3,1.0
348,4,1203.95,944.14,41.399999999999864,40.35000000000002,1,3,1.0
349,16,1281.05,948.25,73.36000000000013,69.13,1,3,1.0
349,25,1467.58,946.43,20.860000000000127,37.430000000000064,1,7,1.0
349,26,1631.93,882.56,34.72000000000003,48.57000000000005,1,10,1.0
349,27,1669.55,900.71,35.27999999999997,49.49000000000001,1,10,1.0
349,28,1048.21,840.44,32.51999999999998,22.089999999999918,1,10,1.0
349,29,1000.14,878.14,23.92999999999995,28.230000000000018,1,10,1.0
349,1,1089.52,942.09,53.37000000000012,45.50999999999999,1,3,1.0
349,2,1143.27,941.65,81.63000000000011,77.01999999999998,1,3,1.0
349,4,1204.09,943.66,41.55000000000018,40.24000000000001,1,3,1.0
350,16,1280.95,947.97,73.16999999999985,68.76999999999998,1,3,1.0
350,25,1469.22,946.13,20.8599999999999,37.41999999999996,1,7,1.0
350,26,1637.48,880.99,35.82999999999993,50.069999999999936,1,10,1.0
350,27,1675.48,899.27,36.200000000000045,50.77999999999997,1,10,1.0
350,28,1047.48,839.69,32.83999999999992,22.269999999999982,1,10,1.0
350,29,999.47,877.65,23.92999999999995,28.220000000000027,1,10,1.0
350,1,1089.74,941.67,53.299999999999955,45.389999999999986,1,3,1.0
350,2,1143.48,941.42,81.73000000000002,76.90000000000009,1,3,1.0
350,4,1204.24,943.18,41.690000000000055,40.129999999999995,1,3,1.0
351,16,1280.85,947.69,72.97000000000003,68.40999999999997,1,3,1.0
351,25,1470.86,945.82,20.860000000000127,37.42999999999995,1,7,1.0
351,26,1643.03,879.41,36.940000000000055,51.58000000000004,1,10,1.0
351,27,1681.41,897.82,37.11999999999989,52.069999999999936,1,10,1.0
351,28,1046.75,838.94,33.17000000000007,22.449999999999932,1,10,1.0
351,29,998.8,877.16,23.930000000000064,28.220000000000027,1,10,1.0
351,1,1089.95,941.26,53.24000000000001,45.25,1,3,1.0
351,2,1143.7,941.18,81.81999999999994,76.78000000000009,1,3,1.0
351,4,1204.39,942.71,41.82999999999993,40.00999999999999,1,3,1.0
352,16,1280.74,947.41,72.77999999999997,68.05000000000007,1,3,1.0
352,25,1472.49,945.51,20.8599999999999,37.430000000000064,1,7,1.0
352,26,1648.59,877.83,38.04000000000019,53.07999999999993,1,10,1.0
352,27,1687.34,896.38,38.04000000000019,53.360000000000014,1,10,1.0
352,28,1046.02,838.19,33.49000000000001,22.61999999999989,1,10,1.0
352,29,997.23,876.41,23.93999999999994,28.340000000000032,1,10,1.0
352,1,1090.17,940.84,53.169999999999845,45.129999999999995,1,3,1.0
352,2,1143.91,940.95,81.92999999999984,76.65999999999997,1,3,1.0
352,4,1204.54,942.23,41.97000000000003,39.89999999999998,1,3,1.0
353,16,1280.64,947.13,72.58999999999992,67.69000000000005,1,3,1.0
353,25,1474.84,944.9,20.860000000000127,37.73000000000002,1,7,1.0
353,26,1654.14,876.25,39.13999999999987,54.59000000000003,1,10,1.0
353,27,1695.43,895.25,38.960000000000036,54.639999999999986,1,10,1.0
353,28,1045.29,837.44,33.819999999999936,22.799999999999955,1,10,1.0
353,29,995.67,875.67,23.940000000000055,28.460000000000036,1,10,1.0
353,1,1090.39,940.43,53.08999999999992,45.0,1,3,1.0
353,2,1144.13,940.72,82.01999999999998,76.52999999999997,1,3,1.0
353,4,1204.69,941.75,42.1099999999999,39.789999999999964,1,3,1.0
354,16,1280.54,946.85,72.3900000000001,67.32999999999993,1,3,1.0
354,25,1477.2,944.29,20.8599999999999,38.030000000000086,1,7,1.0
354,26,1659.69,874.68,40.25,56.09000000000003,1,10,1.0
354,27,1703.51,894.11,39.88000000000011,55.93999999999994,1,10,1.0
354,28,1044.56,836.7,34.15000000000009,22.969999999999914,1,10,1.0
354,29,994.1,874.93,23.959999999999923,28.57000000000005,1,10,1.0
354,1,1090.6,940.01,53.0300000000002,44.879999999999995,1,3,1.0
354,2,1144.34,940.49,82.12000000000012,76.40999999999997,1,3,1.0
354,4,1204.83,941.27,42.25999999999999,39.680000000000064,1,3,1.0
355,16,1280.43,946.57,72.20000000000005,66.96999999999991,1,3,1.0
355,25,1479.55,943.67,20.860000000000127,38.34000000000003,1,7,1.0
355,26,1665.24,873.1,41.3599999999999,57.59000000000003,1,10,1.0
355,27,1711.6,892.98,40.80000000000018,57.22000000000003,1,10,1.0
355,28,1043.83,835.95,34.47000000000003,23.139999999999986,1,10,1.0
355,29,992.53,874.19,23.970000000000027,28.68999999999994,1,10,1.0
355,1,1090.82,939.6,52.960000000000036,44.75,1,3,1.0
355,2,1144.56,940.25,82.21000000000004,76.28999999999996,1,3,1.0
355,4,1204.98,940.8,42.40000000000009,39.57000000000005,1,3,1.0
356,16,1280.33,946.29,72.00999999999999,66.61000000000001,1,3,1.0
356,25,1481.9,943.06,20.8599999999999,38.6400000000001,1,7,1.0
356,26,1673.23,872.1,40.539999999999964,59.16999999999996,1,10,1.0
356,27,1719.81,891.52,41.62000000000012,58.610000000000014,1,10,1.0
356,28,1043.1,835.2,34.80000000000018,23.319999999999936,1,10,1.0
356,29,990.97,873.45,23.970000000000027,28.799999999999955,1,10,1.0
356,1,1091.03,939.19,52.90000000000009,44.61999999999989,1,3,1.0
356,2,1144.78,940.02,82.29999999999995,76.17000000000007,1,3,1.0
356,4,1205.13,940.32,42.539999999999964,39.45999999999992,1,3,1.0
357,16,1280.23,946.01,71.80999999999995,66.25,1,3,1.0
357,25,1484.25,942.45,20.8599999999999,38.92999999999995,1,7,1.0
357,26,1681.22,871.1,39.710000000000036,60.75,1,10,1.0
357,27,1728.02,890.06,42.450000000000045,60.010000000000105,1,10,1.0
357,28,1042.37,834.45,35.13000000000011,23.5,1,10,1.0
357,29,989.4,872.71,23.99000000000001,28.909999999999968,1,10,1.0
357,1,1091.25,938.77,52.82999999999993,44.5,1,3,1.0
357,2,1144.99,939.79,82.40000000000009,76.04000000000008,1,3,1.0
357,4,1205.28,939.84,42.680000000000064,39.35000000000002,1,3,1.0
358,16,1280.12,945.73,71.62000000000012,65.88999999999999,1,3,1.0
358,25,1486.6,941.83,20.860000000000127,39.24000000000001,1,7,1.0
358,26,1689.21,870.1,38.88999999999987,62.32999999999993,1,10,1.0
358,27,1736.22,888.6,43.27999999999997,61.39999999999998,1,10,1.0
358,28,1041.64,833.7,35.44999999999982,23.66999999999996,1,10,1.0
358,29,987.83,871.97,24.0,29.029999999999973,1,10,1.0
358,1,1091.47,938.36,52.75999999999999,44.370000000000005,1,3,1.0
358,2,1145.21,939.56,82.49000000000001,75.92000000000007,1,3,1.0
358,4,1205.42,939.37,42.82999999999993,39.23000000000002,1,3,1.0
359,16,1280.02,945.45,71.43000000000006,65.52999999999997,1,3,1.0
359,25,1488.93,941.59,20.86999999999989,40.219999999999914,1,7,1.0
359,26,1697.02,867.16,40.819999999999936,63.92000000000007,1,10,1.0
359,27,1743.97,888.7,45.930000000000064,61.39999999999998,1,10,1.0
359,28,1040.91,832.95,35.77999999999997,23.84999999999991,1,10,1.0
359,29,986.27,871.22,24.0,29.149999999999977,1,10,1.0
359,1,1091.68,937.94,52.68999999999983,44.25,1,3,1.0
359,2,1145.42,939.32,82.58999999999992,75.80999999999995,1,3,1.0
359,4,1205.57,938.89,42.97000000000003,39.120000000000005,1,3,1.0
360,16,1279.92,945.17,71.23000000000002,65.17000000000007,1,3,1.0
360,25,1491.27,941.35,20.860000000000127,41.18999999999994,1,7,1.0
360,26,1704.83,864.22,42.75999999999999,65.50999999999999,1,10,1.0
360,27,1751.72,888.8,48.57999999999993,61.40000000000009,1,10,1.0
360,28,1040.18,832.2,36.1099999999999,24.029999999999973,1,10,1.0
360,29,984.7,870.48,24.019999999999982,29.269999999999982,1,10,1.0
360,30,1758.39,959.64,54.74000000000001,91.13,1,7,1.0
360,1,1091.9,937.53,52.61999999999989,44.120000000000005,1,3,1.0
360,2,1145.64,939.09,82.67999999999984,75.67999999999995,1,3,1.0
360,4,1205.72,938.41,43.1099999999999,39.00999999999999,1,3,1.0
361,16,1279.81,944.89,71.03999999999996,64.81000000000006,1,3,1.0
361,25,1493.6,941.1,20.860000000000127,42.16999999999996,1,7,1.0
361,26,1713.71,863.61,42.12999999999988,67.04999999999995,1,10,1.0
361,27,1763.35,887.27,47.15000000000009,63.82000000000005,1,10,1.0
361,28,1039.45,831.45,36.430000000000064,24.199999999999932,1,10,1.0
361,29,983.13,869.74,24.029999999999973,29.379999999999995,1,10,1.0
361,30,1765.2,960.43,54.74000000000001,91.13,1,7,1.0
361,1,1092.11,937.12,52.56000000000017,43.99000000000001,1,3,1.0
361,2,1145.85,938.86,82.7800000000002,75.55999999999995,1,3,1.0
361,4,1205.87,937.93,43.25,38.91000000000008,1,3,1.0
362,16,1279.71,944.61,70.84999999999991,64.44999999999993,1,3,1.0
362,25,1495.93,940.86,20.8599999999999,43.139999999999986,1,7,1.0
362,26,1722.6,863.0,41.5,68.60000000000002,1,10,1.0
362,27,1774.98,885.73,45.72000000000003,66.25999999999999,1,10,1.0
362,28,1038.72,830.7,36.75999999999999,24.379999999999995,1,10,1.0
362,29,981.57,869.0,24.029999999999973,29.5,1,10,1.0
362,30,1772.0,961.22,54.74000000000001,91.12999999999988,1,7,1.0
362,1,1092.33,936.7,52.49000000000001,43.870000000000005,1,3,1.0
362,2,1146.07,938.63,82.88000000000011,75.42999999999995,1,3,1.0
362,4,1206.01,937.46,43.40000000000009,38.789999999999964,1,3,1.0
363,16,1279.61,944.33,70.65000000000009,64.08999999999992,1,3,1.0
363,25,1498.26,940.62,20.8599999999999,44.120000000000005,1,7,1.0
363,26,1731.48,866.3,41.51999999999998,60.60000000000002,1,10,1.0
363,27,1783.22,885.26,44.98000000000002,65.03999999999996,1,10,1.0
363,28,1037.99,829.95,37.08999999999992,24.559999999999945,1,10,1.0
363,29,980.0,868.26,24.049999999999955,29.610000000000014,1,10,1.0
363,30,1778.81,962.01,54.74000000000001,91.13000000000011,1,7,1.0
363,1,1092.54,936.29,52.430000000000064,43.74000000000001,1,3,1.0
363,2,1146.28,938.39,82.98000000000002,75.32000000000005,1,3,1.0
363,4,1206.16,936.98,43.539999999999964,38.67999999999995,1,3,1.0
364,16,1279.51,944.06,70.45000000000005,63.72000000000003,1,3,1.0
364,25,1500.59,940.37,20.860000000000127,45.10000000000002,1,7,1.0
364,26,1740.92,864.18,43.82999999999993,62.700000000000045,1,10,1.0
364,27,1794.03,883.63,45.51999999999998,66.51999999999998,1,10,1.0
364,28,1037.26,829.2,37.41000000000008,24.729999999999905,1,10,1.0
364,29,978.43,867.52,24.06000000000006,29.720000000000027,1,10,1.0
364,30,1791.53,964.08,54.74000000000001,91.13,1,7,1.0
364,1,1092.76,935.87,52.3599999999999,43.620000000000005,1,3,1.0
364,2,1146.5,938.16,83.06999999999994,75.19000000000005,1,3,1.0
364,4,1206.31,936.5,43.680000000000064,38.57000000000005,1,3,1.0
365,16,1279.4,943.78,70.26999999999998,63.360000000000014,1,3,1.0
365,25,1502.92,940.13,20.8599999999999,46.07000000000005,1,7,1.0
365,26,1750.35,862.06,46.1400000000001,64.79000000000008,1,10,1.0
365,27,1804.83,882.0,46.070000000000164,68.0,1,10,1.0
365,28,1036.53,828.45,37.74000000000001,24.909999999999968,1,10,1.0
365,29,976.87,866.78,24.059999999999945,29.840000000000032,1,10,1.0
365,30,1800.41,964.38,54.74000000000001,91.13,1,7,1.0
365,1,1092.98,935.46,52.289999999999964,43.49000000000001,1,3,1.0
365,2,1146.72,937.93,83.16000000000008,75.07000000000005,1,3,1.0
365,4,1206.46,936.02,43.819999999999936,38.460000000000036,1,3,1.0
366,16,1279.3,943.5,70.06999999999994,63.0,1,3,1.0
366,25,1505.26,939.89,20.8599999999999,47.039999999999964,1,7,1.0
366,26,1761.14,860.09,45.34999999999991,65.55999999999995,1,10,1.0
366,27,1816.74,881.4,47.75999999999999,68.25999999999999,1,10,1.0
366,28,1035.8,827.7,38.069999999999936,25.089999999999918,1,10,1.0
366,29,975.3,866.03,24.08000000000004,29.960000000000036,1,10,1.0
366,30,1809.88,964.97,54.73999999999978,91.12999999999988,1,7,1.0
366,1,1093.19,935.05,52.22000000000003,43.360000000000014,1,3,1.0
366,2,1146.93,937.7,83.25999999999999,74.93999999999994,1,3,1.0
366,4,1206.61,935.55,43.97000000000003,38.34000000000003,1,3,1.0
367,16,1279.2,943.22,69.86999999999989,62.639999999999986,1,3,1.0
367,25,1507.59,939.64,20.860000000000127,48.02999999999997,1,7,1.0
367,26,1771.92,858.12,44.57999999999993,66.33000000000004,1,10,1.0
367,27,1828.66,880.8,49.43999999999983,68.5200000000001,1,10,1.0
367,28,1035.07,826.95,38.3900000000001,25.269999999999982,1,10,1.0
367,29,973.74,865.29,24.08000000000004,30.08000000000004,1,10,1.0
367,30,1818.51,965.83,54.74000000000001,91.13,1,7,1.0
367,1,1093.41,934.63,52.149999999999864,43.24000000000001,1,3,1.0
367,2,1147.15,937.46,83.34999999999991,74.82999999999993,1,3,1.0
367,4,1206.75,935.07,44.11999999999989,38.239999999999895,1,3,1.0
368,16,1279.09,942.94,69.68000000000006,62.27999999999997,1,3,1.0
368,25,1509.92,939.4,20.8599999999999,49.0,1,7,1.0
368,26,1782.71,856.15,43.789999999999964,67.10000000000002,1,10,1.0
368,27,1840.57,880.2,51.13000000000011,68.78999999999996,1,10,1.0
368,28,1034.34,826.2,38.72000000000003,25.43999999999994,1,10,1.0
368,29,972.17,864.55,24.090000000000032,30.190000000000055,1,10,1.0
368,30,1827.14,966.69,54.74000000000001,91.13999999999987,1,7,1.0
368,1,1093.62,934.22,52.090000000000146,43.10000000000002,1,3,1.0
368,2,1147.36,937.23,83.45000000000005,74.71000000000004,1,3,1.0
368,4,1206.9,934.59,44.25999999999999,38.129999999999995,1,3,1.0
369,16,1278.99,942.66,69.49000000000001,61.92000000000007,1,3,1.0
369,25,1512.07,939.32,20.860000000000127,49.0,1,7,1.0
369,26,1793.49,854.17,43.00999999999999,67.88,1,10,1.0
369,27,1852.49,879.6,52.809999999999945,69.04999999999995,1,10,1.0
369,28,1033.61,825.45,39.05000000000018,25.620000000000005,1,10,1.0
369,29,970.6,863.81,24.110000000000014,30.300000000000068,1,10,1.0
369,30,1837.0,967.1,54.74000000000001,91.13999999999999,1,7,1.0
369,1,1093.84,933.8,52.01999999999998,42.98000000000002,1,3,1.0
369,2,1147.58,937.0,83.53999999999996,74.58000000000004,1,3,1.0
369,4,1207.05,934.12,44.40000000000009,38.00999999999999,1,3,1.0
370,16,1278.89,942.38,69.28999999999996,61.56000000000006,1,3,1.0
370,25,1514.21,939.25,20.8599999999999,49.0,1,7,1.0
370,26,1804.28,852.2,42.22000000000003,68.64999999999998,1,10,1.0
370,27,1864.4,879.0,54.5,69.30999999999995,1,10,1.0
370,28,1032.88,824.7,39.36999999999989,25.799999999999955,1,10,1.0
370,29,969.04,863.07,24.110000000000014,30.41999999999996,1,10,1.0
370,30,1846.86,967.51,54.74000000000001,91.1400000000001,1,7,1.0
370,1,1094.06,933.39,51.950000000000045,42.85000000000002,1,3,1.0
370,2,1147.79,936.77,83.6400000000001,74.46000000000004,1,3,1.0
370,4,1207.2,933.64,44.539999999999964,37.89999999999998,1,3,1.0
371,16,1278.78,942.1,69.10000000000014,61.19999999999993,1,3,1.0
371,25,1516.36,939.17,20.860000000000127,49.0,1,7,1.0
371,26,1816.38,850.02,45.26999999999998,70.90999999999997,1,10,1.0
371,27,1879.16,875.6,55.039999999999964,72.16999999999996,1,10,1.0
371,28,1032.15,823.95,39.69999999999982,25.969999999999914,1,10,1.0
371,29,967.47,862.33,24.120000000000005,30.529999999999973,1,10,1.0
371,30,1856.72,967.93,54.74000000000001,91.13,1,7,1.0
371,1,1094.27,932.97,51.8900000000001,42.73000000000002,1,3,1.0
371,2,1148.01,936.53,83.73000000000002,74.34000000000003,1,3,1.0
371,4,1207.34,933.16,44.690000000000055,37.79000000000008,1,3,1.0
372,16,1278.68,941.82,68.90999999999985,60.83999999999992,1,3,1.0
372,25,1518.51,939.09,20.8599999999999,49.0,1,7,1.0
372,26,1828.47,847.84,48.32999999999993,73.17999999999995,1,10,1.0
372,27,1893.91,872.2,55.58999999999992,75.03999999999996,1,10,1.0
372,28,1031.42,823.2,40.02999999999997,26.149999999999977,1,10,1.0
372,29,965.9,861.59,24.139999999999986,30.649999999999977,1,10,1.0
372,30,1869.3,968.17,54.74000000000001,91.13999999999999,1,7,1.0
372,1,1094.49,932.56,51.819999999999936,42.60000000000002,1,3,1.0
372,2,1148.23,936.3,83.82999999999993,74.22000000000003,1,3,1.0
372,4,1207.49,932.68,44.82999999999993,37.680000000000064,1,3,1.0
373,16,1278.58,941.54,68.71000000000004,60.48000000000002,1,3,1.0
373,25,1520.66,939.02,20.8599999999999,49.0,1,7,1.0
373,26,1840.57,845.66,51.38000000000011,75.45000000000005,1,10,1.0
373,27,1908.67,868.8,56.12999999999988,77.91000000000008,1,10,1.0
373,28,1030.69,822.45,40.34999999999991,26.329999999999927,1,10,1.0
373,29,964.34,860.84,24.139999999999986,30.769999999999982,1,10,1.0
373,30,1882.37,968.67,54.74000000000001,91.13,1,7,1.0
373,1,1094.7,932.15,51.75,42.47000000000003,1,3,1.0
373,2,1148.44,936.07,83.92999999999984,74.08999999999992,1,3,1.0
373,4,1207.64,932.21,44.9699999999998,37.569999999999936,1,3,1.0
374,16,1278.47,941.26,68.51999999999998,60.120000000000005,1,3,1.0
374,25,1522.8,938.94,20.860000000000127,49.0,1,7,1.0
374,26,1852.67,843.48,54.429999999999836,77.72000000000003,1,10,1.0
374,27,1923.42,865.4,56.679999999999836,80.76999999999998,1,10,1.0
374,28,1029.96,821.7,40.680000000000064,26.5,1,10,1.0
374,29,962.77,860.1,24.149999999999977,30.879999999999995,1,10,1.0
374,30,1896.18,969.41,54.74000000000001,100.49000000000012,1,7,1.0
374,1,1094.92,931.73,51.679999999999836,42.35000000000002,1,3,1.0
374,2,1148.66,935.84,84.01999999999998,73.96999999999991,1,3,1.0
374,4,1207.79,931.73,45.11000000000013,37.460000000000036,1,3,1.0
375,16,1278.37,940.98,68.33000000000015,59.75999999999999,1,3,1.0
375,25,1524.95,938.86,20.8599999999999,49.0,1,7,1.0
375,26,1867.81,841.3,55.590000000000146,79.08000000000004,1,10,1.0
375,27,1941.55,865.17,58.73000000000002,81.36000000000001,1,10,1.0
375,28,1029.23,820.95,41.0,26.67999999999995,1,10,1.0
375,29,961.2,859.36,24.16999999999996,31.0,1,10,1.0
375,30,1907.89,968.67,54.74000000000001,100.49000000000012,1,7,1.0
375,1,1095.14,931.32,51.6099999999999,42.219999999999914,1,3,1.0
375,2,1148.87,935.6,84.12000000000012,73.85000000000002,1,3,1.0
375,4,1207.93,931.25,45.25999999999999,37.35000000000002,1,3,1.0
376,16,1278.27,940.7,68.13000000000011,59.39999999999998,1,3,1.0
376,25,1527.1,938.79,20.860000000000127,49.0,1,7,1.0
376,26,1882.94,839.12,56.75999999999999,80.45000000000005,1,10,1.0
376,27,1959.68,864.93,60.789999999999964,81.95000000000005,1,10,1.0
376,28,1028.5,820.2,41.32999999999993,26.8599999999999,1,10,1.0
376,29,959.64,858.62,24.16999999999996,31.110000000000014,1,10,1.0
376,30,1919.6,967.93,54.74000000000001,100.49000000000012,1,7,1.0
376,1,1095.35,930.9,51.55000000000018,42.10000000000002,1,3,1.0
376,2,1149.09,935.37,84.21000000000004,73.73000000000002,1,3,1.0
376,4,1208.08,930.78,45.40000000000009,37.23000000000002,1,3,1.0
377,16,1278.39,940.36,68.12999999999988,59.39999999999998,1,3,1.0
377,25,1530.37,938.37,20.860000000000127,49.41999999999996,1,7,1.0
377,26,1898.08,836.93,57.92000000000007,81.82000000000005,1,10,1.0
377,27,1977.81,864.7,62.840000000000146,82.53999999999996,1,10,1.0
377,28,1027.77,819.45,41.66000000000008,27.029999999999973,1,10,1.0
377,29,958.07,857.88,24.17999999999995,31.230000000000018,1,10,1.0
377,30,1933.1,969.35,54.74000000000001,102.84000000000003,1,7,1.0
377,1,1095.88,930.41,51.549999999999955,42.10000000000002,1,3,1.0
377,2,1149.36,934.96,84.21000000000004,73.93999999999994,1,3,1.0
377,4,1208.76,930.56,45.40000000000009,37.23000000000002,1,3,1.0
378,16,1278.51,940.01,68.1400000000001,59.39999999999998,1,3,1.0
378,25,1533.64,937.96,20.8599999999999,49.82999999999993,1,7,1.0
378,26,1913.21,834.75,59.08999999999992,83.17999999999995,1,10,1.0
378,27,1995.94,864.47,64.88999999999987,83.12,1,10,1.0
378,28,1027.04,818.7,41.98000000000002,27.209999999999923,1,10,1.0
378,29,956.5,857.14,24.200000000000045,31.340000000000032,1,10,1.0
378,30,1946.6,970.76,54.74000000000001,105.20000000000005,1,7,1.0
378,1,1096.4,929.92,51.549999999999955,42.10000000000002,1,3,1.0
378,2,1149.63,934.54,84.20999999999981,74.17000000000007,1,3,1.0
378,4,1209.43,930.34,45.399999999999864,37.23000000000002,1,3,1.0
379,16,1278.64,939.67,68.12999999999988,59.40000000000009,1,3,1.0
379,25,1536.91,937.54,20.8599999999999,50.25,1,7,1.0
379,26,1928.35,832.57,60.25,84.54999999999995,1,10,1.0
379,27,2014.07,864.23,66.95000000000005,83.72000000000003,1,10,1.0
379,28,1026.31,817.95,42.309999999999945,27.389999999999986,1,10,1.0
379,29,954.94,856.4,24.199999999999932,31.460000000000036,1,10,1.0
379,30,1960.1,972.18,54.74000000000001,107.55000000000007,1,7,1.0
379,1,1096.93,929.43,51.549999999999955,42.10000000000002,1,3,1.0
379,2,1149.9,934.13,84.20999999999981,74.38,1,3,1.0
379,4,1210.11,930.12,45.40000000000009,37.24000000000001,1,3,1.0
380,16,1278.76,939.33,68.13000000000011,59.39999999999998,1,3,1.0
380,25,1540.19,937.13,20.8599999999999,50.65999999999997,1,7,1.0
380,26,1943.48,830.39,61.42000000000007,85.90999999999997,1,10,1.0
380,27,2032.2,864.0,68.99999999999977,84.29999999999995,1,10,1.0
380,28,1025.58,817.21,42.6400000000001,27.559999999999945,1,10,1.0
380,29,953.37,855.65,24.210000000000036,31.58000000000004,1,10,1.0
380,30,1973.61,973.6,54.73000000000002,109.89999999999998,1,7,1.0
380,1,1097.45,928.94,51.549999999999955,42.08999999999992,1,3,1.0
380,2,1150.17,933.72,84.21000000000004,74.58999999999992,1,3,1.0
380,4,1210.79,929.9,45.3900000000001,37.24000000000001,1,3,1.0
381,16,1278.88,938.98,68.12999999999988,59.39999999999998,1,3,1.0
381,25,1543.46,936.71,20.8599999999999,51.07999999999993,1,7,1.0
381,26,1958.62,828.21,73.3900000000001,93.16999999999996,1,10,1.0
381,27,2052.29,855.46,79.38000000000011,99.57999999999993,1,10,1.0
381,28,1024.85,816.46,42.960000000000036,27.730000000000018,1,10,1.0
381,29,951.8,854.91,24.230000000000018,31.690000000000055,1,10,1.0
381,30,1986.18,974.34,54.74000000000001,109.89999999999998,1,7,1.0
381,1,1097.98,928.45,51.549999999999955,42.08999999999992,1,3,1.0
381,2,1150.44,933.31,84.21000000000004,74.81000000000006,1,3,1.0
381,4,1211.46,929.69,45.399999999999864,37.229999999999905,1,3,1.0
382,16,1279.0,938.64,68.1400000000001,59.39999999999998,1,3,1.0
382,25,1546.73,936.3,20.8599999999999,51.49000000000001,1,7,1.0
382,26,1973.75,826.03,85.38000000000011,100.43000000000006,1,10,1.0
382,27,2072.38,846.91,89.75999999999976,114.87,1,10,1.0
382,28,1024.12,815.71,43.29000000000019,27.909999999999968,1,10,1.0
382,29,950.24,854.17,24.230000000000018,31.81000000000006,1,10,1.0
382,30,2003.19,971.38,72.50999999999976,126.62,1,7,1.0
382,1,1098.5,927.96,51.549999999999955,42.08999999999992,1,3,1.0
382,2,1150.71,932.89,84.21000000000004,75.02999999999997,1,3,1.0
382,4,1212.14,929.47,45.38999999999987,37.23000000000002,1,3,1.0
383,16,1279.13,938.3,68.12999999999988,59.3900000000001,1,3,1.0
383,25,1549.54,936.48,20.860000000000127,51.48000000000002,1,7,1.0
383,26,1998.15,822.92,77.9699999999998,98.82000000000005,1,10,1.0
383,27,2097.56,847.57,90.07000000000016,109.38,1,10,1.0
383,28,1023.39,814.96,43.620000000000005,28.089999999999918,1,10,1.0
383,29,948.67,853.43,24.24000000000001,31.920000000000073,1,10,1.0
383,30,2018.85,971.26,72.51000000000022,126.62000000000012,1,7,1.0
383,1,1099.03,927.46,51.549999999999955,42.09999999999991,1,3,1.0
383,2,1150.98,932.48,84.21000000000004,75.25,1,3,1.0
383,4,1212.81,929.25,45.40000000000009,37.24000000000001,1,3,1.0
384,16,1279.25,937.95,68.13000000000011,59.39999999999998,1,3,1.0
384,25,1552.34,936.65,20.860000000000127,51.49000000000001,1,7,1.0
384,26,2022.54,819.81,70.57999999999993,97.21000000000004,1,10,1.0
384,27,2122.73,848.24,90.38000000000011,103.88999999999999,1,10,1.0
384,28,1022.66,814.21,43.93999999999994,28.25999999999999,1,10,1.0
384,29,947.11,852.69,24.25,32.039999999999964,1,10,1.0
384,30,2034.51,971.13,72.50999999999999,126.62,1,7,1.0
384,1,1099.55,926.97,51.549999999999955,42.10000000000002,1,3,1.0
384,2,1151.25,932.07,84.21000000000004,75.45999999999992,1,3,1.0
384,4,1213.49,929.03,45.40000000000009,37.24000000000001,1,3,1.0
385,16,1279.37,937.61,68.13000000000011,59.39999999999998,1,3,1.0
385,25,1555.14,936.83,20.86999999999989,51.479999999999905,1,7,1.0
385,26,2046.94,816.7,63.179999999999836,95.59999999999991,1,10,1.0
385,27,2147.9,848.9,90.69999999999982,98.39999999999998,1,10,1.0
385,28,1021.93,813.46,44.270000000000095,28.43999999999994,1,10,1.0
385,29,945.54,851.95,24.25999999999999,32.14999999999998,1,10,1.0
385,30,2050.16,971.01,72.51000000000022,126.62000000000012,1,7,1.0
385,1,1100.08,926.48,51.55000000000018,42.10000000000002,1,3,1.0
385,2,1151.52,931.65,84.21000000000004,75.68000000000006,1,3,1.0
385,4,1214.16,928.82,45.399999999999864,37.229999999999905,1,3,1.0
386,16,1279.49,937.27,68.1400000000001,59.389999999999986,1,3,1.0
386,25,1557.95,937.0,20.8599999999999,51.49000000000001,1,7,1.0
386,26,2068.39,813.61,73.5,100.33000000000004,1,10,1.0
386,27,2177.97,842.22,93.43000000000029,107.61000000000001,1,10,1.0
386,28,1020.61,811.77,44.969999999999914,29.279999999999973,1,10,1.0
386,29,942.84,850.85,24.799999999999955,32.64999999999998,1,10,1.0
386,30,2065.82,970.89,72.50999999999976,126.62,1,7,1.0
386,1,1100.6,925.99,51.55000000000018,42.10000000000002,1,3,1.0
386,2,1151.79,931.24,84.21000000000004,75.89999999999998,1,3,1.0
386,4,1214.84,928.6,45.40000000000009,37.23000000000002,1,3,1.0
387,16,1279.62,936.92,68.13000000000011,59.40000000000009,1,3,1.0
387,25,1560.75,937.18,20.86999999999989,51.48000000000002,1,7,1.0
387,26,2089.84,810.52,83.81999999999971,105.05000000000007,1,10,1.0
387,27,2208.03,835.54,96.16999999999962,116.82000000000005,1,10,1.0
387,28,1019.29,810.09,45.67000000000007,30.100000000000023,1,10,1.0
387,29,940.14,849.75,25.350000000000023,33.14999999999998,1,10,1.0
387,30,2085.22,972.08,77.26999999999998,131.67999999999995,1,7,1.0
387,1,1101.13,925.5,51.549999999999955,42.09000000000003,1,3,1.0
387,2,1152.06,930.83,84.21000000000004,76.11000000000001,1,3,1.0
387,4,1215.52,928.38,45.3900000000001,37.24000000000001,1,3,1.0
388,16,1279.74,936.58,68.12999999999988,59.39999999999998,1,3,1.0
388,25,1563.56,937.35,20.860000000000127,51.49000000000001,1,7,1.0
388,26,2111.29,807.43,94.13999999999987,109.78000000000009,1,10,1.0
388,27,2238.1,828.86,98.90000000000009,126.01999999999998,1,10,1.0
388,28,1017.97,808.41,46.37999999999988,30.930000000000064,1,10,1.0
388,29,937.44,848.65,25.889999999999986,33.64999999999998,1,10,1.0
388,30,2104.62,973.27,82.0300000000002,136.74,1,7,1.0
388,1,1101.65,925.01,51.549999999999955,42.09000000000003,1,3,1.0
388,2,1152.33,930.41,84.21000000000004,76.33000000000004,1,3,1.0
388,4,1216.19,928.16,45.399999999999864,37.24000000000001,1,3,1.0
389,16,1279.86,936.23,68.13000000000011,59.39999999999998,1,3,1.0
389,25,1566.36,937.53,20.87000000000012,51.49000000000001,1,7,1.0
389,26,2142.84,805.56,85.25999999999976,101.74000000000001,1,10,1.0
389,27,2270.12,835.2,99.68000000000029,119.75999999999999,1,10,1.0
389,28,1016.65,806.73,47.08000000000004,31.75999999999999,1,10,1.0
389,29,934.74,847.55,26.43999999999994,34.15000000000009,1,10,1.0
389,30,2124.01,974.46,86.80999999999995,141.78999999999996,1,7,1.0
389,1,1102.18,924.52,51.549999999999955,42.09000000000003,1,3,1.0
389,2,1152.6,930.0,84.21000000000004,76.54999999999995,1,3,1.0
389,4,1216.87,927.95,45.3900000000001,37.229999999999905,1,3,1.0
390,16,1279.98,935.89,68.13999999999987,59.39999999999998,1,3,1.0
390,25,1569.17,937.7,20.8599999999999,51.49000000000001,1,7,1.0
390,26,2172.84,799.7,91.88999999999987,108.1099999999999,1,10,1.0
390,27,2306.86,830.95,109.63999999999987,125.67999999999995,1,10,1.0
390,28,1015.33,805.04,47.77999999999986,32.59000000000003,1,10,1.0
390,29,932.03,846.45,26.99000000000001,34.64999999999998,1,10,1.0
390,30,2143.41,975.66,91.57000000000016,146.84000000000003,1,7,1.0
390,1,1102.7,924.03,51.549999999999955,42.09000000000003,1,3,1.0
390,2,1152.87,930.04,84.21000000000004,76.31000000000006,1,3,1.0
390,4,1217.54,927.73,45.40000000000009,37.23000000000002,1,3,1.0
391,16,1280.11,935.55,68.13000000000011,59.40000000000009,1,3,1.0
391,25,1571.97,937.88,20.8599999999999,51.49000000000001,1,7,1.0
391,26,2202.84,793.85,98.50999999999976,114.45999999999992,1,10,1.0
391,27,2343.6,826.7,119.59999999999991,131.5999999999999,1,10,1.0
391,28,1014.01,803.36,48.48000000000002,33.41999999999996,1,10,1.0
391,29,929.33,845.35,27.529999999999973,35.14999999999998,1,10,1.0
391,30,2162.81,976.85,96.32999999999993,151.89999999999998,1,7,1.0
391,1,1103.23,923.53,51.549999999999955,42.10000000000002,1,3,1.0
391,2,1153.14,930.08,84.20999999999981,76.06999999999994,1,3,1.0
391,4,1218.22,927.51,45.399999999999864,37.24000000000001,1,3,1.0
392,16,1280.23,935.2,68.12999999999988,59.39999999999998,1,3,1.0
392,25,1574.78,938.05,20.860000000000127,51.49000000000001,1,7,1.0
392,26,2233.0,782.8,95.59999999999991,123.38,1,10,1.0
392,27,2379.9,817.8,122.7199999999998,133.1400000000001,1,10,1.0
392,28,1012.69,801.68,49.190000000000055,34.25,1,10,1.0
392,29,926.63,844.25,28.08000000000004,35.639999999999986,1,10,1.0
392,30,2182.21,978.04,101.09000000000015,156.96000000000004,1,7,1.0
392,1,1103.75,923.04,51.549999999999955,42.10000000000002,1,3,1.0
392,2,1153.41,930.12,84.20999999999981,75.84000000000003,1,3,1.0
392,4,1218.89,927.29,45.399999999999864,37.24000000000001,1,3,1.0
393,16,1280.35,934.86,68.1400000000001,59.39999999999998,1,3,1.0
393,25,1577.58,938.23,20.860000000000127,51.49000000000001,1,7,1.0
393,26,2272.02,781.57,98.51000000000022,122.4899999999999,1,10,1.0
393,27,2428.0,815.73,104.30999999999995,143.43999999999994,1,10,1.0
393,28,1011.37,799.99,49.889999999999986,35.08000000000004,1,10,1.0
393,29,923.93,843.15,28.620000000000005,36.139999999999986,1,10,1.0
393,30,2207.0,977.27,101.09999999999991,156.96000000000004,1,7,1.0
393,1,1104.28,922.55,51.549999999999955,42.10000000000002,1,3,1.0
393,2,1153.68,930.15,84.21000000000004,75.61000000000001,1,3,1.0
393,4,1219.57,927.08,45.40000000000009,37.229999999999905,1,3,1.0
394,16,1280.48,934.52,68.12999999999988,59.39999999999998,1,3,1.0
394,25,1580.39,938.41,20.8599999999999,51.48000000000002,1,7,1.0
394,26,2311.04,780.33,101.42999999999984,121.59999999999991,1,10,1.0
394,27,2476.11,813.67,85.88999999999987,153.73000000000002,1,10,1.0
394,28,1010.05,798.31,50.590000000000146,35.91000000000008,1,10,1.0
394,29,921.23,842.05,29.16999999999996,36.6400000000001,1,10,1.0
394,30,2231.8,976.5,101.09999999999991,156.96000000000004,1,7,1.0
394,1,1104.8,922.06,51.549999999999955,42.10000000000002,1,3,1.0
394,2,1153.95,930.19,84.21000000000004,75.38,1,3,1.0
394,4,1220.25,926.86,45.3900000000001,37.23000000000002,1,3,1.0
395,16,1280.6,934.17,68.13000000000011,59.40000000000009,1,3,1.0
395,25,1583.19,938.58,20.8599999999999,51.49000000000001,1,7,1.0
395,26,2350.05,779.1,104.34999999999991,120.69999999999993,1,10,1.0
395,27,2524.21,811.6,37.789999999999964,87.79999999999995,1,10,1.0
395,28,1008.73,796.63,51.289999999999964,36.73000000000002,1,10,1.0
395,29,918.53,840.95,29.710000000000036,37.139999999999986,1,10,1.0
395,30,2261.46,979.57,101.09000000000015,156.95999999999992,1,7,1.0
395,1,1105.33,921.57,51.55000000000018,42.08999999999992,1,3,1.0
395,2,1154.22,930.23,84.21000000000004,75.13999999999999,1,3,1.0
395,4,1220.92,926.64,45.399999999999864,37.24000000000001,1,3,1.0
396,16,1280.72,933.83,68.12999999999988,59.39999999999998,1,3,1.0
396,25,1586.0,938.76,20.8599999999999,51.48000000000002,1,7,1.0
396,26,2392.8,768.41,118.09999999999991,132.89,1,10,1.0
396,28,1007.41,794.95,52.000000000000114,37.559999999999945,1,10,1.0
396,29,915.83,839.85,30.25,37.639999999999986,1,10,1.0
396,30,2291.11,982.64,101.09999999999991,156.95999999999992,1,7,1.0
396,1,1105.85,921.08,51.55000000000018,42.08999999999992,1,3,1.0
396,2,1154.49,930.27,84.21000000000004,74.89999999999998,1,3,1.0
396,4,1221.6,926.42,45.40000000000009,37.24000000000001,1,3,1.0
397,16,1280.84,933.49,68.1400000000001,59.389999999999986,1,3,1.0
397,25,1589.93,938.84,21.12999999999988,52.60000000000002,1,7,1.0
397,26,2433.11,761.08,118.09999999999991,132.89,1,10,1.0
397,28,1006.09,793.26,52.69999999999993,38.39999999999998,1,10,1.0
397,29,913.13,838.76,30.799999999999955,38.129999999999995,1,10,1.0
397,30,2321.28,980.08,109.95999999999958,177.41999999999996,1,7,1.0
397,1,1106.38,920.59,51.549999999999955,42.08999999999992,1,3,1.0
397,2,1154.76,930.31,84.21000000000004,74.67000000000007,1,3,1.0
397,4,1222.27,926.21,45.40000000000009,37.23000000000002,1,3,1.0
398,16,1280.97,933.14,68.12999999999988,59.39999999999998,1,3,1.0
398,25,1593.86,938.93,21.40000000000009,53.710000000000036,1,7,1.0
398,26,2489.97,758.93,72.0300000000002,132.88,1,10,1.0
398,28,1004.77,791.58,53.40000000000009,39.219999999999914,1,10,1.0
398,29,910.43,837.66,31.340000000000032,38.629999999999995,1,10,1.0
398,30,2351.44,977.53,118.82999999999993,197.87000000000012,1,7,1.0
398,1,1106.9,920.09,51.549999999999955,42.10000000000002,1,3,1.0
398,2,1155.03,930.35,84.21000000000004,74.42999999999995,1,3,1.0
398,4,1222.95,925.99,45.399999999999864,37.23000000000002,1,3,1.0
399,16,1281.09,932.8,68.13000000000011,59.40000000000009,1,3,1.0
399,25,1597.79,939.01,21.670000000000073,54.83000000000004,1,7,1.0
399,28,1003.45,789.9,54.09999999999991,40.05000000000007,1,10,1.0
399,29,907.73,836.56,31.889999999999986,39.13000000000011,1,10,1.0
399,30,2381.61,974.97,127.69000000000005,218.32999999999993,1,7,1.0
399,1,1107.43,919.6,51.549999999999955,42.10000000000002,1,3,1.0
399,2,1155.3,930.39,84.21000000000004,74.19000000000005,1,3,1.0
399,4,1223.62,925.77,45.40000000000009,37.23000000000002,1,3,1.0
400,16,1281.21,932.45,68.12999999999988,59.39999999999998,1,3,1.0
400,25,1601.72,939.1,21.940000000000055,55.93999999999994,1,7,1.0
400,28,1002.17,789.79,53.69999999999993,39.58000000000004,1,10,1.0
400,29,903.93,834.91,32.430000000000064,39.629999999999995,1,10,1.0
400,31,1093.13,858.2,11.659999999999854,34.3599999999999,1,9,1.0
400,32,1369.85,811.0,19.63000000000011,43.51999999999998,1,9,1.0
400,33,1456.97,871.09,19.019999999999982,46.00999999999999,1,9,1.0
400,30,2412.29,974.97,127.69000000000005,218.32999999999993,1,7,1.0
400,1,1107.95,919.11,51.549999999999955,42.10000000000002,1,3,1.0
400,2,1155.57,930.42,84.21000000000004,73.97000000000003,1,3,1.0
400,4,1224.3,925.55,45.40000000000009,37.24000000000001,1,3,1.0
401,16,1281.33,932.11,68.1400000000001,59.39999999999998,1,3,1.0
401,25,1605.66,939.18,22.199999999999818,57.06000000000006,1,7,1.0
401,28,1000.88,789.67,53.31000000000006,39.129999999999995,1,10,1.0
401,29,900.13,833.26,32.98000000000002,40.129999999999995,1,10,1.0
401,31,1092.65,857.5,11.849999999999909,34.57000000000005,1,9,1.0
401,32,1371.3,810.32,19.63000000000011,43.76999999999998,1,9,1.0
401,33,1459.04,870.7,19.0,46.34999999999991,1,9,1.0
401,30,2448.59,977.53,113.40999999999985,218.32999999999993,1,7,1.0
401,1,1108.48,918.62,51.549999999999955,42.10000000000002,1,3,1.0
401,2,1155.84,930.46,84.21000000000004,73.73000000000002,1,3,1.0
401,4,1224.98,925.33,45.38999999999987,37.24000000000001,1,3,1.0
402,16,1281.98,931.93,68.04999999999995,59.260000000000105,1,3,1.0
402,25,1609.59,939.27,22.470000000000027,58.15999999999997,1,7,1.0
402,28,999.59,789.56,52.91999999999996,38.66000000000008,1,10,1.0
402,29,896.33,831.62,33.52999999999997,40.629999999999995,1,10,1.0
402,31,1092.17,856.8,12.029999999999973,34.79000000000008,1,9,1.0
402,32,1372.76,809.63,19.63000000000011,44.02999999999997,1,9,1.0
402,33,1461.1,870.32,18.99000000000001,46.66999999999996,1,9,1.0
402,30,2476.71,981.62,85.28999999999996,218.33000000000004,1,7,1.0
402,1,1109.0,918.13,51.549999999999955,42.09000000000003,1,3,1.0
402,2,1156.45,929.65,84.22000000000003,73.73000000000002,1,3,1.0
402,4,1225.65,925.12,45.399999999999864,37.23000000000002,1,3,1.0
403,16,1282.62,931.74,67.98000000000002,59.120000000000005,1,3,1.0
403,25,1613.52,939.35,22.74000000000001,59.27999999999997,1,7,1.0
403,28,998.31,789.45,52.51999999999998,38.18999999999994,1,10,1.0
403,29,892.53,829.97,34.07000000000005,41.129999999999995,1,10,1.0
403,31,1091.7,856.1,12.210000000000036,35.0,1,9,1.0
403,32,1374.21,808.95,19.639999999999873,44.289999999999964,1,9,1.0
403,33,1463.17,869.93,18.980000000000018,47.010000000000105,1,9,1.0
403,30,2500.23,982.13,61.76999999999998,218.33000000000004,1,7,1.0
403,1,1109.53,917.64,51.549999999999955,42.09000000000003,1,3,1.0
403,2,1157.07,928.84,84.21000000000004,73.73000000000002,1,3,1.0
403,4,1226.33,924.9,45.40000000000009,37.23000000000002,1,3,1.0
404,16,1283.26,931.56,67.90000000000009,58.98000000000002,1,3,1.0
404,25,1617.45,939.44,23.00999999999999,60.389999999999986,1,7,1.0
404,28,997.02,789.34,52.13000000000011,37.73000000000002,1,10,1.0
404,29,888.73,828.33,34.620000000000005,41.620000000000005,1,10,1.0
404,31,1091.22,855.39,12.389999999999873,35.22000000000003,1,9,1.0
404,32,1375.67,808.26,19.62999999999988,44.549999999999955,1,9,1.0
404,33,1465.24,869.55,18.960000000000036,47.33000000000004,1,9,1.0
404,1,1110.05,917.15,51.549999999999955,42.09000000000003,1,3,1.0
404,2,1157.68,928.03,84.22000000000003,73.73000000000002,1,3,1.0
404,4,1227.0,924.68,45.40000000000009,37.24000000000001,1,3,1.0
405,16,1283.9,931.37,67.82999999999993,58.85000000000002,1,3,1.0
405,25,1621.38,939.53,23.279999999999973,61.5,1,7,1.0
405,28,995.73,789.22,51.74000000000001,37.26999999999998,1,10,1.0
405,29,884.94,826.68,35.14999999999998,42.120000000000005,1,10,1.0
405,31,1090.74,854.69,12.579999999999927,35.42999999999995,1,9,1.0
405,32,1377.12,807.58,19.6400000000001,44.799999999999955,1,9,1.0
405,33,1467.3,869.16,18.950000000000045,47.66000000000008,1,9,1.0
405,1,1110.58,916.65,51.55000000000018,42.10000000000002,1,3,1.0
405,2,1158.3,927.22,84.21000000000004,73.73000000000002,1,3,1.0
405,4,1227.68,924.46,45.399999999999864,37.24000000000001,1,3,1.0
406,16,1284.55,931.19,67.74000000000001,58.70999999999992,1,3,1.0
406,25,1625.31,939.61,23.549999999999955,62.620000000000005,1,7,1.0
406,28,994.04,788.03,52.75999999999999,37.48000000000002,1,10,1.0
406,29,880.86,825.03,35.69999999999993,42.629999999999995,1,10,1.0
406,31,1090.26,853.99,12.769999999999982,35.639999999999986,1,9,1.0
406,32,1378.58,806.89,19.63000000000011,45.06000000000006,1,9,1.0
406,33,1469.37,868.78,18.930000000000064,47.99000000000001,1,9,1.0
406,1,1111.1,916.16,51.55000000000018,42.10000000000002,1,3,1.0
406,2,1158.92,926.41,84.21000000000004,73.73000000000002,1,3,1.0
406,4,1228.36,924.25,45.3900000000001,37.23000000000002,1,3,1.0
407,16,1285.19,931.01,67.66999999999985,58.56000000000006,1,3,1.0
407,25,1629.24,939.7,23.819999999999936,63.729999999999905,1,7,1.0
407,28,992.35,786.84,53.76999999999987,37.68999999999994,1,10,1.0
407,29,876.78,823.39,36.25,43.120000000000005,1,10,1.0
407,31,1089.78,853.29,12.950000000000045,35.85000000000002,1,9,1.0
407,32,1380.03,806.21,19.6400000000001,45.309999999999945,1,9,1.0
407,33,1471.44,868.39,18.909999999999854,48.32000000000005,1,9,1.0
407,1,1111.63,915.67,51.549999999999955,42.10000000000002,1,3,1.0
407,2,1159.53,925.6,84.21000000000004,73.73000000000002,1,3,1.0
407,4,1229.03,924.03,45.40000000000009,37.23000000000002,1,3,1.0
408,16,1285.3,930.82,67.59000000000015,58.42999999999995,1,3,1.0
408,25,1633.18,939.78,24.079999999999927,64.84000000000003,1,7,1.0
408,28,990.66,785.66,54.780000000000086,37.889999999999986,1,10,1.0
408,29,872.71,821.74,36.789999999999964,43.620000000000005,1,10,1.0
408,31,1089.2,852.86,13.139999999999873,36.08000000000004,1,9,1.0
408,32,1381.49,805.52,19.62999999999988,45.57000000000005,1,9,1.0
408,33,1473.5,868.01,18.910000000000082,48.64999999999998,1,9,1.0
408,1,1111.97,915.52,51.62999999999988,42.17000000000007,1,3,1.0
408,2,1159.77,925.38,84.21000000000004,73.73000000000002,1,3,1.0
408,4,1229.19,923.91,45.399999999999864,37.23000000000002,1,3,1.0
409,16,1285.41,930.64,67.51999999999998,58.289999999999964,1,3,1.0
409,25,1637.11,939.87,24.350000000000136,65.95000000000005,1,7,1.0
409,28,988.97,784.47,55.789999999999964,38.10000000000002,1,10,1.0
409,29,868.12,820.1,37.34000000000003,44.110000000000014,1,10,1.0
409,31,1088.62,852.44,13.320000000000164,36.289999999999964,1,9,1.0
409,32,1382.94,804.84,19.639999999999873,45.82999999999993,1,9,1.0
409,33,1475.57,867.62,18.8900000000001,48.98000000000002,1,9,1.0
409,1,1112.3,915.36,51.72000000000003,42.25,1,3,1.0
409,2,1160.0,925.16,84.21000000000004,73.73000000000002,1,3,1.0
409,4,1229.35,923.79,45.3900000000001,37.23000000000002,1,3,1.0
410,16,1285.53,930.45,67.43000000000006,58.14999999999998,1,3,1.0
410,25,1641.04,939.95,24.62000000000012,67.06999999999994,1,7,1.0
410,28,987.28,783.28,56.809999999999945,38.31000000000006,1,10,1.0
410,29,863.54,818.45,37.879999999999995,44.620000000000005,1,10,1.0
410,31,1088.04,852.02,13.509999999999991,36.5,1,9,1.0
410,32,1384.4,804.15,19.62999999999988,46.09000000000003,1,9,1.0
410,33,1477.64,867.24,18.86999999999989,49.309999999999945,1,9,1.0
410,1,1112.64,915.21,51.799999999999955,42.32999999999993,1,3,1.0
410,2,1160.24,924.95,84.21000000000004,73.7299999999999,1,3,1.0
410,4,1229.5,923.66,45.40000000000009,37.24000000000001,1,3,1.0
411,16,1285.64,930.27,67.3599999999999,58.00999999999999,1,3,1.0
411,25,1644.97,940.04,24.889999999999873,68.18000000000006,1,7,1.0
411,28,985.59,782.09,57.82000000000005,38.52999999999997,1,10,1.0
411,29,858.95,816.8,38.42999999999995,45.120000000000005,1,10,1.0
411,31,1087.46,851.6,13.690000000000055,36.70999999999992,1,9,1.0
411,32,1385.86,803.47,19.63000000000011,46.33999999999992,1,9,1.0
411,33,1479.7,866.85,18.8599999999999,49.639999999999986,1,9,1.0
411,1,1112.98,915.05,51.87999999999988,42.41000000000008,1,3,1.0
411,2,1160.47,924.73,84.21000000000004,73.73000000000002,1,3,1.0
411,4,1229.66,923.54,45.399999999999864,37.24000000000001,1,3,1.0
412,16,1285.75,930.09,67.28999999999996,57.870000000000005,1,3,1.0
412,25,1648.9,940.12,25.159999999999854,69.29999999999995,1,7,1.0
412,28,983.9,780.9,58.83000000000004,38.74000000000001,1,10,1.0
412,29,854.37,815.16,38.97000000000003,45.610000000000014,1,10,1.0
412,31,1086.88,851.18,13.879999999999882,36.930000000000064,1,9,1.0
412,32,1387.31,802.78,19.63000000000011,46.60000000000002,1,9,1.0
412,33,1481.77,866.47,18.84999999999991,49.95999999999992,1,9,1.0
412,1,1113.32,914.9,51.960000000000036,42.48000000000002,1,3,1.0
412,2,1160.71,924.51,84.21000000000004,73.73000000000002,1,3,1.0
412,4,1229.82,923.42,45.40000000000009,37.24000000000001,1,3,1.0
413,16,1285.86,929.9,67.21000000000004,57.74000000000001,1,3,1.0
413,25,1652.83,940.21,25.430000000000064,70.40999999999997,1,7,1.0
413,28,982.21,779.71,59.83999999999992,38.94999999999993,1,10,1.0
413,29,849.78,813.51,39.51999999999998,46.110000000000014,1,10,1.0
413,31,1086.3,850.76,14.059999999999945,37.139999999999986,1,9,1.0
413,32,1388.77,802.1,19.63000000000011,46.85000000000002,1,9,1.0
413,33,1483.84,866.08,18.830000000000155,50.299999999999955,1,9,1.0
413,1,1113.66,914.74,52.02999999999997,42.569999999999936,1,3,1.0
413,2,1160.94,924.3,84.22000000000003,73.73000000000002,1,3,1.0
413,4,1229.98,923.3,45.38999999999987,37.23000000000002,1,3,1.0
414,16,1285.98,929.72,67.12999999999988,57.58999999999992,1,3,1.0
414,25,1656.77,940.3,25.690000000000055,71.50999999999999,1,7,1.0
414,28,980.52,778.52,60.86000000000013,39.15999999999997,1,10,1.0
414,29,845.2,811.86,40.059999999999945,46.620000000000005,1,10,1.0
414,31,1085.72,850.33,14.240000000000009,37.360000000000014,1,9,1.0
414,32,1390.22,801.41,19.62999999999988,47.110000000000014,1,9,1.0
414,33,1485.9,865.69,18.819999999999936,50.629999999999995,1,9,1.0
414,1,1113.99,914.58,52.11999999999989,42.64999999999998,1,3,1.0
414,2,1161.18,924.08,84.21000000000004,73.7299999999999,1,3,1.0
414,4,1230.13,923.18,45.399999999999864,37.23000000000002,1,3,1.0
415,16,1286.09,929.53,67.05000000000018,57.460000000000036,1,3,1.0
415,25,1660.7,940.38,25.960000000000036,72.63,1,7,1.0
415,28,978.83,777.33,61.870000000000005,39.370000000000005,1,10,1.0
415,29,840.61,810.22,40.610000000000014,47.110000000000014,1,10,1.0
415,31,1085.14,849.91,14.429999999999836,37.57000000000005,1,9,1.0
415,32,1391.68,800.73,19.62999999999988,47.370000000000005,1,9,1.0
415,33,1487.97,865.31,18.799999999999955,50.960000000000036,1,9,1.0
415,1,1114.33,914.43,52.200000000000045,42.72000000000003,1,3,1.0
415,2,1161.41,923.86,84.22000000000003,73.73000000000002,1,3,1.0
415,4,1230.29,923.06,45.40000000000009,37.23000000000002,1,3,1.0
416,16,1286.2,929.35,66.98000000000002,57.319999999999936,1,3,1.0
416,25,1666.11,940.47,26.24000000000001,73.74000000000001,1,7,1.0
416,28,977.14,776.14,61.29000000000008,39.539999999999964,1,10,1.0
416,29,835.22,808.73,41.15999999999997,47.60000000000002,1,10,1.0
416,31,1084.56,849.49,14.610000000000127,37.789999999999964,1,9,1.0
416,32,1393.13,800.04,19.639999999999873,47.629999999999995,1,9,1.0
416,33,1490.04,864.92,18.779999999999973,51.29000000000008,1,9,1.0
416,1,1114.67,914.27,52.27999999999997,42.81000000000006,1,3,1.0
416,2,1161.65,923.65,84.20999999999981,73.73000000000002,1,3,1.0
416,4,1230.45,922.93,45.399999999999864,37.24000000000001,1,3,1.0
417,16,1286.31,929.17,66.90000000000009,57.180000000000064,1,3,1.0
417,25,1671.53,940.55,26.5,74.86000000000001,1,7,1.0
417,28,975.45,774.95,60.700000000000045,39.69999999999993,1,10,1.0
417,29,829.84,807.23,41.68999999999994,48.110000000000014,1,10,1.0
417,31,1083.98,849.07,14.799999999999955,38.0,1,9,1.0
417,32,1394.59,799.36,19.63000000000011,47.879999999999995,1,9,1.0
417,33,1492.1,864.54,18.7800000000002,51.610000000000014,1,9,1.0
417,1,1115.01,914.12,52.3599999999999,42.879999999999995,1,3,1.0
417,2,1161.88,923.43,84.2199999999998,73.73000000000002,1,3,1.0
417,4,1230.61,922.81,45.3900000000001,37.24000000000001,1,3,1.0
418,16,1286.43,928.98,66.81999999999994,57.039999999999964,1,3,1.0
418,25,1676.95,940.64,26.769999999999982,75.97000000000003,1,7,1.0
418,28,973.76,773.77,60.12000000000012,39.860000000000014,1,10,1.0
418,29,824.45,805.74,42.24000000000001,48.610000000000014,1,10,1.0
418,31,1083.4,848.65,14.980000000000018,38.210000000000036,1,9,1.0
418,32,1396.04,798.67,19.6400000000001,48.139999999999986,1,9,1.0
418,33,1494.17,864.15,18.75999999999999,51.950000000000045,1,9,1.0
418,1,1115.35,913.96,52.440000000000055,42.95999999999992,1,3,1.0
418,2,1162.12,923.21,84.21000000000004,73.73000000000002,1,3,1.0
418,4,1230.76,922.69,45.40000000000009,37.239999999999895,1,3,1.0
419,16,1286.54,928.8,66.74000000000001,56.90000000000009,1,3,1.0
419,25,1682.37,940.72,27.0300000000002,77.08999999999992,1,7,1.0
419,28,972.07,772.58,59.52999999999986,40.01999999999998,1,10,1.0
419,29,819.06,804.25,42.79000000000008,49.10000000000002,1,10,1.0
419,31,1082.82,848.23,15.170000000000073,38.42999999999995,1,9,1.0
419,32,1397.5,797.99,19.63000000000011,48.389999999999986,1,9,1.0
419,33,1496.24,863.77,18.74000000000001,52.26999999999998,1,9,1.0
419,1,1115.68,913.81,52.52999999999997,43.04000000000008,1,3,1.0
419,2,1162.36,923.0,84.21000000000004,73.73000000000002,1,3,1.0
419,4,1230.92,922.57,45.399999999999864,37.229999999999905,1,3,1.0
420,16,1286.65,928.61,66.66999999999985,56.76999999999998,1,3,1.0
420,25,1687.54,940.89,27.309999999999945,78.20000000000005,1,7,1.0
420,28,970.38,771.39,56.479999999999905,37.700000000000045,1,10,1.0
420,29,811.37,801.99,43.34000000000003,49.60000000000002,1,10,1.0
420,31,1082.24,847.8,15.349999999999909,38.65000000000009,1,9,1.0
420,32,1398.95,797.3,19.639999999999873,48.65000000000009,1,9,1.0
420,33,1498.3,863.38,18.730000000000018,52.610000000000014,1,9,1.0
420,1,1116.02,913.65,52.61000000000013,43.120000000000005,1,3,1.0
420,2,1162.59,922.78,84.21000000000004,73.73000000000002,1,3,1.0
420,4,1231.08,922.45,45.40000000000009,37.229999999999905,1,3,1.0
421,16,1286.76,928.43,66.58999999999992,56.620000000000005,1,3,1.0
421,25,1692.72,941.06,27.579999999999927,79.31000000000006,1,7,1.0
421,28,968.69,770.2,53.42999999999995,35.389999999999986,1,10,1.0
421,29,804.05,800.34,43.879999999999995,50.10000000000002,1,10,1.0
421,31,1081.66,847.38,15.539999999999964,38.860000000000014,1,9,1.0
421,32,1400.41,796.62,19.62999999999988,48.89999999999998,1,9,1.0
421,33,1500.37,863.0,18.720000000000027,52.92999999999995,1,9,1.0
421,1,1116.36,913.5,52.690000000000055,43.190000000000055,1,3,1.0
421,2,1162.83,922.56,84.21000000000004,73.73000000000002,1,3,1.0
421,4,1231.24,922.33,45.3900000000001,37.229999999999905,1,3,1.0
422,16,1286.87,928.25,66.52000000000021,56.48000000000002,1,3,1.0
422,25,1697.9,941.23,27.84999999999991,80.41999999999996,1,7,1.0
422,28,967.0,769.01,50.370000000000005,33.07000000000005,1,10,1.0
422,29,796.73,798.69,44.41999999999996,50.6099999999999,1,10,1.0
422,31,1081.08,846.96,15.720000000000027,39.069999999999936,1,9,1.0
422,32,1401.86,795.93,19.6400000000001,49.17000000000007,1,9,1.0
422,33,1502.44,862.61,18.700000000000045,53.25999999999999,1,9,1.0
422,1,1116.7,913.34,52.76999999999998,43.26999999999998,1,3,1.0
422,2,1163.06,922.35,84.21000000000004,73.73000000000002,1,3,1.0
422,4,1231.39,922.2,45.399999999999864,37.24000000000001,1,3,1.0
423,16,1286.99,928.06,66.43000000000006,56.35000000000002,1,3,1.0
423,25,1703.08,941.4,28.12000000000012,81.52999999999997,1,7,1.0
423,28,965.31,767.82,47.32000000000005,30.75999999999999,1,10,1.0
423,29,789.41,797.05,44.97000000000003,51.10000000000002,1,10,1.0
423,31,1080.5,846.54,15.910000000000082,39.29000000000008,1,9,1.0
423,32,1403.32,795.25,19.63000000000011,49.41999999999996,1,9,1.0
423,33,1504.5,862.23,18.690000000000055,53.59000000000003,1,9,1.0
423,1,1117.03,913.19,52.86000000000013,43.34999999999991,1,3,1.0
423,2,1163.3,922.13,84.21000000000004,73.73000000000002,1,3,1.0
423,4,1231.55,922.08,45.40000000000009,37.24000000000001,1,3,1.0
424,16,1287.1,927.88,66.36000000000013,56.210000000000036,1,3,1.0
424,25,1708.26,941.56,28.38000000000011,82.65000000000009,1,7,1.0
424,28,963.62,766.63,44.26999999999998,28.440000000000055,1,10,1.0
424,29,782.09,795.4,45.50999999999999,51.60000000000002,1,10,1.0
424,31,1079.49,846.14,16.09999999999991,39.5,1,9,1.0
424,32,1404.78,794.56,19.63000000000011,49.680000000000064,1,9,1.0
424,33,1506.57,861.84,18.670000000000073,53.91999999999996,1,9,1.0
424,1,1117.37,913.03,52.940000000000055,43.430000000000064,1,3,1.0
424,2,1163.53,921.91,84.21000000000004,73.73000000000002,1,3,1.0
424,4,1231.71,921.96,45.399999999999864,37.23000000000002,1,3,1.0
425,16,1287.21,927.69,66.27999999999997,56.069999999999936,1,3,1.0
425,25,1713.44,941.73,28.649999999999864,83.75999999999999,1,7,1.0
425,28,959.91,764.37,47.610000000000014,31.120000000000005,1,10,1.0
425,29,772.89,791.69,46.289999999999964,52.75999999999999,1,10,1.0
425,31,1078.49,845.73,16.269999999999982,39.72000000000003,1,9,1.0
425,32,1406.23,793.88,19.62999999999988,49.92999999999995,1,9,1.0
425,33,1508.64,861.46,18.659999999999854,54.25,1,9,1.0
425,1,1117.71,912.88,53.01999999999998,43.5,1,3,1.0
425,2,1163.77,921.7,84.21000000000004,73.7299999999999,1,3,1.0
425,4,1231.87,921.84,45.3900000000001,37.23000000000002,1,3,1.0
426,16,1287.32,927.51,66.21000000000004,55.930000000000064,1,3,1.0
426,25,1718.62,941.9,28.920000000000073,84.87,1,7,1.0
426,28,956.19,762.11,50.969999999999914,33.809999999999945,1,10,1.0
426,29,763.69,787.98,47.069999999999936,53.91999999999996,1,10,1.0
426,31,1077.48,845.33,16.460000000000036,39.92999999999995,1,9,1.0
426,32,1407.69,793.19,19.62999999999988,50.18999999999994,1,9,1.0
426,33,1510.88,861.07,18.639999999999873,54.57999999999993,1,9,1.0
426,1,1118.05,912.72,53.100000000000136,43.58999999999992,1,3,1.0
426,2,1164.0,921.48,84.21000000000004,73.73000000000002,1,3,1.0
426,4,1232.02,921.72,45.40000000000009,37.23000000000002,1,3,1.0
427,16,1287.44,927.33,66.11999999999989,55.789999999999964,1,3,1.0
427,25,1723.8,942.07,29.190000000000055,85.9899999999999,1,7,1.0
427,28,952.48,759.85,54.309999999999945,36.49000000000001,1,10,1.0
427,29,754.49,784.27,47.84000000000003,55.08000000000004,1,10,1.0
427,31,1076.47,844.93,16.649999999999864,40.1400000000001,1,9,1.0
427,32,1409.14,792.51,19.639999999999873,50.440000000000055,1,9,1.0
427,33,1513.12,860.69,18.63000000000011,54.89999999999998,1,9,1.0
427,1,1118.39,912.57,53.179999999999836,43.65999999999997,1,3,1.0
427,2,1164.24,921.26,84.21000000000004,73.73000000000002,1,3,1.0
427,4,1232.18,921.6,45.399999999999864,37.23000000000002,1,3,1.0
428,16,1287.55,927.14,66.04999999999995,55.65999999999997,1,3,1.0
428,25,1728.98,942.24,29.460000000000036,87.09999999999991,1,7,1.0
428,28,948.77,757.59,57.65999999999997,39.16999999999996,1,10,1.0
428,29,745.29,780.56,48.620000000000005,56.25,1,10,1.0
428,31,1075.47,844.52,16.829999999999927,40.360000000000014,1,9,1.0
428,32,1410.6,791.82,19.63000000000011,50.70999999999992,1,9,1.0
428,33,1515.36,860.3,18.62000000000012,55.24000000000001,1,9,1.0
428,1,1118.72,912.41,53.26999999999998,43.74000000000001,1,3,1.0
428,2,1164.47,921.05,84.22000000000003,73.73000000000002,1,3,1.0
428,4,1232.34,921.47,45.40000000000009,37.24000000000001,1,3,1.0
429,16,1287.66,926.96,65.97000000000003,55.50999999999999,1,3,1.0
429,25,1734.16,942.41,29.720000000000027,88.20999999999992,1,7,1.0
429,28,945.05,755.33,61.00999999999999,41.84999999999991,1,10,1.0
429,29,736.09,776.85,49.39999999999998,57.40999999999997,1,10,1.0
429,31,1074.46,844.12,17.00999999999999,40.57000000000005,1,9,1.0
429,32,1412.05,791.14,19.6400000000001,50.960000000000036,1,9,1.0
429,33,1517.61,859.92,18.600000000000136,55.56000000000006,1,9,1.0
429,1,1119.06,912.25,53.350000000000136,43.83000000000004,1,3,1.0
429,2,1164.71,920.83,84.21000000000004,73.7299999999999,1,3,1.0
429,4,1232.49,921.35,45.40000000000009,37.24000000000001,1,3,1.0
430,16,1287.77,926.77,65.90000000000009,55.379999999999995,1,3,1.0
430,25,1739.34,942.57,29.99000000000001,89.33000000000004,1,7,1.0
430,28,941.34,753.07,64.36000000000001,44.52999999999997,1,10,1.0
430,29,726.89,773.13,50.180000000000064,58.58000000000004,1,10,1.0
430,31,1073.45,843.72,17.200000000000045,40.789999999999964,1,9,1.0
430,32,1413.51,790.45,19.63000000000011,51.219999999999914,1,9,1.0
430,33,1519.85,859.53,18.590000000000146,55.89999999999998,1,9,1.0
430,1,1119.4,912.1,53.429999999999836,43.89999999999998,1,3,1.0
430,2,1164.94,920.61,84.22000000000003,73.73000000000002,1,3,1.0
430,4,1232.65,921.23,45.399999999999864,37.23000000000002,1,3,1.0
431,16,1287.8,926.77,65.81999999999994,55.24000000000001,1,3,1.0
431,25,1747.0,941.42,30.269999999999982,90.43999999999994,1,7,1.0
431,28,937.63,750.81,64.64999999999998,44.960000000000036,1,10,1.0
431,29,717.69,769.42,50.95999999999992,59.74000000000001,1,10,1.0
431,31,1072.04,843.18,17.38000000000011,41.0,1,9,1.0
431,32,1414.96,789.77,19.639999999999873,51.47000000000003,1,9,1.0
431,33,1522.09,859.15,18.570000000000164,56.22000000000003,1,9,1.0
431,1,1119.17,912.19,53.25,43.739999999999895,1,3,1.0
431,2,1165.18,920.4,84.21000000000004,73.73000000000002,1,3,1.0
431,4,1233.08,921.49,45.40000000000009,37.23000000000002,1,3,1.0
432,16,1287.83,926.77,65.74000000000001,55.10000000000002,1,3,1.0
432,25,1753.6,941.5,30.5300000000002,91.54999999999995,1,7,1.0
432,28,933.91,748.55,64.96000000000004,45.379999999999995,1,10,1.0
432,29,708.49,765.71,51.73000000000002,60.89999999999998,1,10,1.0
432,31,1070.63,842.64,17.569999999999936,41.22000000000003,1,9,1.0
432,32,1416.42,789.08,19.62999999999988,51.729999999999905,1,9,1.0
432,33,1524.33,858.76,18.560000000000173,56.549999999999955,1,9,1.0
432,1,1118.93,912.28,53.08999999999992,43.58000000000004,1,3,1.0
432,2,1165.41,920.18,84.22000000000003,73.73000000000002,1,3,1.0
432,4,1233.5,921.74,45.40000000000009,37.23000000000002,1,3,1.0
433,16,1287.86,926.77,65.67000000000007,54.960000000000036,1,3,1.0
433,25,1760.2,941.58,30.799999999999955,92.65999999999997,1,7,1.0
433,28,930.2,746.29,65.25,45.81000000000006,1,10,1.0
433,29,699.29,762.0,52.50999999999999,62.059999999999945,1,10,1.0
433,31,1069.22,842.11,17.75,41.41999999999996,1,9,1.0
433,32,1417.87,788.4,19.6400000000001,51.98000000000002,1,9,1.0
433,33,1526.58,858.38,18.539999999999964,56.879999999999995,1,9,1.0
433,1,1118.7,912.38,52.909999999999854,43.39999999999998,1,3,1.0
433,2,1165.65,919.96,84.20999999999981,73.73000000000002,1,3,1.0
433,4,1233.93,921.99,45.399999999999864,37.24000000000001,1,3,1.0
434,16,1287.89,926.77,65.58999999999992,54.83000000000004,1,3,1.0
434,25,1766.8,941.65,31.069999999999936,93.78000000000009,1,7,1.0
434,28,926.49,744.03,65.53999999999996,46.24000000000001,1,10,1.0
434,29,690.09,758.29,53.289999999999964,63.22000000000003,1,10,1.0
434,31,1067.8,841.57,17.940000000000055,41.639999999999986,1,9,1.0
434,32,1419.33,787.71,19.63000000000011,52.25,1,9,1.0
434,33,1528.82,857.99,18.529999999999973,57.210000000000036,1,9,1.0
434,1,1118.46,912.47,52.75,43.24000000000001,1,3,1.0
434,2,1165.88,919.75,84.2199999999998,73.73000000000002,1,3,1.0
434,4,1231.92,921.25,45.399999999999864,37.24000000000001,1,3,1.0
435,16,1287.92,926.77,65.50999999999999,54.690000000000055,1,3,1.0
435,25,1772.44,941.51,31.339999999999918,94.8900000000001,1,7,1.0
435,28,922.77,741.77,65.85000000000002,46.65999999999997,1,10,1.0
435,29,674.78,753.81,54.07000000000005,64.3900000000001,1,10,1.0
435,31,1066.39,841.03,18.12999999999988,41.860000000000014,1,9,1.0
435,32,1420.78,787.03,19.6400000000001,52.5,1,9,1.0
435,33,1531.06,857.61,18.519999999999982,57.539999999999964,1,9,1.0
435,1,1118.23,912.56,52.569999999999936,43.08000000000004,1,3,1.0
435,2,1166.12,919.53,84.21000000000004,73.73000000000002,1,3,1.0
435,4,1229.92,920.51,45.399999999999864,37.23000000000002,1,3,1.0
436,16,1287.95,926.77,65.44000000000005,54.55000000000007,1,3,1.0
436,25,1778.08,941.36,31.610000000000127,96.00999999999988,1,7,1.0
436,28,919.06,739.51,66.1400000000001,47.09000000000003,1,10,1.0
436,29,659.47,749.34,54.85000000000002,65.54999999999995,1,10,1.0
436,31,1064.98,840.49,18.309999999999945,42.069999999999936,1,9,1.0
436,32,1422.24,786.34,19.62999999999988,52.75999999999999,1,9,1.0
436,33,1533.3,857.22,18.5,57.870000000000005,1,9,1.0
436,1,1118.0,912.65,52.40000000000009,42.92000000000007,1,3,1.0
436,2,1166.36,919.31,84.21000000000004,73.73000000000002,1,3,1.0
436,4,1229.35,920.38,45.40000000000009,37.23000000000002,1,3,1.0
437,16,1287.98,926.77,65.3599999999999,54.40999999999997,1,3,1.0
437,25,1783.72,941.22,31.87999999999988,97.1099999999999,1,7,1.0
437,28,915.34,737.25,66.52999999999997,46.620000000000005,1,10,1.0
437,29,645.44,743.81,55.629999999999995,66.71000000000004,1,10,1.0
437,31,1063.57,839.95,18.49000000000001,42.289999999999964,1,9,1.0
437,32,1423.7,785.66,19.62999999999988,53.00999999999999,1,9,1.0
437,33,1535.55,856.83,18.480000000000018,58.20999999999992,1,9,1.0
437,1,1117.76,912.74,52.23000000000002,42.75999999999999,1,3,1.0
437,2,1166.59,919.1,84.21000000000004,73.73000000000002,1,3,1.0
437,4,1228.78,920.25,45.3900000000001,37.23000000000002,1,3,1.0
438,16,1288.01,926.77,65.27999999999997,54.26999999999998,1,3,1.0
438,25,1791.4,941.28,32.13999999999987,98.23000000000002,1,7,1.0
438,28,911.63,734.98,66.90999999999997,46.15999999999997,1,10,1.0
438,29,631.4,738.27,56.40999999999997,67.87,1,10,1.0
438,31,1062.16,839.42,18.669999999999845,42.5,1,9,1.0
438,32,1425.15,784.98,19.62999999999988,53.25999999999999,1,9,1.0
438,33,1537.79,856.45,18.470000000000027,58.52999999999997,1,9,1.0
438,1,1117.53,912.84,52.059999999999945,42.57999999999993,1,3,1.0
438,2,1166.83,918.88,84.21000000000004,73.73000000000002,1,3,1.0
438,4,1229.12,921.04,45.40000000000009,37.23000000000002,1,3,1.0
439,16,1288.04,926.77,65.20000000000005,54.129999999999995,1,3,1.0
439,25,1799.07,941.34,32.41000000000008,99.34000000000003,1,7,1.0
439,28,907.92,732.72,67.29000000000008,45.68999999999994,1,10,1.0
439,29,617.37,732.74,57.18999999999994,69.02999999999997,1,10,1.0
439,31,1060.75,838.88,18.8599999999999,42.710000000000036,1,9,1.0
439,32,1426.61,784.29,19.63000000000011,53.51999999999998,1,9,1.0
439,33,1540.03,856.06,18.460000000000036,58.860000000000014,1,9,1.0
439,1,1117.29,912.93,51.8900000000001,42.42000000000007,1,3,1.0
439,2,1167.06,918.66,84.21000000000004,73.73000000000002,1,3,1.0
439,4,1228.25,920.6,45.3900000000001,37.24000000000001,1,3,1.0
440,16,1288.07,926.77,65.13000000000011,53.99000000000001,1,3,1.0
440,25,1806.75,941.4,32.680000000000064,100.44999999999993,1,7,1.0
440,28,904.2,730.46,67.68999999999994,45.23000000000002,1,10,1.0
440,29,603.33,727.2,57.969999999999914,70.19999999999993,1,10,1.0
440,31,1059.33,838.34,19.050000000000182,42.92999999999995,1,9,1.0
440,32,1428.06,783.61,19.6400000000001,53.77999999999997,1,9,1.0
440,33,1542.27,855.68,18.450000000000045,59.190000000000055,1,9,1.0
440,1,1117.06,913.02,51.72000000000003,42.25999999999999,1,3,1.0
440,2,1167.3,918.45,84.21000000000004,73.7299999999999,1,3,1.0
440,4,1238.4,920.78,37.429999999999836,35.42000000000007,1,3,1.0
441,16,1288.1,924.75,65.05000000000018,53.85000000000002,1,3,1.0
441,25,1811.77,928.96,32.950000000000045,114.06999999999994,1,7,1.0
441,28,900.49,728.2,68.06999999999994,44.75999999999999,1,10,1.0
441,29,586.62,722.94,58.75,71.3599999999999,1,10,1.0
441,31,1057.92,837.8,19.230000000000018,43.15000000000009,1,9,1.0
441,32,1429.52,782.92,19.63000000000011,54.04000000000008,1,9,1.0
441,33,1544.52,855.29,18.420000000000073,59.51999999999998,1,9,1.0
441,1,1116.82,913.11,51.549999999999955,42.10000000000002,1,3,1.0
441,2,1166.27,916.96,84.21000000000004,73.73000000000002,1,3,1.0
442,16,1287.68,924.56,65.03999999999996,53.85000000000002,1,3,1.0
442,25,1823.68,928.74,33.22000000000003,115.46000000000004,1,7,1.0
442,28,896.78,725.94,68.45000000000005,44.289999999999964,1,10,1.0
442,29,569.91,718.68,59.51999999999998,72.5200000000001,1,10,1.0
442,31,1056.51,837.27,19.420000000000073,43.35000000000002,1,9,1.0
442,32,1430.97,782.24,19.639999999999873,54.289999999999964,1,9,1.0
442,33,1546.76,854.91,18.410000000000082,59.85000000000002,1,9,1.0
442,1,1116.64,913.19,51.549999999999955,42.08999999999992,1,3,1.0
442,2,1166.22,916.63,84.21000000000004,73.73000000000002,1,3,1.0
443,16,1287.25,924.37,65.04999999999995,53.85000000000002,1,3,1.0
443,25,1828.85,933.09,37.840000000000146,115.92999999999995,1,7,1.0
443,28,893.06,723.68,68.84000000000003,43.82000000000005,1,10,1.0
443,29,553.2,714.41,60.299999999999955,73.69000000000005,1,10,1.0
443,31,1055.1,836.73,19.600000000000136,43.569999999999936,1,9,1.0
443,32,1432.43,781.55,19.62999999999988,54.55000000000007,1,9,1.0
443,33,1549.0,854.52,18.40000000000009,60.180000000000064,1,9,1.0
443,1,1116.45,913.27,51.549999999999955,42.09000000000003,1,3,1.0
443,2,1166.18,916.3,84.21000000000004,73.73000000000002,1,3,1.0
444,16,1286.83,924.18,65.03999999999996,53.85000000000002,1,3,1.0
444,25,1834.02,937.44,42.450000000000045,116.39999999999986,1,7,1.0
444,28,888.23,720.12,69.60000000000002,44.83000000000004,1,10,1.0
444,29,530.55,705.51,61.32000000000005,76.22000000000003,1,10,1.0
444,31,1053.67,835.4,20.309999999999945,44.700000000000045,1,9,1.0
444,32,1434.17,780.12,19.62999999999988,54.549999999999955,1,9,1.0
444,33,1551.35,854.52,18.40000000000009,60.180000000000064,1,9,1.0
444,1,1116.27,913.34,51.549999999999955,42.10000000000002,1,3,1.0
444,2,1166.13,915.97,84.20999999999981,73.73000000000002,1,3,1.0
445,16,1286.4,923.99,65.04999999999995,53.860000000000014,1,3,1.0
445,25,1839.18,941.8,47.07999999999993,116.86000000000013,1,7,1.0
445,28,883.39,716.56,70.38,45.84000000000003,1,10,1.0
445,29,507.91,696.6,62.31999999999999,78.76999999999998,1,10,1.0
445,31,1052.24,834.07,21.029999999999973,45.82999999999993,1,9,1.0
445,32,1435.9,778.69,19.639999999999873,54.549999999999955,1,9,1.0
445,33,1553.71,854.52,18.389999999999873,60.180000000000064,1,9,1.0
445,1,1116.08,913.42,51.55000000000018,42.10000000000002,1,3,1.0
445,2,1166.08,915.64,84.21000000000004,73.73000000000002,1,3,1.0
446,16,1285.98,923.8,65.03999999999996,53.860000000000014,1,3,1.0
446,25,1844.35,946.15,51.690000000000055,117.33000000000004,1,7,1.0
446,28,878.56,713.0,71.1400000000001,46.85000000000002,1,10,1.0
446,29,485.26,687.7,63.34000000000003,81.29999999999995,1,10,1.0
446,31,1050.8,832.74,21.75,46.960000000000036,1,9,1.0
446,32,1437.64,777.26,19.639999999999873,54.549999999999955,1,9,1.0
446,33,1556.06,854.52,18.40000000000009,60.180000000000064,1,9,1.0
446,1,1115.9,913.5,51.549999999999955,42.09000000000003,1,3,1.0
446,2,1166.03,915.31,84.22000000000003,73.73000000000002,1,3,1.0
447,16,1285.55,923.62,65.04999999999995,53.85000000000002,1,3,1.0
447,25,1849.52,950.5,56.309999999999945,117.79999999999995,1,7,1.0
447,28,873.72,709.43,71.90999999999997,47.870000000000005,1,10,1.0
447,29,462.61,678.79,64.36000000000001,83.84000000000003,1,10,1.0
447,31,1049.37,831.41,22.460000000000036,48.09000000000003,1,9,1.0
447,32,1439.38,775.82,19.62999999999988,54.549999999999955,1,9,1.0
447,33,1558.41,854.52,18.399999999999864,60.180000000000064,1,9,1.0
447,1,1115.71,913.57,51.549999999999955,42.09999999999991,1,3,1.0
447,2,1165.99,914.98,84.21000000000004,73.73000000000002,1,3,1.0
448,16,1285.13,923.43,65.03999999999996,53.85000000000002,1,3,1.0
448,25,1859.17,927.43,57.0,150.14,1,7,1.0
448,28,868.89,705.87,72.68000000000006,48.879999999999995,1,10,1.0
448,29,439.97,669.88,65.35999999999996,86.38999999999999,1,10,1.0
448,31,1047.94,830.08,23.179999999999836,49.219999999999914,1,9,1.0
448,32,1441.12,774.39,19.63000000000011,54.55000000000007,1,9,1.0
448,33,1560.76,854.52,18.40000000000009,60.180000000000064,1,9,1.0
448,1,1115.53,913.65,51.549999999999955,42.10000000000002,1,3,1.0
448,2,1165.94,914.65,84.21000000000004,73.73000000000002,1,3,1.0
449,16,1284.7,923.24,65.04999999999995,53.85000000000002,1,3,1.0
449,25,1871.14,927.21,57.69999999999982,152.02999999999997,1,7,1.0
449,28,864.05,702.31,73.45000000000005,49.8900000000001,1,10,1.0
449,29,417.32,660.98,66.38,88.91999999999996,1,10,1.0
449,31,1046.51,828.75,23.8900000000001,50.35000000000002,1,9,1.0
449,32,1442.86,772.96,19.63000000000011,54.549999999999955,1,9,1.0
449,33,1563.11,854.52,18.40000000000009,60.180000000000064,1,9,1.0
449,1,1115.34,913.73,51.55000000000018,42.09000000000003,1,3,1.0
449,2,1165.89,914.32,84.20999999999981,73.7299999999999,1,3,1.0
450,16,1284.28,923.05,65.04999999999995,53.85000000000002,1,3,1.0
450,25,1883.37,927.0,58.3900000000001,153.92000000000007,1,7,1.0
450,28,856.42,698.49,75.68000000000006,49.889999999999986,1,10,1.0
450,29,384.24,649.53,70.20999999999998,93.70000000000005,1,10,1.0
450,31,1044.92,828.75,23.889999999999873,50.35000000000002,1,9,1.0
450,32,1444.45,771.69,19.940000000000055,55.819999999999936,1,9,1.0
450,33,1564.65,853.67,20.949999999999818,60.180000000000064,1,9,1.0
450,1,1115.16,913.81,51.539999999999964,42.09000000000003,1,3,1.0
450,2,1165.84,913.99,84.22000000000003,73.73000000000002,1,3,1.0
451,16,1283.85,922.86,65.05000000000018,53.85000000000002,1,3,1.0
451,25,1895.59,926.78,59.090000000000146,155.81999999999994,1,7,1.0
451,28,848.79,694.68,77.91000000000008,49.8900000000001,1,10,1.0
451,29,351.16,638.08,74.03999999999996,98.46999999999991,1,10,1.0
451,31,1043.33,828.75,23.8900000000001,50.35000000000002,1,9,1.0
451,32,1446.04,770.42,20.25999999999999,57.09000000000003,1,9,1.0
451,33,1566.19,852.82,23.5,60.17999999999995,1,9,1.0
451,1,1114.97,913.88,51.549999999999955,42.10000000000002,1,3,1.0
451,2,1165.8,913.66,84.21000000000004,73.73000000000002,1,3,1.0
452,16,1283.43,922.67,65.04999999999995,53.85000000000002,1,3,1.0
452,25,1905.7,926.56,59.77999999999997,157.72000000000003,1,7,1.0
452,28,841.15,690.86,80.14999999999998,49.889999999999986,1,10,1.0
452,29,318.08,626.63,77.87,103.25,1,10,1.0
452,31,1041.74,828.75,23.8900000000001,50.35000000000002,1,9,1.0
452,32,1447.63,769.14,20.569999999999936,58.360000000000014,1,9,1.0
452,33,1567.72,851.97,26.059999999999945,60.16999999999996,1,9,1.0
452,1,1114.79,913.96,51.539999999999964,42.09999999999991,1,3,1.0
452,2,1165.75,913.33,84.21000000000004,73.7299999999999,1,3,1.0
453,16,1283.0,922.48,65.04999999999995,53.860000000000014,1,3,1.0
453,25,1918.12,926.34,60.48000000000002,159.62,1,7,1.0
453,28,833.52,687.04,82.38,49.889999999999986,1,10,1.0
453,29,285.0,615.18,81.69999999999999,108.0200000000001,1,10,1.0
453,31,1040.15,828.75,23.889999999999873,50.35000000000002,1,9,1.0
453,32,1449.22,767.87,20.87999999999988,59.629999999999995,1,9,1.0
453,33,1569.39,852.06,28.6099999999999,60.17000000000007,1,9,1.0
453,34,1707.4,960.72,173.26,63.77999999999997,1,3,1.0
453,1,1114.6,914.04,51.55000000000018,42.09000000000003,1,3,1.0
453,2,1165.7,913.0,84.22000000000003,73.73000000000002,1,3,1.0
454,16,1282.58,922.29,65.05000000000018,53.860000000000014,1,3,1.0
454,25,1926.18,926.12,61.179999999999836,161.5200000000001,1,7,1.0
454,28,825.79,681.52,85.31000000000006,53.200000000000045,1,10,1.0
454,29,236.92,598.34,88.94000000000003,114.62,1,10,1.0
454,31,1037.86,828.3,23.90000000000009,50.35000000000002,1,9,1.0
454,32,1451.52,765.73,21.3900000000001,60.43999999999994,1,9,1.0
454,33,1571.39,853.39,28.6099999999999,60.180000000000064,1,9,1.0
454,34,1713.78,960.98,173.26,63.789999999999964,1,3,1.0
454,1,1114.41,914.11,51.549999999999955,42.10000000000002,1,3,1.0
454,2,1165.66,912.67,84.20999999999981,73.73000000000002,1,3,1.0
455,16,1282.34,922.56,65.05000000000018,53.85000000000002,1,3,1.0
455,25,1938.76,925.91,61.87000000000012,163.40999999999997,1,7,1.0
455,28,818.06,676.0,88.24000000000001,56.5,1,10,1.0
455,29,188.83,581.5,96.18999999999997,121.22000000000003,1,10,1.0
455,31,1035.58,827.85,23.8900000000001,50.35000000000002,1,9,1.0
455,32,1453.82,763.6,21.90000000000009,61.23000000000002,1,9,1.0
455,33,1573.39,854.72,28.61999999999989,60.17999999999995,1,9,1.0
455,34,1720.16,961.25,173.26,63.77999999999997,1,3,1.0
455,1,1114.23,914.19,51.549999999999955,42.09999999999991,1,3,1.0
455,2,1165.61,912.34,84.21000000000004,73.73000000000002,1,3,1.0
456,16,1282.1,922.83,65.05000000000018,53.84999999999991,1,3,1.0
456,25,1951.44,925.69,62.569999999999936,165.30999999999995,1,7,1.0
456,28,811.06,671.95,91.54000000000008,58.34999999999991,1,10,1.0
456,29,140.75,564.66,103.43,127.82000000000005,1,10,1.0
456,31,1033.3,827.4,23.8900000000001,50.34000000000003,1,9,1.0
456,32,1456.11,761.46,22.420000000000073,62.039999999999964,1,9,1.0
456,33,1575.4,856.06,28.6099999999999,60.180000000000064,1,9,1.0
456,34,1725.65,961.78,173.26,63.77999999999997,1,3,1.0
456,1,1114.04,914.27,51.549999999999955,42.09000000000003,1,3,1.0
456,2,1165.56,912.01,84.21000000000004,73.73000000000002,1,3,1.0
457,16,1281.87,923.09,65.05000000000018,53.860000000000014,1,3,1.0
457,25,1964.24,925.47,63.25999999999999,167.21000000000004,1,7,1.0
457,28,804.07,667.9,94.82999999999993,60.200000000000045,1,10,1.0
457,29,92.67,547.83,110.67,134.40999999999997,1,10,1.0
457,31,1031.01,826.94,23.8900000000001,50.34999999999991,1,9,1.0
457,32,1458.41,759.32,22.929999999999836,62.84999999999991,1,9,1.0
457,33,1579.63,854.99,28.779999999999973,61.17999999999995,1,9,1.0
457,34,1731.14,962.31,173.26,63.77999999999997,1,3,1.0
457,1,1113.86,914.35,51.55000000000018,42.09000000000003,1,3,1.0
457,2,1165.51,911.68,84.22000000000003,73.73000000000002,1,3,1.0
458,16,1281.63,923.36,65.04999999999995,53.85000000000002,1,3,1.0
458,25,1974.91,925.25,63.94999999999982,169.0999999999999,1,7,1.0
458,28,795.48,662.5,95.81999999999994,60.92999999999995,1,10,1.0
458,29,44.58,530.99,117.92,141.01,1,10,1.0
458,31,1028.73,826.49,23.889999999999873,50.35000000000002,1,9,1.0
458,32,1460.71,757.19,23.450000000000045,63.639999999999986,1,9,1.0
458,33,1583.87,853.92,28.940000000000055,62.190000000000055,1,9,1.0
458,34,1736.64,962.84,173.25,63.79000000000008,1,3,1.0
458,1,1113.67,914.42,51.549999999999955,42.10000000000002,1,3,1.0
458,2,1165.47,911.35,84.21000000000004,73.73000000000002,1,3,1.0
459,16,1281.39,923.63,65.04999999999995,53.85000000000002,1,3,1.0
459,25,1987.88,925.03,64.65000000000009,171.0,1,7,1.0
459,28,786.89,657.1,96.81000000000006,61.66999999999996,1,10,1.0
459,29,0.0,512.2,108.8,130.01,1,10,1.0
459,31,1026.45,826.04,23.889999999999873,50.35000000000002,1,9,1.0
459,32,1463.01,755.05,23.960000000000036,64.45000000000005,1,9,1.0
459,33,1588.11,852.86,29.100000000000136,63.18999999999994,1,9,1.0
459,34,1741.19,962.08,177.3599999999999,66.21999999999991,1,3,1.0
459,1,1113.49,914.5,51.549999999999955,42.10000000000002,1,3,1.0
459,2,1165.42,911.02,84.21000000000004,73.73000000000002,1,3,1.0
460,16,1281.16,923.89,65.04999999999995,53.85000000000002,1,3,1.0
460,25,2005.43,924.81,65.33999999999992,172.9000000000001,1,7,1.0
460,28,778.3,651.7,97.80000000000007,62.39999999999998,1,10,1.0
460,29,0.0,486.08,48.7,148.32,1,10,1.0
460,31,1024.16,825.59,23.889999999999873,50.35000000000002,1,9,1.0
460,32,1465.31,752.91,24.470000000000027,65.25999999999999,1,9,1.0
460,33,1592.34,851.79,29.279999999999973,64.20000000000005,1,9,1.0
460,34,1745.74,961.32,181.47000000000003,68.64999999999998,1,3,1.0
460,1,1113.3,914.58,51.549999999999955,42.08999999999992,1,3,1.0
460,2,1165.37,910.69,84.22000000000003,73.7299999999999,1,3,1.0
461,16,1280.92,924.16,65.04999999999995,53.85000000000002,1,3,1.0
461,25,2020.91,926.83,66.03999999999974,174.78999999999985,1,7,1.0
461,28,770.2,646.55,100.39999999999998,63.15000000000009,1,10,1.0
461,31,1021.88,825.14,23.889999999999986,50.34000000000003,1,9,1.0
461,32,1467.61,750.77,24.980000000000018,66.06000000000006,1,9,1.0
461,33,1596.58,850.72,29.440000000000055,65.20999999999992,1,9,1.0
461,34,1750.29,960.55,185.57999999999993,71.09000000000015,1,3,1.0
461,1,1113.12,914.65,51.55000000000018,42.10000000000002,1,3,1.0
461,2,1165.33,910.36,84.21000000000004,73.73000000000002,1,3,1.0
462,16,1280.68,924.42,65.04999999999995,53.860000000000014,1,3,1.0
462,25,2036.54,926.64,66.73000000000002,176.69999999999993,1,7,1.0
462,28,762.1,641.39,103.0,63.90999999999997,1,10,1.0
462,31,1019.6,824.68,23.889999999999986,50.35000000000002,1,9,1.0
462,32,1469.91,748.64,25.49000000000001,66.86000000000001,1,9,1.0
462,33,1600.82,849.65,29.600000000000136,66.22000000000003,1,9,1.0
462,34,1754.84,959.79,189.68000000000006,73.51999999999998,1,3,1.0
462,1,1112.93,914.73,51.549999999999955,42.10000000000002,1,3,1.0
462,2,1165.28,910.03,84.21000000000004,73.73000000000002,1,3,1.0
463,16,1280.45,924.69,65.04999999999995,53.84999999999991,1,3,1.0
463,25,2050.06,926.46,67.42999999999984,178.58999999999992,1,7,1.0
463,28,752.29,635.5,105.44000000000005,65.13,1,10,1.0
463,31,1017.31,824.23,23.8900000000001,50.35000000000002,1,9,1.0
463,32,1472.21,746.5,26.0,67.66999999999996,1,9,1.0
463,33,1605.05,848.58,29.769999999999982,67.2299999999999,1,9,1.0
463,34,1759.4,959.03,193.77999999999997,75.95000000000005,1,3,1.0
463,1,1112.75,914.81,51.539999999999964,42.09000000000003,1,3,1.0
463,2,1165.23,909.7,84.21000000000004,73.7299999999999,1,3,1.0
464,16,1280.21,924.96,65.04999999999995,53.84999999999991,1,3,1.0
464,25,2070.37,926.28,68.13000000000011,180.48000000000002,1,7,1.0
464,28,742.47,629.61,107.89999999999998,66.36000000000001,1,10,1.0
464,31,1015.03,823.78,23.8900000000001,50.35000000000002,1,9,1.0
464,32,1474.5,744.36,26.519999999999982,68.47000000000003,1,9,1.0
464,33,1609.29,847.52,29.930000000000064,68.23000000000002,1,9,1.0
464,34,1763.95,958.26,197.88999999999987,78.3900000000001,1,3,1.0
464,1,1112.56,914.89,51.549999999999955,42.09000000000003,1,3,1.0
464,2,1165.18,909.37,84.22000000000003,73.73000000000002,1,3,1.0
465,16,1279.97,925.22,65.04999999999995,53.85000000000002,1,3,1.0
465,25,2084.28,926.09,68.82999999999993,182.39,1,7,1.0
465,28,732.65,623.72,110.35000000000002,67.57999999999993,1,10,1.0
465,31,1012.75,823.33,23.8900000000001,50.34999999999991,1,9,1.0
465,32,1476.8,742.22,27.029999999999973,69.27999999999997,1,9,1.0
465,33,1613.53,846.45,30.089999999999918,69.24000000000001,1,9,1.0
465,34,1768.5,957.5,202.0,80.81999999999994,1,3,1.0
465,1,1112.38,914.96,51.539999999999964,42.09999999999991,1,3,1.0
465,2,1165.14,909.04,84.20999999999981,73.72000000000003,1,3,1.0
466,16,1279.74,925.49,65.04999999999995,53.85000000000002,1,3,1.0
466,25,2098.2,925.91,69.51000000000022,184.2800000000001,1,7,1.0
466,28,720.87,616.85,113.52999999999997,68.31999999999994,1,10,1.0
466,31,1010.46,822.88,23.889999999999873,50.35000000000002,1,9,1.0
466,32,1479.1,740.09,27.54000000000019,70.07999999999993,1,9,1.0
466,33,1617.76,845.38,30.269999999999982,70.25,1,9,1.0
466,34,1777.89,959.63,202.0,80.82000000000005,1,3,1.0
466,1,1112.19,915.04,51.549999999999955,42.10000000000002,1,3,1.0
466,2,1165.09,908.71,84.21000000000004,73.71999999999991,1,3,1.0
467,16,1279.5,925.76,65.04999999999995,53.85000000000002,1,3,1.0
467,25,2121.12,925.73,70.21000000000004,186.17000000000007,1,7,1.0
467,28,709.09,609.98,116.70999999999992,69.04999999999995,1,10,1.0
467,31,1008.18,822.43,23.889999999999986,50.34000000000003,1,9,1.0
467,32,1481.4,737.95,28.059999999999945,70.88999999999999,1,9,1.0
467,33,1622.0,844.31,30.430000000000064,71.2600000000001,1,9,1.0
467,34,1787.28,961.75,202.0,80.81999999999994,1,3,1.0
467,1,1112.0,915.12,51.549999999999955,42.09000000000003,1,3,1.0
467,2,1165.04,908.38,84.22000000000003,73.72000000000003,1,3,1.0
468,16,1279.26,926.02,65.04999999999995,53.85000000000002,1,3,1.0
468,25,2137.58,934.46,70.90000000000009,188.06999999999994,1,7,1.0
468,28,697.31,603.11,119.8900000000001,69.78999999999996,1,10,1.0
468,31,1005.89,821.97,23.899999999999977,50.35000000000002,1,9,1.0
468,32,1483.7,735.81,28.569999999999936,71.69000000000005,1,9,1.0
468,33,1626.24,843.24,30.589999999999918,72.26999999999998,1,9,1.0
468,34,1796.67,963.88,202.0,80.82000000000005,1,3,1.0
468,1,1111.82,915.2,51.549999999999955,42.08999999999992,1,3,1.0
468,2,1164.87,908.92,84.21000000000004,73.73000000000002,1,3,1.0
469,16,1279.03,926.29,65.03999999999996,53.85000000000002,1,3,1.0
469,25,2165.3,934.4,71.59999999999991,189.9699999999999,1,7,1.0
469,28,683.14,594.73,123.85000000000002,72.47000000000003,1,10,1.0
469,31,1003.61,821.52,23.889999999999986,50.35000000000002,1,9,1.0
469,32,1486.0,733.68,29.079999999999927,72.49000000000001,1,9,1.0
469,33,1630.47,842.18,30.75999999999999,73.2700000000001,1,9,1.0
469,34,1802.8,965.83,205.44000000000005,80.82000000000005,1,3,1.0
469,1,1111.63,915.27,51.549999999999955,42.10000000000002,1,3,1.0
469,2,1164.7,909.47,84.21000000000004,73.72000000000003,1,3,1.0
470,16,1278.79,926.55,65.04999999999995,53.860000000000014,1,3,1.0
470,25,2187.92,935.47,81.32999999999993,191.8699999999999,1,7,1.0
470,28,668.97,586.36,127.80999999999995,75.13999999999999,1,10,1.0
470,31,1001.33,821.07,23.889999999999986,50.34999999999991,1,9,1.0
470,32,1488.3,731.54,29.590000000000146,73.30000000000007,1,9,1.0
470,33,1634.71,841.11,30.920000000000073,74.27999999999997,1,9,1.0
470,34,1808.92,967.78,208.88999999999987,80.81999999999994,1,3,1.0
470,1,1111.45,915.35,51.549999999999955,42.10000000000002,1,3,1.0
470,2,1164.53,910.01,84.21000000000004,73.73000000000002,1,3,1.0
471,16,1278.55,926.82,65.04999999999995,53.84999999999991,1,3,1.0
471,25,2210.53,936.54,91.06999999999971,193.76999999999998,1,7,1.0
471,28,654.79,577.98,131.76999999999998,77.81999999999994,1,10,1.0
471,31,999.04,820.62,23.889999999999986,50.35000000000002,1,9,1.0
471,32,1490.6,729.4,30.100000000000136,74.10000000000002,1,9,1.0
471,33,1638.95,840.04,31.089999999999918,75.29000000000008,1,9,1.0
471,34,1815.04,969.73,212.34000000000015,80.81999999999994,1,3,1.0
471,35,417.78,862.35,29.980000000000018,59.95999999999992,1,7,1.0
471,36,447.76,870.0,40.19,56.77999999999997,1,7,1.0
471,1,1111.26,915.43,51.549999999999955,42.09000000000003,1,3,1.0
471,2,1164.36,910.56,84.21000000000004,73.73000000000002,1,3,1.0
472,16,1278.32,927.09,65.03999999999996,53.85000000000002,1,3,1.0
472,25,2230.0,938.74,92.0,195.66000000000008,1,7,1.0
472,28,640.62,569.61,135.73000000000002,80.49000000000001,1,10,1.0
472,31,996.76,820.17,23.889999999999986,50.34000000000003,1,9,1.0
472,32,1492.89,727.26,30.61999999999989,74.90999999999997,1,9,1.0
472,33,1643.18,838.97,31.25999999999999,76.29999999999995,1,9,1.0
472,34,1821.16,971.68,215.78999999999996,80.82000000000005,1,3,1.0
472,35,410.34,862.35,29.980000000000018,60.69999999999993,1,7,1.0
472,36,440.64,870.0,40.19,56.99000000000001,1,7,1.0
472,1,1111.08,915.5,51.55000000000018,42.10000000000002,1,3,1.0
472,2,1164.19,911.1,84.21000000000004,73.73000000000002,1,3,1.0
473,16,1278.08,927.35,65.05000000000018,53.85000000000002,1,3,1.0
473,25,2241.7,940.64,109.0,188.7600000000001,1,7,1.0
473,28,626.45,561.23,139.68999999999994,83.16999999999996,1,10,1.0
473,31,994.48,819.71,23.889999999999986,50.34999999999991,1,9,1.0
473,32,1495.19,725.13,31.12999999999988,75.71000000000004,1,9,1.0
473,33,1647.42,837.91,31.419999999999845,77.30000000000007,1,9,1.0
473,34,1827.28,973.62,219.24,80.83000000000004,1,3,1.0
473,35,402.89,862.35,29.99000000000001,61.43999999999994,1,7,1.0
473,36,433.51,870.0,40.19,57.200000000000045,1,7,1.0
473,1,1110.89,915.58,51.549999999999955,42.09999999999991,1,3,1.0
473,2,1164.02,911.65,84.21000000000004,73.73000000000002,1,3,1.0
474,16,1277.84,927.62,65.05000000000018,53.85000000000002,1,3,1.0
474,25,2270.8,942.54,112.89999999999964,196.21000000000004,1,7,1.0
474,28,612.27,552.86,143.65999999999997,85.84000000000003,1,10,1.0
474,31,992.19,819.26,23.889999999999986,50.35000000000002,1,9,1.0
474,32,1497.49,722.99,31.6400000000001,76.50999999999999,1,9,1.0
474,33,1651.66,836.84,31.579999999999927,78.30999999999995,1,9,1.0
474,37,976.8,877.53,24.90000000000009,21.00999999999999,1,10,1.0
474,38,1676.58,802.97,26.029999999999973,25.74000000000001,1,10,1.0
474,34,1833.4,975.57,222.69000000000005,80.82000000000005,1,3,1.0
474,39,2094.36,979.32,151.50999999999976,87.18999999999994,1,3,1.0
474,35,395.45,862.35,29.980000000000018,62.17999999999995,1,7,1.0
474,36,426.39,870.0,40.19,57.40999999999997,1,7,1.0
474,1,1110.71,915.66,51.549999999999955,42.09000000000003,1,3,1.0
474,2,1163.85,912.19,84.21000000000004,73.7299999999999,1,3,1.0
475,16,1277.61,927.88,65.04000000000019,53.860000000000014,1,3,1.0
475,25,2300.05,944.45,116.64999999999964,203.64999999999986,1,7,1.0
475,28,598.1,544.48,147.61,88.51999999999998,1,10,1.0
475,31,989.48,818.9,23.889999999999986,50.34000000000003,1,9,1.0
475,32,1501.25,721.01,32.16000000000008,77.31000000000006,1,9,1.0
475,33,1657.87,836.16,31.75,79.98000000000002,1,9,1.0
475,37,973.6,877.14,25.100000000000023,21.700000000000045,1,10,1.0
475,38,1683.1,801.61,26.310000000000173,25.949999999999932,1,10,1.0
475,34,1842.95,972.64,226.68999999999983,83.49000000000012,1,3,1.0
475,39,2110.83,981.98,161.8800000000001,87.18000000000006,1,3,1.0
475,35,388.01,862.35,29.980000000000018,62.92999999999995,1,7,1.0
475,36,419.27,870.0,40.19,57.620000000000005,1,7,1.0
475,1,1110.54,916.21,51.549999999999955,42.25,1,3,1.0
475,2,1163.68,912.74,84.21000000000004,73.73000000000002,1,3,1.0
476,16,1277.37,928.15,65.05000000000018,53.85000000000002,1,3,1.0
476,25,2335.84,946.36,105.07999999999993,205.56000000000006,1,7,1.0
476,28,583.93,536.11,151.57000000000005,91.18999999999994,1,10,1.0
476,31,986.76,818.53,23.889999999999986,50.35000000000002,1,9,1.0
476,32,1505.02,719.02,32.66000000000008,78.12,1,9,1.0
476,33,1664.08,835.49,31.920000000000073,81.64999999999998,1,9,1.0
476,37,970.39,876.74,25.300000000000068,22.409999999999968,1,10,1.0
476,38,1689.62,800.26,26.590000000000146,26.149999999999977,1,10,1.0
476,34,1852.5,969.7,230.69999999999982,86.15999999999985,1,3,1.0
476,39,2127.3,984.64,172.25999999999976,87.17999999999995,1,3,1.0
476,35,380.57,862.35,29.980000000000018,63.66999999999996,1,7,1.0
476,36,412.14,870.0,40.19,57.83000000000004,1,7,1.0
476,1,1110.37,916.75,51.55000000000018,42.40999999999997,1,3,1.0
476,2,1163.51,913.28,84.21000000000004,73.73000000000002,1,3,1.0
477,16,1277.13,928.42,65.04999999999995,53.85000000000002,1,3,1.0
477,25,2371.63,948.26,93.5,207.49,1,7,1.0
477,28,562.86,521.85,157.80999999999995,96.52999999999997,1,10,1.0
477,31,984.04,818.17,23.889999999999986,50.34000000000003,1,9,1.0
477,32,1508.78,717.04,33.180000000000064,78.92000000000007,1,9,1.0
477,33,1670.3,834.81,32.069999999999936,83.33000000000004,1,9,1.0
477,37,967.19,876.34,25.5,23.110000000000014,1,10,1.0
477,38,1696.15,798.91,26.8599999999999,26.350000000000023,1,10,1.0
477,34,1861.0,971.05,237.61000000000013,91.46000000000004,1,3,1.0
477,39,2137.95,986.22,191.11000000000013,94.36999999999989,1,3,1.0
477,35,373.12,862.35,29.99000000000001,64.40999999999997,1,7,1.0
477,36,405.02,870.0,40.19,58.039999999999964,1,7,1.0
477,1,1110.2,917.3,51.549999999999955,42.56000000000006,1,3,1.0
477,2,1163.34,913.83,84.21000000000004,73.7299999999999,1,3,1.0
478,16,1276.9,928.68,65.03999999999996,53.85000000000002,1,3,1.0
478,25,2407.42,950.17,81.92999999999984,209.39999999999998,1,7,1.0
478,28,541.8,507.59,164.05000000000007,101.86000000000007,1,10,1.0
478,31,981.33,817.8,23.889999999999986,50.35000000000002,1,9,1.0
478,32,1512.54,715.06,33.690000000000055,79.73000000000002,1,9,1.0
478,33,1676.51,834.14,32.24000000000001,84.99000000000001,1,9,1.0
478,37,963.99,875.95,25.68999999999994,23.799999999999955,1,10,1.0
478,38,1702.67,797.55,27.139999999999873,26.56000000000006,1,10,1.0
478,40,1605.85,937.7,34.25,77.18999999999994,1,7,1.0
478,41,1634.99,940.19,26.079999999999927,78.78999999999996,1,7,1.0
478,34,1869.5,972.4,244.5300000000002,96.75000000000011,1,3,1.0
478,39,2148.6,987.8,209.97000000000025,101.56999999999994,1,3,1.0
478,35,365.68,862.35,29.980000000000018,65.14999999999998,1,7,1.0
478,36,397.9,870.0,40.19,58.25,1,7,1.0
478,1,1110.03,917.85,51.549999999999955,42.72000000000003,1,3,1.0
478,2,1163.17,914.37,84.21000000000004,73.73000000000002,1,3,1.0
479,16,1276.66,928.95,65.04999999999995,53.84999999999991,1,3,1.0
479,25,2443.22,952.07,70.35000000000036,211.33000000000004,1,7,1.0
479,28,520.73,493.33,170.28999999999996,107.19999999999999,1,10,1.0
479,31,978.61,817.44,23.889999999999986,50.33999999999992,1,9,1.0
479,32,1516.3,713.07,34.200000000000045,80.53999999999996,1,9,1.0
479,33,1682.72,833.46,32.41000000000008,86.66999999999996,1,9,1.0
479,37,960.78,875.55,25.899999999999977,24.5,1,10,1.0
479,38,1709.2,796.2,27.409999999999854,26.75999999999999,1,10,1.0
479,40,1612.02,937.84,33.13000000000011,77.18999999999994,1,7,1.0
479,41,1641.24,940.91,26.079999999999927,79.63999999999999,1,7,1.0
479,34,1879.35,975.59,247.70000000000027,96.74999999999989,1,3,1.0
479,39,2161.9,991.26,230.69000000000005,101.55999999999995,1,3,1.0
479,35,358.24,862.35,29.980000000000018,65.88999999999999,1,7,1.0
479,36,390.77,870.0,40.19,58.460000000000036,1,7,1.0
479,1,1109.86,918.4,51.54000000000019,42.870000000000005,1,3,1.0
479,2,1163.0,914.92,84.21000000000004,73.73000000000002,1,3,1.0
480,16,1276.42,929.22,65.04999999999995,53.85000000000002,1,3,1.0
480,25,2479.01,953.98,58.76999999999998,213.24,1,7,1.0
480,28,499.67,479.07,176.52000000000004,112.53000000000003,1,10,1.0
480,31,975.89,817.07,23.889999999999986,50.34999999999991,1,9,1.0
480,32,1520.06,711.09,34.72000000000003,81.33999999999992,1,9,1.0
480,33,1688.93,832.78,32.57999999999993,88.35000000000002,1,9,1.0
480,37,957.58,875.16,26.089999999999918,25.200000000000045,1,10,1.0
480,38,1715.72,794.85,27.690000000000055,26.959999999999923,1,10,1.0
480,40,1618.2,937.98,31.99000000000001,77.19999999999993,1,7,1.0
480,41,1647.49,941.63,26.079999999999927,80.48000000000002,1,7,1.0
480,34,1889.2,978.78,250.87999999999988,96.75,1,3,1.0
480,39,2175.2,994.71,251.4100000000003,101.56999999999994,1,3,1.0
480,35,350.8,862.35,29.97999999999996,66.63,1,7,1.0
480,36,383.65,870.0,40.19,58.66999999999996,1,7,1.0
480,1,1109.69,918.95,51.539999999999964,43.01999999999998,1,3,1.0
480,2,1162.83,915.47,84.21000000000004,73.72000000000003,1,3,1.0
481,16,1276.19,929.48,65.03999999999996,53.85000000000002,1,3,1.0
481,25,2514.8,955.88,47.19999999999982,215.16999999999996,1,7,1.0
481,28,478.6,464.81,182.76999999999998,117.86999999999995,1,10,1.0
481,31,973.18,816.71,23.8900000000001,50.33999999999992,1,9,1.0
481,32,1523.82,709.1,35.23000000000002,82.14999999999998,1,9,1.0
481,33,1695.15,832.11,32.74000000000001,90.00999999999999,1,9,1.0
481,37,954.37,874.76,26.299999999999955,25.899999999999977,1,10,1.0
481,38,1722.25,793.49,27.950000000000045,27.16999999999996,1,10,1.0
481,40,1624.37,938.13,30.860000000000127,77.19000000000005,1,7,1.0
481,41,1653.74,942.35,26.079999999999927,81.31999999999994,1,7,1.0
481,34,1898.95,979.6,256.93000000000006,96.7399999999999,1,3,1.0
481,39,2189.28,993.83,258.3299999999999,104.71999999999991,1,3,1.0
481,35,343.35,862.35,29.989999999999952,67.37,1,7,1.0
481,36,376.53,870.0,40.18000000000001,58.879999999999995,1,7,1.0
481,1,1109.52,919.5,51.539999999999964,43.16999999999996,1,3,1.0
481,2,1162.66,916.01,84.20999999999981,73.73000000000002,1,3,1.0
482,16,1275.95,929.75,65.04999999999995,53.85000000000002,1,3,1.0
482,28,457.54,450.55,188.99999999999994,123.19999999999999,1,10,1.0
482,31,970.46,816.34,23.889999999999986,50.35000000000002,1,9,1.0
482,32,1527.59,707.12,35.74000000000001,82.95000000000005,1,9,1.0
482,33,1701.36,831.43,32.90000000000009,91.69000000000005,1,9,1.0
482,37,951.17,874.37,26.49000000000001,26.590000000000032,1,10,1.0
482,38,1728.77,792.14,28.230000000000018,27.360000000000014,1,10,1.0
482,40,1630.55,938.27,29.720000000000027,77.19000000000005,1,7,1.0
482,41,1659.99,943.06,26.079999999999927,82.17000000000007,1,7,1.0
482,34,1908.7,980.42,262.9799999999998,96.73000000000013,1,3,1.0
482,39,2203.37,992.94,265.24000000000024,107.87999999999988,1,3,1.0
482,35,335.91,862.35,29.97999999999996,68.11000000000001,1,7,1.0
482,36,369.4,870.0,40.19,59.09000000000003,1,7,1.0
482,1,1109.35,920.04,51.54000000000019,43.34000000000003,1,3,1.0
482,2,1162.49,916.56,84.21000000000004,73.72000000000003,1,3,1.0
483,16,1275.71,930.01,65.04999999999995,53.860000000000014,1,3,1.0
483,28,436.47,436.29,195.24,128.54000000000002,1,10,1.0
483,31,967.74,815.98,23.889999999999986,50.34000000000003,1,9,1.0
483,32,1531.35,705.14,36.25,83.75,1,9,1.0
483,33,1707.57,830.76,33.070000000000164,93.35000000000002,1,9,1.0
483,37,947.97,873.97,26.68999999999994,27.299999999999955,1,10,1.0
483,38,1735.29,790.79,28.50999999999999,27.56000000000006,1,10,1.0
483,40,1636.72,938.41,28.589999999999918,77.19000000000005,1,7,1.0
483,41,1666.24,943.78,26.069999999999936,83.00999999999999,1,7,1.0
483,34,1918.45,981.24,269.03999999999974,96.73000000000002,1,3,1.0
483,39,2217.45,992.06,272.1600000000003,111.02999999999997,1,3,1.0
483,35,328.47,862.35,29.97999999999996,68.85000000000002,1,7,1.0
483,36,362.28,870.0,40.190000000000055,59.299999999999955,1,7,1.0
483,1,1109.18,920.59,51.539999999999964,43.49000000000001,1,3,1.0
483,2,1162.32,917.1,84.21000000000004,73.73000000000002,1,3,1.0
484,16,1275.48,930.28,65.03999999999996,53.85000000000002,1,3,1.0
484,28,411.79,418.42,201.47999999999996,133.86999999999995,1,10,1.0
484,31,965.03,815.61,23.889999999999986,50.35000000000002,1,9,1.0
484,32,1535.11,703.15,36.75999999999999,84.56000000000006,1,9,1.0
484,33,1713.79,830.08,33.23000000000002,95.02999999999997,1,9,1.0
484,37,944.76,873.57,26.889999999999986,28.0,1,10,1.0
484,38,1741.82,789.43,28.779999999999973,27.770000000000095,1,10,1.0
484,40,1642.9,938.55,27.45999999999981,77.19000000000005,1,7,1.0
484,41,1672.49,944.5,26.069999999999936,83.8599999999999,1,7,1.0
484,34,1928.2,982.06,275.0899999999999,96.72000000000003,1,3,1.0
484,39,2231.53,991.17,279.0799999999999,114.18999999999994,1,3,1.0
484,35,319.54,860.75,29.97999999999996,68.86000000000001,1,7,1.0
484,36,354.62,869.37,40.19,59.289999999999964,1,7,1.0
484,1,1109.01,921.14,51.539999999999964,43.639999999999986,1,3,1.0
484,2,1162.15,917.65,84.20999999999981,73.73000000000002,1,3,1.0
485,16,1275.24,930.55,65.04999999999995,53.85000000000002,1,3,1.0
485,28,386.71,393.02,207.71999999999997,139.20000000000005,1,10,1.0
485,31,962.31,815.25,23.8900000000001,50.34000000000003,1,9,1.0
485,32,1538.87,701.17,37.2800000000002,85.36000000000001,1,9,1.0
485,33,1720.0,829.41,33.40000000000009,96.70000000000005,1,9,1.0
485,37,941.56,873.18,27.090000000000032,28.690000000000055,1,10,1.0
485,38,1748.34,788.08,29.060000000000173,27.969999999999914,1,10,1.0
485,40,1649.66,940.23,27.45999999999981,78.88,1,7,1.0
485,41,1678.45,944.07,26.079999999999927,83.86000000000001,1,7,1.0
485,34,1937.95,982.88,281.14999999999986,96.70999999999992,1,3,1.0
485,39,2245.62,990.28,285.99000000000024,117.35000000000014,1,3,1.0
485,35,310.61,859.16,29.97999999999996,68.85000000000002,1,7,1.0
485,36,346.97,868.73,40.19,59.289999999999964,1,7,1.0
485,1,1108.84,921.69,51.54000000000019,43.799999999999955,1,3,1.0
485,2,1161.98,918.19,84.21000000000004,73.7299999999999,1,3,1.0
486,16,1275.0,930.81,65.04999999999995,53.85000000000002,1,3,1.0
486,28,361.28,370.09,213.95000000000005,144.54000000000002,1,10,1.0
486,31,959.59,814.88,23.889999999999986,50.35000000000002,1,9,1.0
486,32,1542.63,699.19,37.789999999999964,86.15999999999997,1,9,1.0
486,33,1726.21,828.73,33.559999999999945,98.37,1,9,1.0
486,37,938.36,872.78,27.279999999999973,29.389999999999986,1,10,1.0
486,38,1754.87,786.73,29.330000000000155,28.16999999999996,1,10,1.0
486,40,1656.42,941.92,27.460000000000036,80.56000000000006,1,7,1.0
486,41,1684.42,943.65,26.079999999999927,83.86000000000001,1,7,1.0
486,34,1947.7,983.7,287.20000000000005,96.70000000000005,1,3,1.0
486,39,2259.7,989.4,292.9000000000001,120.50000000000011,1,3,1.0
486,35,303.59,861.07,29.980000000000018,68.84999999999991,1,7,1.0
486,36,340.59,869.37,40.19,59.289999999999964,1,7,1.0
486,1,1108.67,922.24,51.539999999999964,43.950000000000045,1,3,1.0
486,2,1161.8,918.74,84.22000000000003,73.73000000000002,1,3,1.0
487,16,1274.76,931.08,65.04999999999995,53.84999999999991,1,3,1.0
487,28,328.57,346.52,220.19,149.87,1,10,1.0
487,31,956.88,814.51,23.889999999999986,50.35000000000002,1,9,1.0
487,32,1546.39,697.2,38.309999999999945,86.96999999999991,1,9,1.0
487,33,1732.42,828.05,33.73000000000002,100.05000000000007,1,9,1.0
487,37,935.15,872.39,27.49000000000001,30.090000000000032,1,10,1.0
487,38,1761.39,785.37,29.6099999999999,28.379999999999995,1,10,1.0
487,40,1663.18,943.6,27.460000000000036,82.24999999999989,1,7,1.0
487,41,1691.93,944.75,26.079999999999927,85.52999999999997,1,7,1.0
487,34,1961.73,985.83,287.1999999999998,100.51999999999987,1,3,1.0
487,39,2279.69,993.65,276.0499999999997,120.50000000000011,1,3,1.0
487,35,294.4,859.8,29.99000000000001,68.85000000000002,1,7,1.0
487,36,330.64,869.24,40.19,59.289999999999964,1,7,1.0
487,1,1108.5,922.79,51.539999999999964,44.10000000000002,1,3,1.0
487,2,1161.63,919.28,84.2199999999998,73.73000000000002,1,3,1.0
488,16,1274.53,931.34,65.04999999999995,53.860000000000014,1,3,1.0
488,28,288.08,322.38,226.44,155.20999999999998,1,10,1.0
488,31,954.16,814.15,23.889999999999986,50.35000000000002,1,9,1.0
488,32,1552.1,694.92,38.81000000000017,87.7700000000001,1,9,1.0
488,33,1739.9,827.63,33.88999999999987,98.16999999999996,1,9,1.0
488,37,931.95,871.99,27.67999999999995,30.789999999999964,1,10,1.0
488,38,1770.18,784.27,29.87999999999988,28.58000000000004,1,10,1.0
488,40,1669.94,945.29,27.460000000000036,83.93000000000006,1,7,1.0
488,41,1699.44,945.86,26.079999999999927,87.18999999999994,1,7,1.0
488,34,1975.77,987.97,287.1999999999998,104.33999999999992,1,3,1.0
488,39,2299.68,997.91,259.19000000000005,120.50000000000011,1,3,1.0
488,35,285.22,858.52,29.97999999999996,68.85000000000002,1,7,1.0
488,36,320.68,869.11,40.19,59.299999999999955,1,7,1.0
488,1,1108.33,923.33,51.539999999999964,44.26999999999998,1,3,1.0
488,2,1161.46,919.83,84.22000000000003,73.7299999999999,1,3,1.0
489,16,1274.29,931.61,65.04999999999995,53.85000000000002,1,3,1.0
489,28,256.57,297.71,232.67000000000002,160.54000000000002,1,10,1.0
489,31,951.44,813.78,23.889999999999986,50.35000000000002,1,9,1.0
489,32,1557.8,692.64,39.330000000000155,88.57000000000005,1,9,1.0
489,33,1747.37,827.21,34.06000000000017,96.29999999999995,1,9,1.0
489,37,928.75,871.6,27.879999999999995,31.480000000000018,1,10,1.0
489,38,1778.97,783.17,30.149999999999864,28.780000000000086,1,10,1.0
489,40,1676.7,946.97,27.460000000000036,85.61999999999989,1,7,1.0
489,41,1706.95,946.96,26.079999999999927,88.86999999999989,1,7,1.0
489,34,1989.8,990.1,287.20000000000005,108.15999999999997,1,3,1.0
489,39,2319.67,1002.16,242.32999999999993,120.50000000000011,1,3,1.0
489,35,276.03,857.24,29.980000000000018,68.86000000000001,1,7,1.0
489,36,310.73,868.98,40.19,59.299999999999955,1,7,1.0
489,1,1108.16,923.88,51.539999999999964,44.41999999999996,1,3,1.0
489,2,1161.29,920.37,84.22000000000003,73.73000000000002,1,3,1.0
490,16,1274.05,931.88,65.04999999999995,53.85000000000002,1,3,1.0
490,28,214.34,275.96,238.91,165.88,1,10,1.0
490,31,948.73,813.42,23.889999999999986,50.35000000000002,1,9,1.0
490,32,1563.51,690.36,39.83999999999992,89.38,1,9,1.0
490,33,1754.84,826.78,34.22000000000003,94.43000000000006,1,9,1.0
490,37,925.54,871.2,28.08000000000004,32.18999999999994,1,10,1.0
490,38,1787.76,782.07,30.430000000000064,28.989999999999895,1,10,1.0
490,40,1683.46,948.65,27.460000000000036,87.30000000000007,1,7,1.0
490,41,1714.46,948.06,26.079999999999927,90.53999999999996,1,7,1.0
490,34,2008.3,991.38,287.20000000000005,108.15999999999997,1,3,1.0
490,39,2340.08,998.33,221.92000000000007,120.49999999999989,1,3,1.0
490,35,266.85,855.97,29.97999999999996,68.85000000000002,1,7,1.0
490,36,300.78,868.86,40.190000000000055,59.289999999999964,1,7,1.0
490,1,1107.99,924.43,51.539999999999964,44.57000000000005,1,3,1.0
490,2,1161.12,920.92,84.22000000000003,73.73000000000002,1,3,1.0
491,16,1273.82,932.14,65.04999999999995,53.860000000000014,1,3,1.0
491,28,174.38,247.21,245.14,171.21,1,10,1.0
491,31,946.01,813.05,23.889999999999986,50.35000000000002,1,9,1.0
491,32,1569.21,688.07,40.3599999999999,90.18999999999994,1,9,1.0
491,33,1762.69,825.8,34.37999999999988,95.44000000000005,1,9,1.0
491,37,922.34,870.8,28.279999999999973,32.8900000000001,1,10,1.0
491,38,1795.87,781.0,30.700000000000045,29.190000000000055,1,10,1.0
491,40,1689.27,949.38,29.75999999999999,88.90999999999997,1,7,1.0
491,41,1722.81,948.79,26.720000000000027,92.05999999999995,1,7,1.0
491,34,2020.94,994.44,295.3600000000001,110.46000000000004,1,3,1.0
491,39,2360.36,1003.05,201.63999999999987,120.5,1,3,1.0
491,35,257.66,854.69,29.97999999999996,68.84999999999991,1,7,1.0
491,36,290.83,868.73,40.19,59.289999999999964,1,7,1.0
491,1,1107.82,924.98,51.539999999999964,44.72000000000003,1,3,1.0
491,2,1160.95,921.46,84.21000000000004,73.73000000000002,1,3,1.0
492,16,1273.58,932.41,65.05000000000018,53.85000000000002,1,3,1.0
492,28,130.19,221.19,251.38,176.55,1,10,1.0
492,31,943.29,812.69,23.889999999999986,50.34999999999991,1,9,1.0
492,32,1574.92,685.79,40.8599999999999,90.99000000000001,1,9,1.0
492,33,1770.53,824.83,34.559999999999945,96.43999999999994,1,9,1.0
492,37,919.13,870.41,28.480000000000018,33.58000000000004,1,10,1.0
492,38,1803.98,779.92,30.970000000000027,29.389999999999986,1,10,1.0
492,40,1695.09,950.1,32.06000000000017,90.51999999999987,1,7,1.0
492,41,1731.17,949.51,27.3599999999999,93.59999999999991,1,7,1.0
492,34,2033.58,997.51,303.5100000000002,112.75,1,3,1.0
492,39,2380.65,1007.77,181.3499999999999,120.5,1,3,1.0
492,35,246.81,855.97,29.99000000000001,68.85000000000002,1,7,1.0
492,36,282.54,869.37,40.19,59.289999999999964,1,7,1.0
492,1,1107.65,925.53,51.539999999999964,44.879999999999995,1,3,1.0
492,2,1160.78,922.01,84.21000000000004,73.73000000000002,1,3,1.0
493,16,1273.34,932.68,65.05000000000018,53.85000000000002,1,3,1.0
493,28,86.79,188.98,257.63,181.88000000000002,1,10,1.0
493,31,940.58,812.32,23.889999999999986,50.34999999999991,1,9,1.0
493,32,1580.62,683.51,41.38000000000011,91.78999999999996,1,9,1.0
493,33,1778.38,823.85,34.7199999999998,97.44999999999993,1,9,1.0
493,37,915.93,870.01,28.680000000000064,34.27999999999997,1,10,1.0
493,38,1812.08,778.85,31.25,29.590000000000032,1,10,1.0
493,40,1700.9,950.82,34.36999999999989,92.13,1,7,1.0
493,41,1739.52,950.23,28.00999999999999,95.12999999999988,1,7,1.0
493,34,2046.22,1000.57,311.66999999999985,115.03999999999985,1,3,1.0
493,39,2400.94,1012.49,161.05999999999995,120.5,1,3,1.0
493,35,235.41,855.52,29.97999999999999,69.62,1,7,1.0
493,36,272.35,867.76,40.17999999999995,61.15999999999997,1,7,1.0
493,1,1107.48,926.08,51.539999999999964,45.02999999999997,1,3,1.0
493,2,1160.61,922.56,84.21000000000004,73.72000000000003,1,3,1.0
494,16,1273.11,932.94,65.05000000000018,53.84999999999991,1,3,1.0
494,28,43.4,156.77,263.86,187.21,1,10,1.0
494,31,937.86,811.96,23.889999999999986,50.34999999999991,1,9,1.0
494,32,1586.8,678.98,38.5,94.01999999999998,1,9,1.0
494,33,1786.28,820.26,36.22000000000003,102.01999999999998,1,9,1.0
494,37,912.73,869.62,28.870000000000005,34.98000000000002,1,10,1.0
494,38,1820.19,777.77,31.529999999999973,29.800000000000068,1,10,1.0
494,40,1709.54,951.55,33.840000000000146,93.73000000000002,1,7,1.0
494,41,1747.87,950.96,28.65000000000009,96.65999999999985,1,7,1.0
494,34,2058.86,1003.64,319.8299999999999,117.33000000000004,1,3,1.0
494,39,2421.22,1017.21,140.7800000000002,120.5,1,3,1.0
494,35,224.0,855.07,29.97999999999999,70.38999999999999,1,7,1.0
494,36,262.15,866.16,40.19,63.01999999999998,1,7,1.0
494,1,1107.31,926.62,51.539999999999964,45.18999999999994,1,3,1.0
494,2,1160.44,923.1,84.21000000000004,73.73000000000002,1,3,1.0
495,16,1272.87,933.21,65.05000000000018,53.84999999999991,1,3,1.0
495,28,0.0,124.55,270.1,192.55,1,10,1.0
495,31,929.18,793.7,31.720000000000027,68.38999999999999,1,9,1.0
495,32,1592.97,674.44,35.62999999999988,96.25999999999999,1,9,1.0
495,33,1794.19,816.68,37.72000000000003,106.59000000000003,1,9,1.0
495,37,909.52,869.22,29.08000000000004,35.67999999999995,1,10,1.0
495,38,1828.3,776.7,31.799999999999955,30.0,1,10,1.0
495,40,1718.19,952.27,33.309999999999945,95.33999999999992,1,7,1.0
495,41,1756.23,951.68,29.289999999999964,98.18999999999994,1,7,1.0
495,34,2071.5,1006.7,327.98,119.62999999999988,1,3,1.0
495,39,2441.51,1021.93,120.48999999999978,120.50000000000011,1,3,1.0
495,35,212.59,854.62,29.97999999999999,71.15999999999997,1,7,1.0
495,36,251.96,864.56,40.18999999999997,64.88000000000011,1,7,1.0
495,1,1107.14,927.17,51.539999999999964,45.35000000000002,1,3,1.0
495,2,1160.27,923.65,84.21000000000004,73.72000000000003,1,3,1.0
496,16,1272.63,933.47,65.04999999999995,53.860000000000014,1,3,1.0
496,28,0.0,73.9,219.4,211.49999999999997,1,10,1.0
496,31,925.46,789.64,31.019999999999982,72.39999999999998,1,9,1.0
496,32,1599.34,669.96,36.76999999999998,98.13999999999999,1,9,1.0
496,33,1804.93,814.92,38.09999999999991,109.21000000000004,1,9,1.0
496,37,904.7,868.3,29.629999999999995,35.35000000000002,1,10,1.0
496,38,1838.48,773.76,32.34999999999991,30.610000000000014,1,10,1.0
496,40,1726.83,952.99,32.789999999999964,96.95000000000005,1,7,1.0
496,41,1764.58,952.4,29.940000000000055,99.73000000000013,1,7,1.0
496,34,2094.46,1004.79,327.9899999999998,119.63000000000011,1,3,1.0
496,39,2466.39,1025.76,95.61000000000013,120.5,1,3,1.0
496,35,201.18,854.17,29.97999999999999,71.93000000000006,1,7,1.0
496,36,241.77,862.95,40.18999999999997,66.75,1,7,1.0
496,42,245.72,893.87,56.42999999999998,43.84000000000003,1,1,1.0
496,1,1106.96,927.72,51.549999999999955,45.5,1,3,1.0
496,2,1160.1,924.19,84.21000000000004,73.7299999999999,1,3,1.0
497,16,1272.4,933.74,65.04999999999995,53.85000000000002,1,3,1.0
497,28,0.0,23.25,149.75,211.5,1,10,1.0
497,31,921.74,785.58,30.309999999999945,76.40999999999997,1,9,1.0
497,32,1605.71,665.47,37.909999999999854,100.02999999999997,1,9,1.0
497,33,1815.67,813.17,38.49000000000001,111.82000000000005,1,9,1.0
497,37,899.87,867.37,30.17999999999995,35.02999999999997,1,10,1.0
497,38,1848.65,770.82,32.909999999999854,31.229999999999905,1,10,1.0
497,40,1735.47,953.71,32.25999999999999,98.55999999999995,1,7,1.0
497,41,1772.93,953.13,30.579999999999927,101.25000000000011,1,7,1.0
497,34,2105.33,1007.02,342.9500000000003,119.63000000000011,1,3,1.0
497,39,2466.39,1025.76,95.61000000000013,120.5,1,3,1.0
497,35,187.85,855.71,29.980000000000018,71.92999999999995,1,7,1.0
497,36,232.54,865.0,40.190000000000026,66.75,1,7,1.0
497,42,237.52,893.36,56.42999999999998,43.84000000000003,1,1,1.0
497,1,1106.79,928.27,51.549999999999955,45.64999999999998,1,3,1.0
497,2,1159.93,924.74,84.21000000000004,73.73000000000002,1,3,1.0
498,16,1272.16,934.01,65.04999999999995,53.85000000000002,1,3,1.0
498,28,0.0,0.0,124.43,187.26,1,10,1.0
498,31,918.02,781.52,29.610000000000014,80.43000000000006,1,9,1.0
498,32,1612.07,660.99,39.06000000000017,101.90999999999997,1,9,1.0
498,33,1826.41,811.41,38.86999999999989,114.44000000000005,1,9,1.0
498,37,895.04,866.45,30.74000000000001,34.69999999999993,1,10,1.0
498,38,1858.83,767.88,33.450000000000045,31.840000000000032,1,10,1.0
498,40,1744.12,954.44,31.730000000000018,100.16999999999985,1,7,1.0
498,41,1781.29,953.85,31.220000000000027,102.79000000000008,1,7,1.0
498,34,2116.2,1009.25,357.9200000000001,119.63000000000011,1,3,1.0
498,35,176.57,855.2,29.980000000000018,71.92999999999995,1,7,1.0
498,36,219.98,865.77,40.190000000000026,66.75,1,7,1.0
498,42,224.96,893.36,56.41999999999999,43.84000000000003,1,1,1.0
498,1,1106.62,928.82,51.55000000000018,45.799999999999955,1,3,1.0
498,2,1159.76,925.28,84.21000000000004,73.73000000000002,1,3,1.0
499,16,1271.92,934.27,65.04999999999995,53.85000000000002,1,3,1.0
499,31,914.3,777.47,28.90000000000009,84.42999999999995,1,9,1.0
499,32,1618.44,656.51,40.200000000000045,103.78999999999996,1,9,1.0
499,33,1837.15,809.65,39.25,117.07000000000005,1,9,1.0
499,37,890.21,865.52,31.289999999999964,34.379999999999995,1,10,1.0
499,38,1869.0,764.95,34.00999999999999,32.43999999999994,1,10,1.0
499,40,1752.76,955.16,31.210000000000036,101.78000000000009,1,7,1.0
499,41,1789.64,954.57,31.86999999999989,104.32000000000005,1,7,1.0
499,34,2135.3,1008.6,365.6099999999997,126.65999999999997,1,3,1.0
499,35,159.9,855.2,33.099999999999994,74.49000000000001,1,7,1.0
499,36,205.62,862.44,40.19,75.15999999999997,1,7,1.0
499,42,211.62,893.36,56.43000000000001,43.84000000000003,1,1,1.0
499,1,1106.45,929.37,51.549999999999955,45.960000000000036,1,3,1.0
499,2,1159.59,925.83,84.21000000000004,73.7299999999999,1,3,1.0
500,16,1271.69,934.54,65.04999999999995,53.85000000000002,1,3,1.0
500,31,908.79,774.14,30.470000000000027,88.25,1,9,1.0
500,32,1624.81,652.02,41.340000000000146,105.68000000000006,1,9,1.0
500,33,1847.18,808.19,39.62999999999988,119.67999999999995,1,9,1.0
500,37,884.71,864.28,31.50999999999999,35.32000000000005,1,10,1.0
500,38,1879.95,761.86,34.569999999999936,33.059999999999945,1,10,1.0
500,40,1761.4,955.88,30.679999999999836,103.38999999999999,1,7,1.0
500,41,1797.99,955.29,32.50999999999999,105.86000000000013,1,7,1.0
500,34,2154.75,1008.6,372.32000000000016,133.04000000000008,1,3,1.0
500,35,146.81,855.47,33.16999999999999,75.5,1,7,1.0
500,36,191.94,862.62,41.78,75.86000000000001,1,7,1.0
500,42,197.27,894.24,57.75999999999999,43.84000000000003,1,1,1.0
500,1,1106.28,929.91,51.549999999999955,46.120000000000005,1,3,1.0
500,2,1159.42,926.37,84.21000000000004,73.73000000000002,1,3,1.0
501,16,1271.45,934.8,65.04999999999995,53.860000000000014,1,3,1.0
501,31,903.28,770.82,32.04000000000008,92.06999999999994,1,9,1.0
501,32,1631.17,647.54,42.49000000000001,107.56000000000006,1,9,1.0
501,33,1857.2,806.72,40.01999999999998,122.30999999999995,1,9,1.0
501,37,879.2,863.03,31.74000000000001,36.26999999999998,1,10,1.0
501,38,1890.91,758.77,35.1099999999999,33.680000000000064,1,10,1.0
501,40,1770.04,956.61,30.160000000000082,104.9899999999999,1,7,1.0
501,41,1806.35,956.02,33.15000000000009,107.38000000000011,1,7,1.0
501,34,2174.2,1008.6,379.02,139.41999999999996,1,3,1.0
501,35,133.71,855.73,33.23999999999998,76.51999999999998,1,7,1.0
501,36,178.25,862.8,43.379999999999995,76.57000000000005,1,7,1.0
501,42,182.92,895.13,59.09,43.84000000000003,1,1,1.0
501,1,1106.11,930.46,51.55000000000018,46.26999999999998,1,3,1.0
501,2,1159.25,926.92,84.21000000000004,73.73000000000002,1,3,1.0
502,16,1271.21,935.07,65.04999999999995,53.84999999999991,1,3,1.0
502,31,897.77,767.5,33.60000000000002,95.88,1,9,1.0
502,32,1637.54,643.05,43.63000000000011,109.45000000000005,1,9,1.0
502,33,1867.23,805.26,40.38999999999987,124.93000000000006,1,9,1.0
502,37,873.7,861.79,31.959999999999923,37.210000000000036,1,10,1.0
502,38,1901.86,755.69,35.67000000000007,34.27999999999997,1,10,1.0
502,40,1779.98,956.61,30.160000000000082,104.9899999999999,1,7,1.0
502,41,1818.49,957.34,33.16000000000008,107.38999999999999,1,7,1.0
502,34,2197.8,1009.56,359.80999999999995,139.42000000000007,1,3,1.0
502,35,120.62,856.0,33.31,77.52999999999997,1,7,1.0
502,36,164.56,862.97,44.97999999999999,77.27999999999997,1,7,1.0
502,42,168.57,896.01,60.420000000000016,43.84000000000003,1,1,1.0
502,1,1105.94,931.01,51.549999999999955,46.430000000000064,1,3,1.0
502,2,1159.08,927.46,84.21000000000004,73.73000000000002,1,3,1.0
503,16,1270.98,935.34,65.03999999999996,53.85000000000002,1,3,1.0
503,31,892.26,764.18,35.16999999999996,99.70000000000005,1,9,1.0
503,32,1643.91,638.57,44.76999999999998,111.32999999999993,1,9,1.0
503,33,1877.25,803.8,40.77999999999997,127.54000000000008,1,9,1.0
503,37,868.19,860.55,32.18999999999994,38.15000000000009,1,10,1.0
503,38,1912.81,752.6,36.22000000000003,34.89999999999998,1,10,1.0
503,40,1789.92,956.61,30.159999999999854,104.9899999999999,1,7,1.0
503,41,1830.64,958.67,33.159999999999854,107.38,1,7,1.0
503,34,2221.41,1010.51,340.59000000000015,139.42000000000007,1,3,1.0
503,35,107.52,856.26,33.38000000000001,78.54999999999995,1,7,1.0
503,36,150.87,863.15,46.579999999999984,77.98000000000002,1,7,1.0
503,42,154.21,896.9,61.75999999999999,43.84000000000003,1,1,1.0
503,1,1105.77,931.56,51.549999999999955,46.58000000000004,1,3,1.0
503,2,1158.91,928.01,84.20999999999981,73.73000000000002,1,3,1.0
504,16,1270.74,935.6,65.04999999999995,53.860000000000014,1,3,1.0
504,31,886.75,760.85,36.74000000000001,103.51999999999998,1,9,1.0
504,32,1650.28,634.08,45.91000000000008,113.21999999999991,1,9,1.0
504,33,1887.28,802.34,41.16000000000008,130.15999999999997,1,9,1.0
504,37,862.69,859.3,32.40999999999997,39.10000000000002,1,10,1.0
504,38,1923.76,749.51,36.77999999999997,35.50999999999999,1,10,1.0
504,40,1799.86,956.61,30.160000000000082,104.9899999999999,1,7,1.0
504,41,1842.79,959.99,33.15000000000009,107.3900000000001,1,7,1.0
504,34,2240.55,1011.79,321.4499999999998,139.42000000000007,1,3,1.0
504,35,94.42,856.53,33.459999999999994,79.56000000000006,1,7,1.0
504,36,137.18,863.33,48.18000000000001,78.68999999999994,1,7,1.0
504,42,139.86,897.79,63.089999999999975,43.84000000000003,1,1,1.0
504,1,1105.6,932.11,51.55000000000018,46.73000000000002,1,3,1.0
504,2,1158.74,928.55,84.21000000000004,73.73000000000002,1,3,1.0
505,16,1270.5,935.87,65.04999999999995,53.85000000000002,1,3,1.0
505,31,881.94,756.65,38.319999999999936,107.33000000000004,1,9,1.0
505,32,1656.64,629.6,47.059999999999945,115.10000000000002,1,9,1.0
505,33,1897.3,800.87,41.549999999999955,132.78999999999996,1,9,1.0
505,37,857.22,855.54,34.10000000000002,42.83000000000004,1,10,1.0
505,38,1934.71,746.43,37.32999999999993,36.120000000000005,1,10,1.0
505,40,1809.8,956.61,30.160000000000082,104.9899999999999,1,7,1.0
505,41,1854.94,961.32,33.149999999999864,107.38,1,7,1.0
505,34,2259.68,1013.06,302.32000000000016,139.42000000000007,1,3,1.0
505,35,81.33,856.79,33.519999999999996,80.58000000000004,1,7,1.0
505,36,123.49,863.5,49.780000000000015,79.39999999999998,1,7,1.0
505,42,125.51,898.67,64.42,43.84000000000003,1,1,1.0
505,1,1105.43,932.66,51.549999999999955,46.889999999999986,1,3,1.0
505,2,1158.57,929.1,84.21000000000004,73.73000000000002,1,3,1.0
506,16,1270.27,936.14,65.03999999999996,53.85000000000002,1,3,1.0
506,31,875.86,754.39,38.10000000000002,108.13999999999999,1,9,1.0
506,32,1665.13,624.26,47.149999999999864,114.77999999999997,1,9,1.0
506,33,1910.89,798.76,41.929999999999836,135.40999999999997,1,9,1.0
506,37,849.65,856.43,36.24000000000001,42.15000000000009,1,10,1.0
506,38,1947.93,743.67,37.87999999999988,36.73000000000002,1,10,1.0
506,40,1819.53,956.38,33.00999999999999,109.00000000000011,1,7,1.0
506,41,1867.75,960.44,33.15000000000009,114.44000000000005,1,7,1.0
506,34,2284.4,1013.06,277.5999999999999,139.42000000000007,1,3,1.0
506,35,65.8,856.84,33.59,81.58999999999992,1,7,1.0
506,36,109.8,863.68,51.38000000000001,80.10000000000002,1,7,1.0
506,42,111.15,899.56,65.75,43.84000000000003,1,1,1.0
506,1,1105.26,933.2,51.549999999999955,47.049999999999955,1,3,1.0
506,2,1158.4,929.65,84.20999999999981,73.72000000000003,1,3,1.0
507,16,1270.03,936.4,65.04999999999995,53.85000000000002,1,3,1.0
507,31,869.77,752.12,37.89999999999998,108.95000000000005,1,9,1.0
507,32,1673.63,618.92,47.22999999999979,114.46000000000004,1,9,1.0
507,33,1924.48,796.65,42.309999999999945,138.01999999999998,1,9,1.0
507,37,842.09,857.32,38.370000000000005,41.45999999999992,1,10,1.0
507,38,1961.15,740.9,38.429999999999836,37.35000000000002,1,10,1.0
507,40,1829.25,956.16,35.88000000000011,112.99000000000012,1,7,1.0
507,41,1880.56,959.55,33.15000000000009,121.5,1,7,1.0
507,34,2309.12,1013.06,252.8800000000001,139.42000000000007,1,3,1.0
507,35,50.26,856.88,33.67000000000001,82.60000000000002,1,7,1.0
507,36,96.11,863.86,52.980000000000004,80.80999999999995,1,7,1.0
507,42,96.8,900.44,67.08,43.83999999999992,1,1,1.0
507,1,1105.09,933.75,51.55000000000018,47.200000000000045,1,3,1.0
507,2,1158.23,930.19,84.21000000000004,73.7299999999999,1,3,1.0
508,16,1269.79,936.67,65.04999999999995,53.85000000000002,1,3,1.0
508,31,863.69,749.86,37.68999999999994,109.75,1,9,1.0
508,32,1682.12,613.58,47.320000000000164,114.14999999999998,1,9,1.0
508,33,1938.07,794.54,42.690000000000055,140.64,1,9,1.0
508,37,834.52,858.21,40.50999999999999,40.77999999999997,1,10,1.0
508,38,1974.37,738.14,38.99000000000001,37.960000000000036,1,10,1.0
508,40,1838.98,955.94,38.73000000000002,116.99000000000001,1,7,1.0
508,41,1893.37,958.67,33.15000000000009,128.56000000000006,1,7,1.0
508,34,2333.84,1013.06,228.15999999999985,139.42000000000007,1,3,1.0
508,35,34.73,856.93,33.74,83.61000000000001,1,7,1.0
508,36,82.42,864.04,54.58,81.50999999999999,1,7,1.0
508,42,82.45,901.33,68.41000000000001,43.83999999999992,1,1,1.0
508,1,1104.92,934.3,51.549999999999955,47.35000000000002,1,3,1.0
508,2,1158.06,930.74,84.21000000000004,73.72000000000003,1,3,1.0
509,16,1269.22,937.36,65.04999999999995,53.85000000000002,1,3,1.0
509,31,857.6,747.6,37.49000000000001,110.55999999999995,1,9,1.0
509,32,1690.61,608.24,47.41000000000008,113.83000000000004,1,9,1.0
509,33,1951.66,792.43,43.069999999999936,143.2600000000001,1,9,1.0
509,37,826.95,859.11,42.64999999999998,40.09000000000003,1,10,1.0
509,38,1987.59,735.38,39.54000000000019,38.57000000000005,1,10,1.0
509,40,1848.7,955.72,41.59999999999991,120.98000000000002,1,7,1.0
509,41,1906.18,957.79,33.159999999999854,135.61000000000013,1,7,1.0
509,34,2358.56,1013.06,203.44000000000005,139.42000000000007,1,3,1.0
509,35,19.2,856.97,33.81,84.63,1,7,1.0
509,36,68.74,864.21,49.78,82.21999999999991,1,7,1.0
509,42,68.09,902.22,69.75,43.83999999999992,1,1,1.0
509,1,1104.75,935.41,51.549999999999955,46.950000000000045,1,3,1.0
509,2,1157.88,931.28,84.2199999999998,73.73000000000002,1,3,1.0
510,16,1268.65,938.04,65.03999999999996,53.860000000000014,1,3,1.0
510,31,851.52,745.34,37.27999999999997,111.36000000000001,1,9,1.0
510,32,1699.1,602.9,47.5,113.50999999999999,1,9,1.0
510,33,1965.24,790.32,43.460000000000036,145.88,1,9,1.0
510,37,822.54,861.16,40.75999999999999,38.139999999999986,1,10,1.0
510,38,2000.81,732.62,40.090000000000146,39.17999999999995,1,10,1.0
510,40,1862.25,956.61,42.32999999999993,124.81000000000006,1,7,1.0
510,41,1920.76,958.23,35.5,138.1199999999999,1,7,1.0
510,34,2382.17,1016.89,179.82999999999993,139.41999999999996,1,3,1.0
510,35,9.6,857.15,29.409999999999997,79.56000000000006,1,7,1.0
510,36,55.05,864.39,44.980000000000004,82.93000000000006,1,7,1.0
510,42,53.74,903.1,71.07999999999998,43.84000000000003,1,1,1.0
510,1,1104.58,936.51,51.55000000000018,46.549999999999955,1,3,1.0
510,2,1157.71,931.83,84.22000000000003,73.7299999999999,1,3,1.0
511,16,1268.07,938.73,65.04999999999995,53.85000000000002,1,3,1.0
511,31,842.02,741.42,39.32000000000005,115.97000000000003,1,9,1.0
511,32,1709.32,595.63,49.40000000000009,116.37,1,9,1.0
511,33,1980.65,784.78,46.159999999999854,152.52999999999997,1,9,1.0
511,37,812.8,859.61,42.06000000000006,39.48000000000002,1,10,1.0
511,38,2015.86,727.74,42.24000000000001,40.539999999999964,1,10,1.0
511,40,1875.79,957.49,43.07999999999993,128.6400000000001,1,7,1.0
511,41,1935.34,958.67,37.850000000000136,140.63,1,7,1.0
511,34,2412.15,1026.46,149.8499999999999,139.42000000000007,1,3,1.0
511,35,0.0,857.33,25.01,74.49000000000001,1,7,1.0
511,36,41.36,864.57,40.19,83.63,1,7,1.0
511,42,39.39,903.99,72.41,43.84000000000003,1,1,1.0
511,1,1104.41,937.62,51.549999999999955,46.139999999999986,1,3,1.0
511,2,1157.54,932.37,84.22000000000003,73.73000000000002,1,3,1.0
512,16,1267.5,939.42,65.04999999999995,53.85000000000002,1,3,1.0
512,31,832.52,737.51,41.35000000000002,120.58000000000004,1,9,1.0
512,32,1719.54,588.37,51.299999999999955,119.22000000000003,1,9,1.0
512,33,1996.06,779.24,48.86000000000013,159.18999999999994,1,9,1.0
512,37,803.06,858.07,43.360000000000014,40.819999999999936,1,10,1.0
512,38,2030.92,722.87,44.36999999999989,41.879999999999995,1,10,1.0
512,40,1889.34,958.37,43.81000000000017,132.4799999999999,1,7,1.0
512,41,1949.92,959.11,40.19999999999982,143.14,1,7,1.0
512,34,2442.13,1036.03,119.86999999999989,139.42000000000007,1,3,1.0
512,36,26.21,867.49,43.910000000000004,83.63,1,7,1.0
512,42,26.36,903.19,74.29,48.86999999999989,1,1,1.0
512,1,1104.24,938.73,51.549999999999955,45.74000000000001,1,3,1.0
512,2,1157.37,932.92,84.22000000000003,73.73000000000002,1,3,1.0
513,16,1266.92,940.11,65.04999999999995,53.85000000000002,1,3,1.0
513,31,823.02,733.6,43.389999999999986,125.17999999999995,1,9,1.0
513,32,1729.76,581.1,53.210000000000036,122.06999999999994,1,9,1.0
513,33,2011.47,773.7,51.56000000000017,165.83999999999992,1,9,1.0
513,37,793.34,857.66,44.65999999999997,42.16000000000008,1,10,1.0
513,38,2045.98,718.0,46.50999999999976,43.23000000000002,1,10,1.0
513,40,1902.89,959.26,44.539999999999964,136.30999999999995,1,7,1.0
513,41,1964.49,959.55,42.559999999999945,145.6500000000001,1,7,1.0
513,36,11.06,870.42,47.64,83.63,1,7,1.0
513,42,13.34,902.39,76.16,53.90999999999997,1,1,1.0
513,1,1104.07,939.84,51.549999999999955,45.32999999999993,1,3,1.0
513,2,1157.2,933.46,84.22000000000003,73.73000000000002,1,3,1.0
514,16,1266.35,940.79,65.05000000000018,53.860000000000014,1,3,1.0
514,31,813.52,729.68,45.42000000000007,129.80000000000007,1,9,1.0
514,32,1739.98,573.83,55.1099999999999,124.92999999999995,1,9,1.0
514,33,2026.88,768.16,54.25999999999976,172.49,1,9,1.0
514,37,785.25,857.58,45.960000000000036,43.5,1,10,1.0
514,38,2061.03,713.12,48.649999999999636,44.58000000000004,1,10,1.0
514,40,1916.44,960.14,45.27999999999997,140.14,1,7,1.0
514,41,1979.07,960.0,44.90000000000009,148.1500000000001,1,7,1.0
514,36,0.0,873.07,43.28,83.63999999999999,1,7,1.0
514,42,0.0,902.39,74.62,53.90999999999997,1,1,1.0
514,1,1103.9,940.94,51.549999999999955,44.92999999999995,1,3,1.0
514,2,1157.03,934.01,84.21000000000004,73.73000000000002,1,3,1.0
515,16,1265.78,941.48,65.03999999999996,53.85000000000002,1,3,1.0
515,31,804.01,725.77,47.47000000000003,134.39999999999998,1,9,1.0
515,32,1750.2,566.57,57.00999999999999,127.77999999999997,1,9,1.0
515,33,2042.29,762.62,56.960000000000036,179.14,1,9,1.0
515,37,777.17,857.51,47.25999999999999,44.84000000000003,1,10,1.0
515,38,2076.09,708.25,50.789999999999964,45.92999999999995,1,10,1.0
515,40,1929.98,961.02,46.01999999999998,143.98000000000002,1,7,1.0
515,41,1993.65,960.44,47.25,150.65999999999985,1,7,1.0
515,42,0.0,902.39,52.01,58.15999999999997,1,1,1.0
515,1,1103.73,942.05,51.549999999999955,44.530000000000086,1,3,1.0
515,2,1156.86,934.55,84.21000000000004,73.73000000000002,1,3,1.0
516,16,1265.2,942.17,65.04999999999995,53.85000000000002,1,3,1.0
516,31,794.51,721.85,49.5,139.01999999999998,1,9,1.0
516,32,1760.42,559.3,58.909999999999854,130.6400000000001,1,9,1.0
516,33,2059.23,758.03,59.67000000000007,185.80000000000007,1,9,1.0
516,37,766.25,856.95,48.559999999999945,46.17999999999995,1,10,1.0
516,38,2094.33,704.31,52.93000000000029,47.280000000000086,1,10,1.0
516,40,1945.71,961.98,46.649999999999864,147.78999999999996,1,7,1.0
516,41,2011.91,961.91,50.12000000000012,155.74000000000012,1,7,1.0
516,42,0.0,902.39,29.4,62.40999999999997,1,1,1.0
516,1,1103.56,943.16,51.549999999999955,44.120000000000005,1,3,1.0
516,2,1156.69,935.1,84.21000000000004,73.73000000000002,1,3,1.0
517,16,1264.63,942.86,65.04999999999995,53.85000000000002,1,3,1.0
517,31,785.01,717.94,51.539999999999964,143.6199999999999,1,9,1.0
517,32,1770.64,552.03,60.819999999999936,133.49,1,9,1.0
517,33,2076.18,753.45,62.370000000000346,192.44999999999993,1,9,1.0
517,37,755.33,856.4,49.860000000000014,47.51999999999998,1,10,1.0
517,38,2112.57,700.38,55.06999999999971,48.629999999999995,1,10,1.0
517,40,1961.43,962.93,47.27999999999997,151.62,1,7,1.0
517,41,2030.18,963.39,52.97999999999979,160.82000000000005,1,7,1.0
517,1,1103.39,944.27,51.549999999999955,43.710000000000036,1,3,1.0
517,2,1156.52,935.64,84.21000000000004,73.73000000000002,1,3,1.0
518,16,1264.05,943.55,65.04999999999995,53.85000000000002,1,3,1.0
518,31,775.51,714.02,53.58000000000004,148.24,1,9,1.0
518,32,1780.86,544.77,62.72000000000003,136.34000000000003,1,9,1.0
518,33,2093.12,748.86,65.07000000000016,199.10000000000002,1,9,1.0
518,37,745.07,855.03,51.15999999999997,48.860000000000014,1,10,1.0
518,38,2130.81,696.44,57.210000000000036,49.979999999999905,1,10,1.0
518,40,1977.15,963.88,47.919999999999845,155.43999999999994,1,7,1.0
518,41,2048.45,964.87,55.840000000000146,165.89,1,7,1.0
518,1,1103.22,945.37,51.549999999999955,43.309999999999945,1,3,1.0
518,2,1156.35,936.19,84.21000000000004,73.7299999999999,1,3,1.0
519,16,1263.48,944.23,65.04999999999995,53.860000000000014,1,3,1.0
519,31,766.01,710.11,55.610000000000014,152.84000000000003,1,9,1.0
519,32,1791.07,537.5,64.63000000000011,139.20000000000005,1,9,1.0
519,33,2110.07,744.28,67.76999999999998,205.75,1,9,1.0
519,37,737.45,857.34,48.75,50.15999999999997,1,10,1.0
519,38,2149.05,692.51,59.34999999999991,51.33000000000004,1,10,1.0
519,40,1996.14,964.84,48.559999999999945,159.25999999999988,1,7,1.0
519,41,2069.98,965.53,58.7199999999998,170.97000000000003,1,7,1.0
519,1,1103.05,946.48,51.549999999999955,42.90999999999997,1,3,1.0
519,2,1156.18,936.74,84.21000000000004,73.72000000000003,1,3,1.0
520,16,1262.91,944.92,65.03999999999996,53.85000000000002,1,3,1.0
520,31,756.51,706.2,57.64999999999998,157.44999999999993,1,9,1.0
520,32,1810.12,522.8,68.1400000000001,144.61,1,9,1.0
520,33,2132.17,737.97,70.4699999999998,212.40999999999997,1,9,1.0
520,37,725.64,856.47,50.27999999999997,51.50999999999999,1,10,1.0
520,38,2172.44,683.42,61.48999999999978,52.680000000000064,1,10,1.0
520,40,2017.59,964.81,52.19000000000028,164.43000000000006,1,7,1.0
520,41,2095.13,965.49,62.32999999999993,176.32999999999993,1,7,1.0
520,1,1102.88,947.59,51.549999999999955,42.5,1,3,1.0
520,2,1156.01,937.28,84.21000000000004,73.73000000000002,1,3,1.0
521,16,1262.33,945.61,65.05000000000018,53.85000000000002,1,3,1.0
521,31,747.01,702.28,59.680000000000064,162.06000000000006,1,9,1.0
521,32,1829.16,508.11,71.66999999999985,150.01999999999998,1,9,1.0
521,33,2154.26,731.67,73.17999999999984,219.06000000000006,1,9,1.0
521,37,715.75,856.29,51.809999999999945,52.85000000000002,1,10,1.0
521,38,2195.83,674.33,63.63000000000011,54.02999999999997,1,10,1.0
521,40,2039.03,964.77,55.83999999999992,169.62000000000012,1,7,1.0
521,41,2120.29,965.45,65.92999999999984,181.69000000000005,1,7,1.0
521,1,1102.71,948.7,51.549999999999955,42.08999999999992,1,3,1.0
521,2,1155.84,937.83,84.21000000000004,73.7299999999999,1,3,1.0
522,16,1261.29,946.28,65.04999999999995,53.860000000000014,1,3,1.0
522,31,737.32,706.4,58.039999999999964,157.12,1,9,1.0
522,32,1848.21,493.41,75.18000000000006,155.43,1,9,1.0
522,33,2176.36,725.36,75.87999999999965,225.72000000000003,1,9,1.0
522,37,702.8,855.28,53.34000000000003,54.190000000000055,1,10,1.0
522,38,2219.23,665.24,65.76999999999998,55.379999999999995,1,10,1.0
522,40,2060.48,964.74,59.4699999999998,174.78999999999996,1,7,1.0
522,41,2145.44,965.41,69.53999999999996,187.06000000000006,1,7,1.0
522,1,1102.47,949.92,51.549999999999955,42.10000000000002,1,3,1.0
522,2,1155.41,938.69,84.20999999999981,73.71999999999991,1,3,1.0
523,16,1260.25,946.96,65.03999999999996,53.84999999999991,1,3,1.0
523,31,727.62,710.53,56.40999999999997,152.17000000000007,1,9,1.0
523,32,1867.25,478.72,78.71000000000004,160.83999999999992,1,9,1.0
523,33,2198.46,719.06,78.57999999999993,232.37,1,9,1.0
523,37,689.86,854.26,54.870000000000005,55.52999999999997,1,10,1.0
523,38,2242.62,656.15,67.91000000000031,56.74000000000001,1,10,1.0
523,40,2081.92,964.7,63.11000000000013,179.97000000000003,1,7,1.0
523,41,2170.59,965.37,73.14999999999964,192.41999999999996,1,7,1.0
523,1,1102.22,951.15,51.549999999999955,42.10000000000002,1,3,1.0
523,2,1154.98,939.54,84.21000000000004,73.73000000000002,1,3,1.0
524,16,1259.2,947.63,65.04999999999995,53.860000000000014,1,3,1.0
524,31,712.04,701.39,59.66000000000008,159.97000000000003,1,9,1.0
524,32,1886.29,464.02,82.23000000000002,166.25,1,9,1.0
524,33,2220.55,712.76,81.28999999999996,239.01999999999998,1,9,1.0
524,37,675.87,853.85,56.39999999999998,56.879999999999995,1,10,1.0
524,38,2266.01,647.06,70.04999999999973,58.09000000000003,1,10,1.0
524,40,2103.36,964.67,66.75,185.14,1,7,1.0
524,41,2195.74,965.34,76.75,197.76999999999987,1,7,1.0
524,1,1101.98,952.38,51.539999999999964,42.09000000000003,1,3,1.0
524,2,1154.55,940.4,84.21000000000004,73.73000000000002,1,3,1.0
525,16,1258.16,948.31,65.04999999999995,53.85000000000002,1,3,1.0
525,31,696.46,692.25,62.91999999999996,167.76,1,9,1.0
525,32,1905.34,449.32,85.75,171.67000000000002,1,9,1.0
525,33,2249.37,706.06,82.7800000000002,243.58000000000004,1,9,1.0
525,37,662.29,852.57,57.930000000000064,58.219999999999914,1,10,1.0
525,38,2291.57,647.7,70.92999999999984,58.729999999999905,1,10,1.0
525,40,2124.81,964.63,70.38999999999987,190.33000000000004,1,7,1.0
525,41,2220.89,965.3,80.36000000000013,203.1300000000001,1,7,1.0
525,1,1101.73,953.61,51.549999999999955,42.09000000000003,1,3,1.0
525,2,1154.12,941.26,84.21000000000004,73.73000000000002,1,3,1.0
526,16,1257.12,948.98,65.04000000000019,53.860000000000014,1,3,1.0
526,31,680.87,683.12,66.18999999999994,175.54999999999995,1,9,1.0
526,32,1924.38,434.63,89.26999999999998,177.07000000000005,1,9,1.0
526,33,2278.18,699.36,84.2800000000002,248.14999999999998,1,9,1.0
526,37,647.52,851.96,59.460000000000036,59.559999999999945,1,10,1.0
526,38,2321.15,627.15,79.92000000000007,71.25,1,10,1.0
526,40,2146.25,964.6,74.0300000000002,195.4999999999999,1,7,1.0
526,41,2246.04,965.26,83.97000000000025,208.49,1,7,1.0
526,1,1101.49,954.83,51.539999999999964,42.09999999999991,1,3,1.0
526,2,1153.69,942.12,84.21000000000004,73.73000000000002,1,3,1.0
527,16,1256.07,949.66,65.04999999999995,53.85000000000002,1,3,1.0
527,31,665.29,673.98,69.45000000000005,183.35000000000002,1,9,1.0
527,32,1943.43,419.93,92.77999999999997,182.47999999999996,1,9,1.0
527,33,2306.99,692.66,85.79000000000042,252.72000000000003,1,9,1.0
527,37,631.86,850.2,60.99000000000001,60.89999999999998,1,10,1.0
527,38,2346.92,616.13,80.9699999999998,72.12,1,10,1.0
527,40,2174.71,964.85,77.67000000000007,200.67999999999995,1,7,1.0
527,41,2278.49,965.22,87.58000000000038,213.8499999999999,1,7,1.0
527,1,1101.24,956.06,51.549999999999955,42.10000000000002,1,3,1.0
527,2,1153.26,942.98,84.21000000000004,73.73000000000002,1,3,1.0
528,16,1255.03,950.33,65.04999999999995,53.860000000000014,1,3,1.0
528,31,649.71,664.84,72.70999999999992,191.14,1,9,1.0
528,32,1962.47,405.23,96.31000000000017,187.89999999999998,1,9,1.0
528,33,2335.8,685.96,87.28999999999996,257.28,1,9,1.0
528,37,616.19,848.44,62.51999999999998,62.239999999999895,1,10,1.0
528,38,2372.7,605.1,82.0,73.0,1,10,1.0
528,40,2203.16,965.11,81.30999999999995,205.86,1,7,1.0
528,41,2310.95,965.18,91.19000000000005,219.21000000000015,1,7,1.0
528,1,1100.99,957.29,51.549999999999955,42.09000000000003,1,3,1.0
528,2,1152.83,943.84,84.22000000000003,73.73000000000002,1,3,1.0
529,16,1253.99,951.01,65.03999999999996,53.85000000000002,1,3,1.0
529,31,634.12,655.71,75.98000000000002,198.92999999999995,1,9,1.0
529,32,1981.52,390.54,99.82000000000016,193.3,1,9,1.0
529,33,2368.48,680.31,88.78999999999996,261.85,1,9,1.0
529,37,600.53,846.68,64.05000000000007,63.59000000000003,1,10,1.0
529,38,2411.81,597.12,78.65999999999985,73.0,1,10,1.0
529,40,2231.62,965.37,84.95000000000027,211.0300000000001,1,7,1.0
529,41,2343.4,965.14,94.79999999999973,224.58000000000004,1,7,1.0
529,1,1100.75,958.51,51.549999999999955,42.10000000000002,1,3,1.0
529,2,1152.4,944.7,84.2199999999998,73.7299999999999,1,3,1.0
530,16,1252.94,951.68,65.04999999999995,53.860000000000014,1,3,1.0
530,31,615.47,649.01,77.45999999999992,203.18000000000006,1,9,1.0
530,32,2000.56,375.84,103.34999999999991,198.71999999999997,1,9,1.0
530,33,2401.15,674.66,90.29999999999973,266.4200000000001,1,9,1.0
530,37,581.31,844.68,65.58000000000004,64.93000000000006,1,10,1.0
530,38,2450.93,589.15,75.30000000000018,73.0,1,10,1.0
530,40,2265.94,966.19,88.57999999999993,216.21000000000004,1,7,1.0
530,41,2383.83,965.88,85.32000000000016,229.92999999999995,1,7,1.0
530,1,1100.5,959.74,51.549999999999955,42.10000000000002,1,3,1.0
530,2,1151.97,945.56,84.22000000000003,73.73000000000002,1,3,1.0
531,16,1251.9,952.36,65.04999999999995,53.85000000000002,1,3,1.0
531,31,596.82,642.32,78.93999999999994,207.41999999999996,1,9,1.0
531,32,2019.6,361.15,106.86999999999989,204.12,1,9,1.0
531,33,2433.83,669.01,91.78999999999996,270.98,1,9,1.0
531,37,562.08,842.67,67.12,66.2700000000001,1,10,1.0
531,38,2490.04,581.17,71.96000000000004,73.0,1,10,1.0
531,40,2300.26,967.01,92.2199999999998,221.3900000000001,1,7,1.0
531,41,2424.25,966.61,75.84999999999991,235.29000000000008,1,7,1.0
531,1,1100.26,960.97,51.549999999999955,42.08999999999992,1,3,1.0
531,2,1151.54,946.42,84.22000000000003,73.72000000000003,1,3,1.0
532,16,1251.46,952.68,65.04999999999995,53.85000000000002,1,3,1.0
532,31,578.16,635.63,80.44000000000005,211.65999999999997,1,9,1.0
532,32,2038.65,346.45,110.38999999999987,209.54000000000002,1,9,1.0
532,33,2466.5,663.36,93.30000000000018,275.54999999999995,1,9,1.0
532,37,542.86,840.67,68.63999999999999,67.61000000000001,1,10,1.0
532,38,2529.15,573.19,32.84999999999991,73.0,1,10,1.0
532,40,2334.58,967.84,95.86000000000013,226.56000000000006,1,7,1.0
532,41,2464.68,967.34,66.37000000000035,240.64999999999998,1,7,1.0
532,1,1100.05,961.13,51.5,42.360000000000014,1,3,1.0
532,2,1150.79,946.58,84.21000000000004,73.7299999999999,1,3,1.0
533,16,1251.02,953.0,65.04999999999995,53.85000000000002,1,3,1.0
533,31,559.51,628.93,81.91999999999996,215.91000000000008,1,9,1.0
533,32,2057.69,331.75,113.90999999999985,214.95000000000005,1,9,1.0
533,37,521.18,837.68,70.18000000000006,68.96000000000004,1,10,1.0
533,40,2368.9,968.66,99.5,231.74000000000012,1,7,1.0
533,41,2505.1,968.07,56.90000000000009,246.00999999999988,1,7,1.0
533,43,1606.68,954.49,53.00999999999999,80.99000000000001,1,7,1.0
533,1,1099.83,961.3,51.460000000000036,42.610000000000014,1,3,1.0
533,2,1150.03,946.75,84.22000000000003,73.73000000000002,1,3,1.0
534,16,1250.59,953.32,65.04000000000019,53.8599999999999,1,3,1.0
534,31,540.85,622.24,83.40999999999997,220.14999999999998,1,9,1.0
534,32,2091.47,310.38,99.83000000000038,219.32000000000005,1,9,1.0
534,37,499.51,834.69,71.70000000000005,70.30999999999995,1,10,1.0
534,40,2411.65,969.88,87.94999999999982,231.7399999999999,1,7,1.0
534,43,1613.3,953.02,53.01999999999998,80.99000000000001,1,7,1.0
534,1,1099.62,961.46,51.41000000000008,42.879999999999995,1,3,1.0
534,2,1149.28,946.91,84.21000000000004,73.73000000000002,1,3,1.0
535,16,1250.15,953.64,65.04999999999995,53.860000000000014,1,3,1.0
535,31,522.2,615.54,84.89999999999998,224.4000000000001,1,9,1.0
535,32,2125.26,289.0,85.73999999999978,223.70000000000005,1,9,1.0
535,37,477.83,831.71,73.22999999999996,71.63999999999999,1,10,1.0
535,40,2454.4,971.1,76.40000000000009,231.7399999999999,1,7,1.0
535,43,1615.51,952.29,53.00999999999999,80.98000000000002,1,7,1.0
535,1,1099.41,961.63,51.3599999999999,43.129999999999995,1,3,1.0
535,2,1148.52,947.08,84.22000000000003,73.7299999999999,1,3,1.0
536,16,1249.71,953.97,65.04999999999995,53.85000000000002,1,3,1.0
536,31,503.54,608.85,86.38999999999993,228.64999999999998,1,9,1.0
536,32,2159.04,250.47,97.36000000000013,245.23,1,9,1.0
536,37,454.15,829.54,74.52999999999997,72.99000000000001,1,10,1.0
536,40,2497.14,972.32,64.86000000000013,231.7399999999999,1,7,1.0
536,43,1618.95,952.29,53.00999999999999,80.98000000000002,1,7,1.0
536,1,1099.2,961.79,51.319999999999936,43.40000000000009,1,3,1.0
536,2,1147.77,947.24,84.21000000000004,73.73000000000002,1,3,1.0
537,16,1249.27,954.29,65.04999999999995,53.85000000000002,1,3,1.0
537,31,473.3,589.38,101.40000000000003,241.85000000000002,1,9,1.0
537,32,2192.83,211.95,108.97000000000025,266.75,1,9,1.0
537,37,430.47,827.38,75.82999999999998,74.32000000000005,1,10,1.0
537,43,1622.38,952.29,53.01999999999998,80.98000000000002,1,7,1.0
537,1,1098.98,961.96,51.27999999999997,43.64999999999998,1,3,1.0
537,2,1147.01,947.41,84.22000000000003,73.73000000000002,1,3,1.0
538,16,1248.83,954.61,65.05000000000018,53.85000000000002,1,3,1.0
538,31,444.47,598.34,100.42999999999995,229.80999999999995,1,9,1.0
538,32,2226.61,173.42,120.59999999999991,288.28,1,9,1.0
538,37,401.41,823.74,76.65999999999997,78.24000000000001,1,10,1.0
538,43,1625.82,952.29,53.00999999999999,80.98000000000002,1,7,1.0
538,1,1098.77,962.13,51.23000000000002,43.90999999999997,1,3,1.0
538,2,1146.26,947.57,84.21000000000004,73.7299999999999,1,3,1.0
539,16,1248.39,954.93,65.04999999999995,53.85000000000002,1,3,1.0
539,31,415.63,607.3,99.47000000000003,217.7800000000001,1,9,1.0
539,32,2260.39,134.9,132.22000000000025,309.79999999999995,1,9,1.0
539,37,372.36,820.1,77.46999999999997,82.14999999999998,1,10,1.0
539,43,1634.66,953.02,53.00999999999999,80.99000000000001,1,7,1.0
539,1,1098.56,962.29,51.180000000000064,44.17000000000007,1,3,1.0
539,2,1145.5,947.74,84.22000000000003,73.73000000000002,1,3,1.0
540,16,1247.96,955.25,65.03999999999996,53.85000000000002,1,3,1.0
540,31,386.8,566.8,106.80000000000001,255.20000000000005,1,9,1.0
540,32,2312.49,108.5,134.36000000000013,301.8,1,9,1.0
540,37,338.31,810.56,78.30000000000001,86.07000000000005,1,10,1.0
540,43,1639.81,951.55,53.00999999999999,80.99000000000001,1,7,1.0
540,1,1098.35,962.46,51.13000000000011,44.41999999999996,1,3,1.0
540,2,1144.75,947.9,84.21000000000004,73.73000000000002,1,3,1.0
541,16,1247.52,955.57,65.04999999999995,53.84999999999991,1,3,1.0
541,31,350.34,556.09,113.56,257.85,1,9,1.0
541,32,2364.6,82.1,136.5,293.79999999999995,1,9,1.0
541,37,301.52,805.14,84.62,89.99000000000001,1,10,1.0
541,43,1649.38,948.6,53.00999999999999,80.9899999999999,1,7,1.0
541,1,1098.13,962.62,51.09999999999991,44.68999999999994,1,3,1.0
541,2,1143.99,948.07,84.22000000000003,73.7299999999999,1,3,1.0
542,16,1247.08,955.89,65.05000000000018,53.860000000000014,1,3,1.0
542,31,313.87,545.38,120.32999999999998,260.49,1,9,1.0
542,32,2416.7,41.05,114.85000000000036,311.45,1,9,1.0
542,37,264.73,799.72,90.94,93.89999999999998,1,10,1.0
542,43,1654.29,949.34,53.00999999999999,80.9899999999999,1,7,1.0
542,1,1097.92,962.79,51.049999999999955,44.940000000000055,1,3,1.0
542,2,1143.24,948.23,84.21000000000004,73.73000000000002,1,3,1.0
543,16,1246.64,956.22,65.04999999999995,53.85000000000002,1,3,1.0
543,31,277.41,534.67,127.08999999999997,263.13,1,9,1.0
543,32,2468.81,0.0,93.19000000000005,329.1,1,9,1.0
543,37,227.93,794.3,97.26999999999998,97.82000000000005,1,10,1.0
543,43,1659.2,950.07,53.00999999999999,80.9899999999999,1,7,1.0
543,1,1097.71,962.95,51.0,45.20999999999992,1,3,1.0
543,2,1142.48,948.4,84.22000000000003,73.73000000000002,1,3,1.0
544,16,1246.2,956.54,65.04999999999995,53.85000000000002,1,3,1.0
544,31,240.94,523.96,142.64999999999998,292.15,1,9,1.0
544,37,179.29,788.88,105.18000000000004,101.73000000000002,1,10,1.0
544,43,1664.1,950.81,53.00999999999999,80.99000000000001,1,7,1.0
544,1,1097.5,963.12,50.950000000000045,45.460000000000036,1,3,1.0
544,2,1141.73,948.56,84.21000000000004,73.73000000000002,1,3,1.0
545,16,1245.76,956.86,65.04999999999995,53.85000000000002,1,3,1.0
545,31,212.36,514.06,142.64999999999998,292.1600000000001,1,9,1.0
545,37,130.64,783.46,113.09,105.64999999999998,1,10,1.0
545,43,1671.1,951.73,53.00999999999999,84.83999999999992,1,7,1.0
545,1,1097.28,963.28,50.92000000000007,45.73000000000002,1,3,1.0
545,2,1140.97,948.73,84.22000000000003,73.73000000000002,1,3,1.0
546,16,1245.33,957.18,65.03999999999996,53.85000000000002,1,3,1.0
546,31,183.78,504.17,142.65,292.15000000000003,1,9,1.0
546,37,82.0,778.04,121.0,109.57000000000005,1,10,1.0
546,43,1678.09,952.65,53.00999999999999,88.69999999999993,1,7,1.0
546,1,1097.07,963.45,50.87000000000012,45.979999999999905,1,3,1.0
546,2,1140.22,948.89,84.21000000000004,73.73000000000002,1,3,1.0
547,16,1244.89,957.5,65.04999999999995,53.85000000000002,1,3,1.0
547,31,113.43,490.98,142.64999999999998,292.15,1,9,1.0
547,37,24.5,772.62,119.44999999999999,113.48000000000002,1,10,1.0
547,43,1685.09,953.57,53.00999999999999,92.54999999999984,1,7,1.0
547,1,1096.86,963.61,50.820000000000164,46.25,1,3,1.0
547,2,1139.46,949.06,84.22000000000003,73.73000000000002,1,3,1.0
548,16,1244.45,957.82,65.04999999999995,53.84999999999991,1,3,1.0
548,31,49.68,469.0,142.65,292.15,1,9,1.0
548,37,0.0,767.2,84.9,117.39999999999998,1,10,1.0
548,43,1692.08,954.49,53.00999999999999,96.41000000000008,1,7,1.0
548,44,1387.3,975.85,92.0,58.89999999999998,1,3,1.0
548,1,1096.65,963.78,50.76999999999998,46.5,1,3,1.0
548,2,1138.71,949.22,84.21000000000004,73.73000000000002,1,3,1.0
549,16,1244.01,958.14,65.04999999999995,53.860000000000014,1,3,1.0
549,31,0.0,447.01,130.77,292.15,1,9,1.0
549,37,0.0,753.68,36.2,141.22000000000003,1,10,1.0
549,43,1702.57,954.49,53.00999999999999,96.41000000000008,1,7,1.0
549,44,1389.51,976.09,92.0,58.89999999999998,1,3,1.0
549,45,1346.78,967.75,57.42000000000007,58.16000000000008,1,3,1.0
549,1,1096.44,963.94,50.72000000000003,46.75999999999999,1,3,1.0
549,2,1137.95,949.39,84.22000000000003,73.73000000000002,1,3,1.0
550,16,1243.57,958.46,65.04999999999995,53.860000000000014,1,3,1.0
550,31,0.0,438.22,99.99,292.15,1,9,1.0
550,43,1713.07,954.49,53.00999999999999,96.41000000000008,1,7,1.0
550,44,1391.72,976.34,92.0,58.89999999999998,1,3,1.0
550,45,1348.84,967.75,57.430000000000064,58.16000000000008,1,3,1.0
550,1,1096.22,964.11,50.690000000000055,47.01999999999998,1,3,1.0
550,2,1137.2,949.55,84.21000000000004,73.73000000000002,1,3,1.0
551,16,1243.13,958.79,65.04999999999995,53.85000000000002,1,3,1.0
551,43,1723.56,954.49,53.00999999999999,96.41000000000008,1,7,1.0
551,44,1393.93,976.58,92.0,58.89999999999998,1,3,1.0
551,45,1350.9,967.75,57.429999999999836,58.16000000000008,1,3,1.0
551,1,1096.01,964.27,50.6400000000001,47.27999999999997,1,3,1.0
551,2,1136.44,949.72,84.21000000000004,73.73000000000002,1,3,1.0
552,16,1242.7,959.11,65.03999999999996,53.85000000000002,1,3,1.0
552,43,1734.05,954.49,53.00999999999999,96.41000000000008,1,7,1.0
552,44,1397.36,977.07,92.00999999999999,58.89999999999998,1,3,1.0
552,45,1352.96,967.75,57.430000000000064,58.16000000000008,1,3,1.0
552,1,1095.8,964.44,50.590000000000146,47.539999999999964,1,3,1.0
552,2,1135.69,949.88,84.21000000000004,73.73000000000002,1,3,1.0
553,16,1242.51,959.13,65.03999999999996,53.85000000000002,1,3,1.0
553,43,1744.54,954.49,53.00999999999999,96.41000000000008,1,7,1.0
553,44,1400.8,977.56,92.0,58.90000000000009,1,3,1.0
553,45,1355.02,967.75,57.430000000000064,58.16000000000008,1,3,1.0
553,1,1095.59,964.6,50.54000000000019,47.799999999999955,1,3,1.0
553,2,1134.93,950.05,84.21000000000004,73.73000000000002,1,3,1.0
554,16,1242.32,959.15,65.04999999999995,53.860000000000014,1,3,1.0
554,43,1755.03,954.49,53.00999999999999,96.41000000000008,1,7,1.0
554,44,1404.23,978.05,92.00999999999999,58.91000000000008,1,3,1.0
554,45,1357.08,967.75,57.430000000000064,58.16000000000008,1,3,1.0
554,1,1095.37,964.77,50.5,48.06000000000006,1,3,1.0
554,2,1134.18,950.22,84.21000000000004,73.72000000000003,1,3,1.0
555,16,1242.13,959.18,65.04999999999995,53.85000000000002,1,3,1.0
555,43,1765.52,954.49,53.00999999999999,96.41000000000008,1,7,1.0
555,44,1408.28,977.69,92.00999999999999,58.899999999999864,1,3,1.0
555,45,1358.56,967.13,57.42000000000007,58.16999999999996,1,3,1.0
555,1,1095.16,964.93,50.45999999999981,48.32000000000005,1,3,1.0
555,2,1133.42,950.38,84.21000000000004,73.7299999999999,1,3,1.0
556,16,1241.94,959.2,65.04999999999995,53.84999999999991,1,3,1.0
556,43,1776.02,954.49,53.00999999999999,96.41000000000008,1,7,1.0
556,44,1412.33,977.32,92.00999999999999,58.89999999999998,1,3,1.0
556,45,1360.03,966.52,57.430000000000064,58.17000000000007,1,3,1.0
556,1,1094.95,965.1,50.409999999999854,48.57999999999993,1,3,1.0
556,2,1132.67,950.55,84.21000000000004,73.72000000000003,1,3,1.0
557,16,1241.75,959.23,65.04999999999995,53.85000000000002,1,3,1.0
557,43,1787.06,950.81,53.00999999999999,105.99000000000001,1,7,1.0
557,44,1412.15,976.21,94.94999999999982,60.00999999999999,1,3,1.0
557,45,1361.5,965.91,57.430000000000064,58.15999999999997,1,3,1.0
557,46,1831.24,949.34,67.0,117.80000000000007,1,7,1.0
557,1,1094.74,965.26,50.3599999999999,48.84000000000003,1,3,1.0
557,2,1131.91,950.71,84.20999999999981,73.73000000000002,1,3,1.0
558,16,1241.56,959.25,65.04999999999995,53.85000000000002,1,3,1.0
558,43,1800.07,949.09,53.00999999999999,112.38,1,7,1.0
558,44,1411.97,975.11,97.88999999999987,61.110000000000014,1,3,1.0
558,45,1362.97,965.29,57.430000000000064,58.17000000000007,1,3,1.0
558,46,1842.77,947.62,67.0,117.81000000000006,1,7,1.0
558,1,1095.26,964.94,50.37000000000012,48.83999999999992,1,3,1.0
558,2,1131.6,950.55,84.70000000000005,73.99000000000001,1,3,1.0
559,16,1241.37,959.27,65.05000000000018,53.85000000000002,1,3,1.0
559,43,1813.07,947.38,53.01999999999998,118.75000000000011,1,7,1.0
559,44,1411.78,974.0,100.83999999999992,62.22000000000003,1,3,1.0
559,45,1364.45,964.68,57.419999999999845,58.16000000000008,1,3,1.0
559,46,1854.31,945.91,67.0,117.80000000000007,1,7,1.0
559,1,1095.79,964.62,50.36000000000013,48.84000000000003,1,3,1.0
559,2,1131.28,950.4,85.19000000000005,74.24000000000012,1,3,1.0
560,16,1241.19,959.3,65.03999999999996,53.85000000000002,1,3,1.0
560,43,1826.08,945.66,53.00999999999999,125.13999999999999,1,7,1.0
560,44,1411.6,972.9,103.7800000000002,63.32000000000005,1,3,1.0
560,45,1365.92,964.07,57.429999999999836,58.15999999999997,1,3,1.0
560,46,1865.84,944.19,67.0,117.79999999999995,1,7,1.0
560,1,1096.31,964.3,50.37000000000012,48.84000000000003,1,3,1.0
560,2,1130.96,950.24,85.68000000000006,74.5,1,3,1.0
561,16,1241.0,959.32,65.03999999999996,53.84999999999991,1,3,1.0
561,43,1842.33,945.27,54.73000000000002,129.26,1,7,1.0
561,44,1414.64,972.07,105.69999999999982,64.93999999999994,1,3,1.0
561,45,1367.19,963.82,59.200000000000045,59.0,1,3,1.0
561,46,1883.86,943.11,67.0,123.20999999999992,1,7,1.0
561,1,1096.84,963.98,50.36000000000013,48.82999999999993,1,3,1.0
561,2,1130.64,950.08,86.16999999999985,74.75999999999988,1,3,1.0
562,16,1240.81,959.34,65.04999999999995,53.860000000000014,1,3,1.0
562,43,1858.58,944.87,56.440000000000055,133.39999999999998,1,7,1.0
562,44,1417.68,971.23,107.61999999999989,66.55999999999995,1,3,1.0
562,45,1368.47,963.58,60.960000000000036,59.82999999999993,1,3,1.0
562,46,1901.87,942.04,67.0,128.61000000000013,1,7,1.0
562,1,1097.37,963.66,50.36000000000013,48.83000000000004,1,3,1.0
562,2,1130.33,949.93,86.65000000000009,75.0100000000001,1,3,1.0
563,16,1240.62,959.37,65.05000000000018,53.85000000000002,1,3,1.0
563,43,1874.82,944.48,58.16000000000008,137.51999999999998,1,7,1.0
563,44,1420.72,970.4,109.52999999999997,68.17999999999995,1,3,1.0
563,45,1369.75,963.33,62.73000000000002,60.67999999999995,1,3,1.0
563,46,1919.89,940.97,67.0,134.01,1,7,1.0
563,1,1097.89,963.34,50.36999999999989,48.82999999999993,1,3,1.0
563,2,1130.01,949.77,87.1400000000001,75.25999999999999,1,3,1.0
564,16,1240.43,959.39,65.04999999999995,53.85000000000002,1,3,1.0
564,43,1891.07,944.09,59.87000000000012,141.64,1,7,1.0
564,44,1423.76,969.57,111.45000000000005,69.78999999999985,1,3,1.0
564,45,1371.02,963.08,64.5,61.51999999999987,1,3,1.0
564,46,1937.9,939.89,67.0,139.40999999999997,1,7,1.0
564,1,1098.42,963.01,50.3599999999999,48.84000000000003,1,3,1.0
564,2,1129.69,949.61,87.62999999999988,75.5200000000001,1,3,1.0
565,16,1240.24,959.41,65.04999999999995,53.860000000000014,1,3,1.0
565,43,1907.32,943.7,61.580000000000155,145.76999999999998,1,7,1.0
565,44,1426.8,968.73,113.37000000000012,71.42000000000007,1,3,1.0
565,45,1372.3,962.84,66.25999999999999,62.35000000000002,1,3,1.0
565,46,1955.91,938.82,67.0,144.81000000000006,1,7,1.0
565,1,1098.94,962.69,50.36999999999989,48.83999999999992,1,3,1.0
565,2,1129.38,949.45,88.11999999999989,75.77999999999997,1,3,1.0
566,16,1240.05,959.44,65.04999999999995,53.84999999999991,1,3,1.0
566,43,1923.56,943.3,63.309999999999945,149.9000000000001,1,7,1.0
566,44,1429.84,967.9,115.29000000000019,73.03000000000009,1,3,1.0
566,45,1373.58,962.59,68.02999999999997,63.18999999999994,1,3,1.0
566,46,1973.93,937.75,67.0,150.21000000000004,1,7,1.0
566,1,1099.47,962.37,50.3599999999999,48.84000000000003,1,3,1.0
566,2,1129.06,949.3,88.61000000000013,76.02999999999997,1,3,1.0
567,16,1239.86,959.46,65.05000000000018,53.84999999999991,1,3,1.0
567,43,1939.81,942.91,65.01999999999998,154.0200000000001,1,7,1.0
567,44,1432.88,967.07,117.19999999999982,74.64999999999998,1,3,1.0
567,45,1374.85,962.35,69.80000000000018,64.01999999999987,1,3,1.0
567,46,1991.94,936.67,67.0,155.62,1,7,1.0
567,1,1100.0,962.05,50.3599999999999,48.84000000000003,1,3,1.0
567,2,1128.74,949.14,89.09999999999991,76.29000000000008,1,3,1.0
568,16,1239.67,959.48,65.04999999999995,53.860000000000014,1,3,1.0
568,43,1956.06,942.52,66.73000000000002,158.1500000000001,1,7,1.0
568,44,1435.92,966.23,119.11999999999989,76.26999999999998,1,3,1.0
568,45,1376.13,962.1,71.56999999999994,64.86000000000001,1,3,1.0
568,46,2015.85,935.6,67.0,161.01999999999987,1,7,1.0
568,1,1100.52,961.73,50.37000000000012,48.84000000000003,1,3,1.0
568,2,1128.42,948.98,89.58999999999992,76.54999999999995,1,3,1.0
569,16,1239.49,959.51,65.03999999999996,53.85000000000002,1,3,1.0
569,43,1978.61,942.12,68.45000000000005,162.2800000000001,1,7,1.0
569,44,1438.96,965.4,121.03999999999996,77.88999999999999,1,3,1.0
569,45,1377.4,961.86,73.33999999999992,65.68999999999994,1,3,1.0
569,46,2040.91,934.72,66.99999999999977,166.42000000000007,1,7,1.0
569,1,1101.05,961.41,50.36000000000013,48.83000000000004,1,3,1.0
569,2,1128.11,948.83,90.07000000000016,76.80000000000007,1,3,1.0
570,16,1239.3,959.53,65.04999999999995,53.85000000000002,1,3,1.0
570,43,2001.17,941.73,70.17000000000007,166.4000000000001,1,7,1.0
570,44,1442.0,964.57,122.96000000000004,79.49999999999989,1,3,1.0
570,45,1378.68,961.61,75.09999999999991,66.53000000000009,1,3,1.0
570,46,2065.97,933.84,67.0,171.83000000000004,1,7,1.0
570,1,1101.57,961.09,50.37000000000012,48.82999999999993,1,3,1.0
570,2,1127.79,948.67,90.55999999999995,77.06000000000006,1,3,1.0
571,16,1239.11,959.56,65.05000000000018,53.85000000000002,1,3,1.0
571,43,2023.73,941.34,71.88000000000011,170.52999999999986,1,7,1.0
571,44,1445.04,963.73,124.87000000000012,81.12999999999988,1,3,1.0
571,45,1379.96,961.37,76.86999999999989,67.37,1,3,1.0
571,46,2091.03,932.97,67.0,177.23000000000002,1,7,1.0
571,1,1102.1,960.76,50.36000000000013,48.84000000000003,1,3,1.0
571,2,1127.47,948.51,91.05999999999995,77.31999999999994,1,3,1.0
572,16,1238.92,959.58,65.04999999999995,53.84999999999991,1,3,1.0
572,43,2046.29,940.95,73.59000000000015,174.64999999999986,1,7,1.0
572,44,1448.08,962.9,126.78999999999996,82.74000000000012,1,3,1.0
572,45,1381.23,961.12,78.63999999999987,68.20999999999992,1,3,1.0
572,46,2116.09,932.09,67.0,182.63,1,7,1.0
572,1,1102.63,960.44,50.3599999999999,48.83999999999992,1,3,1.0
572,2,1127.16,948.36,91.53999999999996,77.57000000000005,1,3,1.0
573,16,1238.73,959.6,65.04999999999995,53.85000000000002,1,3,1.0
573,43,2068.85,940.55,75.30000000000018,178.77999999999997,1,7,1.0
573,44,1451.12,962.07,128.71000000000004,84.36000000000001,1,3,1.0
573,45,1382.51,960.88,80.40000000000009,69.04000000000008,1,3,1.0
573,46,2141.15,931.22,67.0,188.02999999999997,1,7,1.0
573,1,1103.15,960.12,50.36999999999989,48.84000000000003,1,3,1.0
573,2,1126.84,948.2,92.02999999999997,77.81999999999994,1,3,1.0
574,16,1238.54,959.63,65.04999999999995,53.85000000000002,1,3,1.0
574,43,2091.4,940.16,77.02999999999975,182.90999999999997,1,7,1.0
574,44,1454.16,961.23,130.62999999999988,85.98000000000002,1,3,1.0
574,45,1383.79,960.63,82.17000000000007,69.88,1,3,1.0
574,46,2166.21,930.34,67.0,193.42999999999995,1,7,1.0
574,1,1103.68,959.8,50.3599999999999,48.84000000000003,1,3,1.0
574,2,1126.52,948.04,92.51999999999998,78.07999999999993,1,3,1.0
575,16,1238.35,959.65,65.05000000000018,53.85000000000002,1,3,1.0
575,43,2113.96,939.77,78.73999999999978,187.02999999999997,1,7,1.0
575,44,1457.2,960.4,132.53999999999996,87.60000000000002,1,3,1.0
575,45,1385.06,960.38,83.94000000000005,70.71999999999991,1,3,1.0
575,46,2191.27,929.46,67.0,198.83999999999992,1,7,1.0
575,47,1308.49,951.55,34.6099999999999,62.58000000000004,1,8,1.0
575,1,1104.2,959.48,50.36999999999989,48.84000000000003,1,3,1.0
575,2,1126.2,947.88,93.00999999999999,78.34000000000003,1,3,1.0
576,16,1238.16,959.67,65.04999999999995,53.860000000000014,1,3,1.0
576,43,2146.65,938.89,78.73999999999978,193.20999999999992,1,7,1.0
576,44,1461.01,960.64,135.19000000000005,89.08000000000004,1,3,1.0
576,45,1387.48,960.25,86.26999999999998,71.6400000000001,1,3,1.0
576,46,2224.6,927.63,75.80999999999995,198.84000000000003,1,7,1.0
576,47,1309.3,951.14,34.61000000000013,62.58000000000004,1,8,1.0
576,1,1104.73,959.16,50.3599999999999,48.83000000000004,1,3,1.0
576,2,1125.89,947.73,93.49000000000001,78.58999999999992,1,3,1.0
577,16,1237.98,959.7,65.03999999999996,53.84999999999991,1,3,1.0
577,43,2177.57,939.77,78.73999999999978,193.21000000000004,1,7,1.0
577,44,1464.82,960.87,137.84000000000015,90.57000000000005,1,3,1.0
577,45,1389.9,960.11,88.58999999999992,72.57000000000005,1,3,1.0
577,46,2251.99,932.05,75.8100000000004,198.84000000000015,1,7,1.0
577,47,1310.11,950.73,34.61000000000013,62.57999999999993,1,8,1.0
577,1,1105.26,958.84,50.3599999999999,48.82999999999993,1,3,1.0
577,2,1125.57,947.57,93.98000000000002,78.85000000000002,1,3,1.0
578,16,1237.79,959.72,65.04999999999995,53.85000000000002,1,3,1.0
578,43,2208.5,939.77,78.73999999999978,204.73000000000002,1,7,1.0
578,44,1468.63,961.11,140.5,92.05000000000007,1,3,1.0
578,45,1392.31,959.97,90.93000000000006,73.5,1,3,1.0
578,46,2282.91,932.93,75.82000000000016,211.16999999999996,1,7,1.0
578,47,1310.92,950.31,34.6099999999999,62.59000000000003,1,8,1.0
578,1,1105.78,958.52,50.36000000000013,48.83000000000004,1,3,1.0
578,2,1125.25,947.41,94.48000000000002,79.11000000000001,1,3,1.0
579,16,1237.95,955.12,64.88999999999987,53.789999999999964,1,3,1.0
579,43,2243.84,938.88,102.55999999999995,224.2199999999999,1,7,1.0
579,44,1472.44,961.35,143.14999999999986,93.53000000000009,1,3,1.0
579,45,1394.73,959.83,93.25,74.42999999999995,1,3,1.0
579,46,2321.8,932.93,84.63999999999987,217.37,1,7,1.0
579,47,1311.73,949.9,34.6099999999999,62.58000000000004,1,8,1.0
579,1,1105.78,958.52,50.36000000000013,48.83000000000004,1,3,1.0
579,2,1124.94,947.26,94.96000000000004,79.3599999999999,1,3,1.0
580,16,1238.12,955.05,64.72000000000003,53.73000000000002,1,3,1.0
580,43,2271.22,939.77,102.57000000000016,224.21000000000004,1,7,1.0
580,44,1476.25,961.58,145.79999999999995,95.01999999999987,1,3,1.0
580,45,1397.15,959.69,95.57999999999993,75.3599999999999,1,3,1.0
580,46,2362.4,932.93,91.73999999999978,217.37,1,7,1.0
580,47,1312.54,949.49,34.61000000000013,62.58000000000004,1,8,1.0
580,1,1105.78,958.52,50.36000000000013,48.83000000000004,1,3,1.0
580,2,1124.62,947.1,95.45000000000005,79.62,1,3,1.0
581,16,1238.28,954.98,64.55999999999995,53.66999999999996,1,3,1.0
581,43,2312.75,938.44,102.55999999999995,233.5,1,7,1.0
581,44,1480.05,961.82,148.46000000000004,96.49999999999989,1,3,1.0
581,45,1399.56,959.55,97.91000000000008,76.29999999999995,1,3,1.0
581,46,2404.35,932.93,95.30000000000018,228.39,1,7,1.0
581,47,1313.35,949.08,34.61000000000013,62.57999999999993,1,8,1.0
581,1,1105.78,958.52,50.36000000000013,48.83000000000004,1,3,1.0
581,2,1124.3,946.94,95.94000000000005,79.87999999999988,1,3,1.0
582,16,1238.44,954.92,64.39999999999986,53.60000000000002,1,3,1.0
582,43,2354.28,937.12,102.55999999999995,242.7800000000001,1,7,1.0
582,44,1483.86,962.05,151.11000000000013,97.99000000000001,1,3,1.0
582,45,1401.98,959.41,100.24000000000001,77.23000000000013,1,3,1.0
582,46,2446.3,932.93,98.84999999999991,239.41999999999996,1,7,1.0
582,47,1314.16,948.67,34.6099999999999,62.58000000000004,1,8,1.0
582,2,1123.99,946.79,96.42000000000007,80.13000000000011,1,3,1.0
583,16,1238.61,954.85,64.23000000000002,53.539999999999964,1,3,1.0
583,43,2409.94,938.0,102.55999999999995,242.77999999999997,1,7,1.0
583,44,1487.67,962.29,153.76,99.47000000000003,1,3,1.0
583,45,1404.4,959.27,102.55999999999995,78.16000000000008,1,3,1.0
583,46,2495.78,927.63,66.2199999999998,239.41999999999996,1,7,1.0
583,47,1314.28,949.64,34.600000000000136,62.58000000000004,1,8,1.0
583,2,1123.67,946.63,96.90999999999985,80.38999999999999,1,3,1.0
584,16,1238.77,954.78,64.06999999999994,53.48000000000002,1,3,1.0
584,43,2461.18,938.88,100.82000000000016,262.2199999999999,1,7,1.0
584,44,1491.48,962.53,156.41000000000008,100.95000000000005,1,3,1.0
584,45,1406.82,959.13,104.8900000000001,79.09000000000003,1,3,1.0
584,47,1314.39,950.62,34.6099999999999,62.58000000000004,1,8,1.0
584,2,1123.35,946.47,97.41000000000008,80.63999999999987,1,3,1.0
585,16,1238.94,954.71,63.899999999999864,53.41999999999996,1,3,1.0
585,43,2500.94,946.84,61.059999999999945,262.2099999999999,1,7,1.0
585,44,1495.29,962.76,159.05999999999995,102.44000000000005,1,3,1.0
585,45,1409.23,958.99,107.22000000000003,80.01999999999998,1,3,1.0
585,47,1314.51,951.59,34.59999999999991,62.58999999999992,1,8,1.0
585,2,1123.03,946.31,97.90000000000009,80.90000000000009,1,3,1.0
586,16,1239.1,954.64,63.74000000000001,53.360000000000014,1,3,1.0
586,44,1499.1,963.0,161.71000000000004,103.92000000000007,1,3,1.0
586,45,1411.65,958.85,109.54999999999995,80.94999999999993,1,3,1.0
586,47,1314.62,952.57,34.61000000000013,62.57999999999993,1,8,1.0
586,2,1122.72,946.16,98.37999999999988,81.14999999999998,1,3,1.0
587,16,1239.27,954.57,63.569999999999936,53.299999999999955,1,3,1.0
587,44,1506.46,966.83,161.72000000000003,103.91999999999996,1,3,1.0
587,45,1416.36,960.03,109.55000000000018,80.95000000000005,1,3,1.0
587,47,1318.96,951.88,34.6099999999999,62.59000000000003,1,8,1.0
587,2,1122.4,946.0,98.86999999999989,81.41000000000008,1,3,1.0
588,16,1239.43,954.5,63.409999999999854,53.24000000000001,1,3,1.0
588,44,1513.83,970.66,161.71000000000004,103.91999999999996,1,3,1.0
588,45,1421.07,961.21,109.54999999999995,80.95000000000005,1,3,1.0
588,47,1319.3,951.53,34.61000000000013,62.58000000000004,1,8,1.0
588,2,1122.71,946.27,98.73000000000002,81.24000000000001,1,3,1.0
589,16,1239.6,954.43,63.24000000000001,53.180000000000064,1,3,1.0
589,44,1521.19,974.49,161.71000000000004,103.91000000000008,1,3,1.0
589,45,1425.79,962.38,109.54999999999995,80.94999999999993,1,3,1.0
589,47,1319.64,951.17,34.6099999999999,62.58000000000004,1,8,1.0
589,2,1123.02,946.54,98.58999999999992,81.06999999999994,1,3,1.0
590,16,1239.76,954.36,63.07999999999993,53.120000000000005,1,3,1.0
590,44,1524.42,973.46,168.92999999999984,107.88999999999987,1,3,1.0
590,45,1428.88,962.68,109.54999999999995,80.95000000000016,1,3,1.0
590,47,1319.98,950.82,34.6099999999999,62.57999999999993,1,8,1.0
590,2,1123.32,946.81,98.46000000000004,80.90000000000009,1,3,1.0
591,16,1239.93,954.29,62.919999999999845,53.06000000000006,1,3,1.0
591,44,1527.66,972.42,176.14999999999986,111.87,1,3,1.0
591,45,1431.97,962.97,109.54999999999995,80.95000000000005,1,3,1.0
591,47,1320.33,950.46,34.600000000000136,62.57999999999993,1,8,1.0
591,2,1123.63,947.08,98.32999999999993,80.7299999999999,1,3,1.0
592,16,1240.09,954.22,62.75999999999999,53.0,1,3,1.0
592,44,1530.89,971.39,183.3699999999999,115.85000000000002,1,3,1.0
592,45,1435.06,963.27,109.54999999999995,80.95000000000005,1,3,1.0
592,47,1320.67,950.1,34.59999999999991,62.59000000000003,1,8,1.0
592,2,1123.94,947.35,98.19000000000005,80.56000000000006,1,3,1.0
593,16,1240.26,954.16,62.58999999999992,52.930000000000064,1,3,1.0
593,44,1534.13,970.36,190.58999999999992,119.82000000000005,1,3,1.0
593,45,1438.16,963.56,109.54999999999995,80.95000000000005,1,3,1.0
593,47,1321.01,949.75,34.59999999999991,62.58000000000004,1,8,1.0
593,2,1124.25,947.62,98.04999999999995,80.38999999999999,1,3,1.0
594,16,1240.42,954.09,62.429999999999836,52.870000000000005,1,3,1.0
594,44,1537.36,969.33,197.81000000000017,123.80000000000007,1,3,1.0
594,45,1441.25,963.86,109.54999999999995,80.93999999999994,1,3,1.0
594,47,1321.35,949.39,34.600000000000136,62.59000000000003,1,8,1.0
594,2,1124.55,947.88,97.92000000000007,80.2299999999999,1,3,1.0
595,16,1240.58,954.02,62.26999999999998,52.81000000000006,1,3,1.0
595,44,1540.6,968.3,205.0300000000002,127.76999999999998,1,3,1.0
595,45,1444.34,964.15,109.55000000000018,80.94999999999993,1,3,1.0
595,47,1321.69,949.04,34.6099999999999,62.58000000000004,1,8,1.0
595,2,1124.86,948.15,97.7800000000002,80.05000000000007,1,3,1.0
596,16,1240.75,953.95,62.09999999999991,52.75,1,3,1.0
596,44,1546.2,968.0,212.38999999999987,132.20000000000005,1,3,1.0
596,45,1446.39,965.33,112.79999999999995,80.94999999999993,1,3,1.0
596,47,1322.87,949.04,34.600000000000136,62.58000000000004,1,8,1.0
596,48,479.92,901.45,270.22999999999996,157.25,1,3,1.0
596,2,1125.17,948.42,97.63999999999987,79.88,1,3,1.0
597,16,1240.91,953.88,61.93999999999983,52.690000000000055,1,3,1.0
597,44,1551.8,967.7,219.74,136.6199999999999,1,3,1.0
597,45,1448.45,966.51,116.03999999999996,80.94000000000005,1,3,1.0
597,47,1324.05,949.04,34.600000000000136,62.58000000000004,1,8,1.0
597,48,471.53,902.21,270.23,157.26,1,3,1.0
597,2,1125.48,948.69,97.50999999999999,79.71000000000004,1,3,1.0
598,16,1241.08,953.81,61.76999999999998,52.63000000000011,1,3,1.0
598,44,1557.4,967.4,227.0999999999999,141.04000000000008,1,3,1.0
598,45,1450.5,967.68,119.28999999999996,80.95000000000016,1,3,1.0
598,47,1325.23,949.04,34.59999999999991,62.58000000000004,1,8,1.0
598,48,463.13,902.98,270.23,157.25,1,3,1.0
598,2,1125.78,948.96,97.38000000000011,79.53999999999996,1,3,1.0
599,16,1241.24,953.74,61.6099999999999,52.569999999999936,1,3,1.0
599,44,1563.87,966.5,234.18000000000006,145.18000000000006,1,3,1.0
599,45,1452.27,965.62,123.71000000000004,84.78000000000009,1,3,1.0
599,47,1326.4,949.04,34.6099999999999,62.58000000000004,1,8,1.0
599,48,444.05,906.79,270.22999999999996,157.26,1,3,1.0
599,2,1126.09,949.23,97.24000000000001,79.36999999999989,1,3,1.0
600,16,1241.41,953.67,61.43999999999983,52.50999999999999,1,3,1.0
600,44,1570.33,965.6,241.26999999999998,149.32000000000005,1,3,1.0
600,45,1454.03,963.56,128.1300000000001,88.61000000000013,1,3,1.0
600,47,1327.58,949.04,34.61000000000013,62.58000000000004,1,8,1.0
600,48,424.96,910.61,270.2300000000001,157.2499999999999,1,3,1.0
600,2,1126.4,949.5,97.09999999999991,79.20000000000005,1,3,1.0
601,16,1241.57,953.6,61.27999999999997,52.44999999999993,1,3,1.0
601,44,1576.8,964.7,248.35000000000014,153.46000000000004,1,3,1.0
601,45,1455.8,961.5,132.54999999999995,92.43000000000006,1,3,1.0
601,47,1328.76,949.04,34.59999999999991,62.58000000000004,1,8,1.0
601,48,407.41,912.14,270.22999999999996,157.2500000000001,1,3,1.0
601,2,1126.27,949.28,97.33999999999992,79.49000000000001,1,3,1.0
602,16,1241.74,953.53,61.1099999999999,52.389999999999986,1,3,1.0
602,44,1585.64,968.23,248.33999999999992,153.46000000000004,1,3,1.0
602,45,1468.17,968.57,132.54999999999995,92.42999999999995,1,3,1.0
602,47,1329.4,949.19,34.59999999999991,62.65999999999997,1,8,1.0
602,48,389.85,913.67,270.23,157.2500000000001,1,3,1.0
602,2,1126.15,949.07,97.56999999999994,79.76999999999987,1,3,1.0
603,16,1241.9,953.46,60.95999999999981,52.32999999999993,1,3,1.0
603,44,1592.85,970.44,257.0400000000002,156.70000000000005,1,3,1.0
603,45,1469.21,968.72,138.27999999999997,93.75,1,3,1.0
603,47,1330.03,949.34,34.61000000000013,62.74000000000001,1,8,1.0
603,48,342.52,913.67,270.23,157.2500000000001,1,3,1.0
603,2,1126.02,948.85,97.80999999999995,80.06000000000006,1,3,1.0
604,16,1242.07,953.4,60.789999999999964,52.25999999999999,1,3,1.0
604,44,1600.06,972.65,265.73,159.93999999999994,1,3,1.0
604,45,1470.25,968.88,144.01999999999998,95.06000000000006,1,3,1.0
604,47,1330.67,949.49,34.59999999999991,62.819999999999936,1,8,1.0
604,48,302.83,904.5,285.46999999999997,169.47000000000003,1,3,1.0
604,2,1125.9,948.64,98.02999999999997,80.34000000000003,1,3,1.0
605,16,1242.23,953.33,60.62999999999988,52.19999999999993,1,3,1.0
605,44,1607.27,974.87,274.4200000000001,163.16999999999996,1,3,1.0
605,45,1471.28,969.03,149.76,96.3900000000001,1,3,1.0
605,47,1331.3,949.64,34.61000000000013,62.89999999999998,1,8,1.0
605,48,266.18,906.79,316.02000000000004,171.0,1,3,1.0
605,2,1125.77,948.42,98.26999999999998,80.63999999999999,1,3,1.0
606,16,1242.4,953.26,60.45999999999981,52.139999999999986,1,3,1.0
606,44,1614.48,977.08,283.1099999999999,166.40999999999997,1,3,1.0
606,45,1472.32,969.19,155.49,97.70000000000005,1,3,1.0
606,47,1331.94,949.79,34.6099999999999,62.98000000000002,1,8,1.0
606,48,229.54,909.08,346.56000000000006,172.51999999999987,1,3,1.0
606,2,1125.65,948.21,98.5,80.92000000000007,1,3,1.0
607,16,1242.56,953.19,60.299999999999955,52.07999999999993,1,3,1.0
607,44,1621.69,979.29,291.80999999999995,169.6400000000001,1,3,1.0
607,45,1473.36,969.34,161.23000000000002,99.01999999999987,1,3,1.0
607,47,1332.58,949.94,34.600000000000136,63.059999999999945,1,8,1.0
607,48,166.23,901.17,416.47,190.99000000000012,1,3,1.0
607,2,1125.52,947.99,98.74000000000001,81.21000000000004,1,3,1.0
608,16,1242.72,953.12,60.13999999999987,52.01999999999998,1,3,1.0
608,44,1628.9,981.5,300.5,172.8800000000001,1,3,1.0
608,45,1474.4,969.5,166.9599999999998,100.33999999999992,1,3,1.0
608,47,1333.21,950.09,34.6099999999999,63.139999999999986,1,8,1.0
608,48,102.91,893.25,486.4,209.46000000000004,1,3,1.0
608,2,1125.4,947.78,98.9699999999998,81.49000000000001,1,3,1.0
609,16,1242.89,953.05,59.9699999999998,51.960000000000036,1,3,1.0
609,44,1640.36,981.74,313.84000000000015,178.58999999999992,1,3,1.0
609,45,1479.53,969.6,169.26,102.66999999999996,1,3,1.0
609,47,1333.85,950.24,34.600000000000136,63.22000000000003,1,8,1.0
609,48,73.89,895.89,486.4,209.45999999999992,1,3,1.0
609,2,1125.27,947.56,99.21000000000004,81.77999999999997,1,3,1.0
610,16,1243.05,952.98,59.809999999999945,51.89999999999998,1,3,1.0
610,44,1651.83,981.99,327.1700000000001,184.27999999999997,1,3,1.0
610,45,1484.67,969.7,171.54999999999995,105.00999999999999,1,3,1.0
610,47,1334.49,950.39,34.59999999999991,63.30000000000007,1,8,1.0
610,48,44.87,898.53,486.4,209.46000000000004,1,3,1.0
610,2,1125.15,947.35,99.42999999999984,82.06000000000006,1,3,1.0
611,16,1243.22,952.91,59.63999999999987,51.84000000000003,1,3,1.0
611,44,1663.29,982.23,340.51,189.99,1,3,1.0
611,45,1489.8,969.8,173.85000000000014,107.35000000000014,1,3,1.0
611,47,1335.12,950.54,34.61000000000013,63.370000000000005,1,8,1.0
611,48,0.0,903.8,465.31,209.47000000000003,1,3,1.0
611,2,1125.02,947.13,99.67000000000007,82.35000000000002,1,3,1.0
612,16,1243.38,952.84,59.47999999999979,51.77999999999997,1,3,1.0
612,44,1674.76,982.47,353.8399999999999,195.69000000000005,1,3,1.0
612,45,1494.93,969.9,176.13999999999987,109.68999999999994,1,3,1.0
612,47,1335.76,950.69,34.59999999999991,63.44999999999993,1,8,1.0
612,48,0.0,901.16,457.4,209.47000000000014,1,3,1.0
612,49,1579.51,954.43,43.559999999999945,36.55000000000007,1,10,1.0
612,2,1124.89,946.92,99.90999999999985,82.63,1,3,1.0
613,16,1243.55,952.77,59.309999999999945,51.72000000000003,1,3,1.0
613,44,1686.22,982.71,367.18000000000006,201.39999999999986,1,3,1.0
613,45,1500.07,970.0,178.43000000000006,112.02999999999997,1,3,1.0
613,47,1336.39,950.84,34.6099999999999,63.52999999999997,1,8,1.0
613,48,0.0,887.97,380.89,209.47000000000003,1,3,1.0
613,49,1586.89,955.91,43.569999999999936,36.55000000000007,1,10,1.0
613,2,1124.77,946.7,100.1400000000001,82.93000000000006,1,3,1.0
614,16,1243.71,952.7,59.149999999999864,51.65999999999997,1,3,1.0
614,44,1697.69,982.96,380.50999999999976,207.08999999999992,1,3,1.0
614,45,1505.2,970.1,180.73000000000002,114.37,1,3,1.0
614,47,1337.03,950.99,34.600000000000136,63.610000000000014,1,8,1.0
614,48,0.0,890.61,357.15,209.4699999999999,1,3,1.0
614,49,1592.78,955.95,44.200000000000045,37.319999999999936,1,10,1.0
614,2,1124.64,946.49,100.37999999999988,83.21000000000004,1,3,1.0
615,16,1243.88,952.64,58.98999999999978,51.59000000000003,1,3,1.0
615,44,1709.15,983.2,393.8499999999999,212.79999999999995,1,3,1.0
615,45,1510.33,970.2,183.02999999999997,116.71000000000004,1,3,1.0
615,47,1337.67,951.14,34.59999999999991,63.690000000000055,1,8,1.0
615,48,0.0,886.65,328.13,209.4699999999999,1,3,1.0
615,49,1598.66,955.98,44.84999999999991,38.10000000000002,1,10,1.0
615,2,1124.52,946.27,100.61000000000013,83.5,1,3,1.0
616,16,1244.04,952.57,58.82999999999993,51.52999999999997,1,3,1.0
616,44,1721.26,983.46,412.4399999999998,223.0,1,3,1.0
616,45,1515.47,970.3,185.31999999999994,119.04999999999995,1,3,1.0
616,47,1338.3,951.29,34.61000000000013,63.76999999999998,1,8,1.0
616,48,0.0,882.7,299.11,209.46000000000004,1,3,1.0
616,49,1604.54,956.02,45.49000000000001,38.870000000000005,1,10,1.0
616,2,1124.39,946.06,100.84999999999991,83.77999999999997,1,3,1.0
617,16,1244.21,952.5,58.659999999999854,51.47000000000003,1,3,1.0
617,44,1733.37,983.71,431.0300000000002,233.20000000000005,1,3,1.0
617,45,1520.6,970.4,187.62000000000012,121.38,1,3,1.0
617,47,1338.94,951.44,34.59999999999991,63.84999999999991,1,8,1.0
617,48,0.0,882.7,262.17,209.46000000000004,1,3,1.0
617,49,1610.42,956.05,46.13999999999987,39.65000000000009,1,10,1.0
617,2,1124.27,945.84,101.06999999999994,84.07000000000005,1,3,1.0
618,16,1244.37,952.43,58.5,51.41000000000008,1,3,1.0
618,44,1745.49,983.97,449.6099999999999,243.39999999999986,1,3,1.0
618,45,1525.73,970.5,189.91000000000008,123.72000000000003,1,3,1.0
618,47,1339.57,951.59,34.61000000000013,63.92999999999995,1,8,1.0
618,50,2131.05,947.57,116.07999999999993,176.75999999999988,1,7,1.0
618,49,1616.31,956.09,46.77999999999997,40.41999999999996,1,10,1.0
618,2,1124.14,945.63,101.30999999999995,84.35000000000002,1,3,1.0
619,16,1244.54,952.36,58.32999999999993,51.35000000000002,1,3,1.0
619,44,1757.6,984.23,468.2000000000003,253.5999999999999,1,3,1.0
619,45,1530.87,970.6,192.20000000000005,126.06000000000006,1,3,1.0
619,47,1340.21,951.74,34.6099999999999,64.00999999999999,1,8,1.0
619,50,2163.9,947.57,83.23000000000002,176.75999999999988,1,7,1.0
619,49,1622.19,956.12,47.419999999999845,41.200000000000045,1,10,1.0
619,2,1124.02,945.41,101.53999999999996,84.63999999999999,1,3,1.0
620,16,1244.51,952.2,58.32999999999993,51.34999999999991,1,3,1.0
620,44,1768.2,984.49,499.1299999999999,263.79999999999995,1,3,1.0
620,45,1536.0,970.7,194.5,128.39999999999986,1,3,1.0
620,47,1340.85,951.89,34.600000000000136,64.09000000000003,1,8,1.0
620,50,2184.4,949.34,83.23000000000002,176.7499999999999,1,7,1.0
620,49,1628.07,956.16,48.070000000000164,41.97000000000003,1,10,1.0
620,2,1123.89,945.2,101.77999999999997,84.91999999999985,1,3,1.0
621,16,1244.48,952.04,58.33999999999992,51.360000000000014,1,3,1.0
621,44,1778.8,984.74,530.0600000000002,274.0,1,3,1.0
621,45,1520.75,964.6,233.8800000000001,138.18999999999994,1,3,1.0
621,47,1341.48,952.04,34.6099999999999,64.17000000000007,1,8,1.0
621,50,2204.9,951.1,83.23000000000002,176.75999999999988,1,7,1.0
621,49,1633.95,956.2,48.710000000000036,42.74000000000001,1,10,1.0
621,2,1123.77,944.98,102.00999999999999,85.21000000000004,1,3,1.0
622,16,1244.46,951.88,58.32999999999993,51.360000000000014,1,3,1.0
622,44,1789.4,985.0,561.0,284.20000000000005,1,3,1.0
622,45,1505.5,958.5,273.27,147.98000000000002,1,3,1.0
622,47,1342.12,952.19,34.600000000000136,64.25,1,8,1.0
622,50,2225.39,952.87,83.23000000000002,176.7600000000001,1,7,1.0
622,49,1639.84,956.23,49.350000000000136,43.50999999999999,1,10,1.0
622,2,1123.64,944.76,102.25,85.50999999999999,1,3,1.0
623,16,1244.43,951.72,58.32999999999993,51.360000000000014,1,3,1.0
623,44,1812.33,986.1,589.1800000000003,305.15999999999997,1,3,1.0
623,45,1513.74,959.42,279.79999999999995,152.09000000000003,1,3,1.0
623,47,1342.76,952.34,34.59999999999991,64.32999999999993,1,8,1.0
623,50,2251.9,953.4,83.23000000000002,176.7600000000001,1,7,1.0
623,49,1645.72,956.27,50.0,44.27999999999997,1,10,1.0
623,2,1123.52,944.55,102.47000000000003,85.78999999999996,1,3,1.0
624,16,1244.4,951.56,58.33999999999992,51.360000000000014,1,3,1.0
624,44,1835.27,987.2,617.3600000000001,326.1199999999999,1,3,1.0
624,45,1521.99,960.34,286.31999999999994,156.20999999999992,1,3,1.0
624,47,1343.39,952.49,34.6099999999999,64.40999999999997,1,8,1.0
624,50,2278.4,953.93,83.23000000000002,176.7600000000001,1,7,1.0
624,49,1651.6,956.3,50.6400000000001,45.06000000000006,1,10,1.0
624,2,1123.39,944.33,102.70999999999981,86.08000000000004,1,3,1.0
625,16,1244.38,951.41,58.32999999999993,51.35000000000002,1,3,1.0
625,44,1858.2,988.3,645.5399999999997,347.08000000000015,1,3,1.0
625,45,1530.23,961.26,292.8499999999999,160.32999999999993,1,3,1.0
625,47,1344.03,952.64,34.600000000000136,64.49000000000001,1,8,1.0
625,50,2307.03,953.93,83.23000000000002,176.7600000000001,1,7,1.0
625,49,1657.48,956.34,51.289999999999964,45.82999999999993,1,10,1.0
625,2,1123.26,944.12,102.95000000000005,86.36000000000001,1,3,1.0
626,16,1244.35,951.25,58.330000000000155,51.35000000000002,1,3,1.0
626,44,1876.72,989.4,656.1499999999999,368.0400000000001,1,3,1.0
626,45,1538.48,962.18,299.3699999999999,164.45000000000016,1,3,1.0
626,47,1344.66,952.79,34.6099999999999,64.57000000000005,1,8,1.0
626,50,2345.2,952.87,83.23000000000002,176.7600000000001,1,7,1.0
626,49,1665.37,956.38,51.930000000000064,46.60000000000002,1,10,1.0
626,2,1123.14,943.9,103.17999999999984,86.64999999999998,1,3,1.0
627,16,1244.32,951.09,58.340000000000146,51.35000000000002,1,3,1.0
627,44,1895.23,990.5,666.77,389.0,1,3,1.0
627,45,1546.72,963.09,305.89999999999986,168.58000000000004,1,3,1.0
627,47,1345.3,952.94,34.600000000000136,64.64999999999998,1,8,1.0
627,50,2375.95,952.87,83.23000000000002,176.7600000000001,1,7,1.0
627,49,1671.8,958.0,52.569999999999936,47.379999999999995,1,10,1.0
627,2,1123.01,943.69,103.42000000000007,86.92999999999984,1,3,1.0
628,16,1244.3,950.93,58.330000000000155,51.35000000000002,1,3,1.0
628,44,1916.4,991.6,645.5999999999999,375.17999999999995,1,3,1.0
628,45,1554.96,964.01,312.43000000000006,172.69000000000005,1,3,1.0
628,47,1345.94,953.09,34.59999999999991,64.73000000000002,1,8,1.0
628,50,2413.05,953.93,83.23000000000002,176.7600000000001,1,7,1.0
628,49,1680.71,958.27,53.22000000000003,48.15999999999997,1,10,1.0
628,2,1122.89,943.47,103.64999999999986,87.22000000000003,1,3,1.0
629,16,1244.27,950.77,58.32999999999993,51.35000000000002,1,3,1.0
629,44,1952.07,1009.83,609.9300000000001,360.01999999999987,1,3,1.0
629,45,1563.21,964.93,318.95000000000005,176.81000000000006,1,3,1.0
629,47,1346.57,953.24,34.61000000000013,64.80999999999995,1,8,1.0
629,50,2444.86,953.93,83.23000000000002,176.7600000000001,1,7,1.0
629,49,1689.63,958.54,53.8599999999999,48.930000000000064,1,10,1.0
629,2,1122.76,943.26,103.8900000000001,87.5,1,3,1.0
630,16,1244.24,950.61,58.33999999999992,51.35000000000002,1,3,1.0
630,44,1987.73,1028.06,574.27,344.8700000000001,1,3,1.0
630,45,1571.45,965.85,325.48,180.92999999999995,1,3,1.0
630,47,1347.21,953.39,34.59999999999991,64.88999999999999,1,8,1.0
630,50,2480.91,952.87,81.09000000000015,176.7600000000001,1,7,1.0
630,49,1698.54,958.81,54.5,49.700000000000045,1,10,1.0
630,2,1122.64,943.04,104.1099999999999,87.79999999999995,1,3,1.0
631,16,1244.22,950.45,58.32999999999993,51.34999999999991,1,3,1.0
631,44,2023.4,1046.3,538.5999999999999,329.70000000000005,1,3,1.0
631,45,1579.69,966.77,332.01,185.04999999999995,1,3,1.0
631,47,1347.85,953.54,34.600000000000136,64.96000000000004,1,8,1.0
631,49,1707.45,959.07,55.149999999999864,50.479999999999905,1,10,1.0
631,2,1122.51,942.83,104.34999999999991,88.08000000000004,1,3,1.0
632,16,1244.19,950.29,58.32999999999993,51.360000000000014,1,3,1.0
632,44,2061.13,1053.11,500.8699999999999,334.76,1,3,1.0
632,45,1587.94,967.69,338.53999999999996,189.16999999999985,1,3,1.0
632,47,1348.48,953.69,34.6099999999999,65.03999999999996,1,8,1.0
632,49,1714.15,959.25,59.649999999999864,51.25,1,10,1.0
632,2,1122.39,942.61,104.57999999999993,88.37,1,3,1.0
633,16,1244.16,950.13,58.33999999999992,51.360000000000014,1,3,1.0
633,44,2098.86,1059.92,463.1399999999999,339.80999999999995,1,3,1.0
633,45,1596.18,968.61,345.06999999999994,193.2800000000001,1,3,1.0
633,47,1349.12,953.84,34.600000000000136,65.12,1,8,1.0
633,49,1720.85,959.43,64.15000000000009,52.020000000000095,1,10,1.0
633,2,1122.26,942.4,104.81999999999994,88.64999999999998,1,3,1.0
634,16,1244.14,949.97,58.32999999999993,51.360000000000014,1,3,1.0
634,44,2136.59,1066.73,425.40999999999985,344.8699999999999,1,3,1.0
634,45,1604.43,969.53,351.5899999999999,197.4000000000001,1,3,1.0
634,47,1349.75,953.99,34.6099999999999,65.20000000000005,1,8,1.0
634,49,1727.55,959.6,68.65000000000009,52.799999999999955,1,10,1.0
634,2,1122.14,942.18,105.04999999999995,88.93999999999994,1,3,1.0
635,16,1244.11,949.81,58.330000000000155,51.360000000000014,1,3,1.0
635,44,2183.99,1078.82,378.0100000000002,329.70000000000005,1,3,1.0
635,45,1612.67,970.44,358.1199999999999,201.52999999999997,1,3,1.0
635,47,1350.39,954.14,34.59999999999991,65.27999999999997,1,8,1.0
635,49,1737.88,958.86,68.65999999999985,52.799999999999955,1,10,1.0
635,2,1122.01,941.97,105.28999999999996,89.22000000000003,1,3,1.0
636,16,1244.08,949.66,58.340000000000146,51.35000000000002,1,3,1.0
636,44,2231.39,1090.9,330.6100000000001,314.53999999999996,1,3,1.0
636,45,1620.91,971.36,364.64999999999986,205.64999999999998,1,3,1.0
636,47,1351.03,954.29,34.600000000000136,65.36000000000001,1,8,1.0
636,49,1748.22,958.12,68.64999999999986,52.799999999999955,1,10,1.0
636,2,1121.88,941.75,105.52999999999997,89.50999999999999,1,3,1.0
637,16,1244.06,949.5,58.330000000000155,51.35000000000002,1,3,1.0
637,44,2278.79,1102.99,283.21000000000004,299.3699999999999,1,3,1.0
637,45,1629.16,972.28,371.16999999999985,209.76999999999998,1,3,1.0
637,47,1351.66,954.44,34.6099999999999,65.43999999999994,1,8,1.0
637,49,1757.08,959.23,68.65000000000009,52.799999999999955,1,10,1.0
637,2,1121.76,941.54,105.75,89.78999999999996,1,3,1.0
638,16,1244.03,949.34,58.32999999999993,51.35000000000002,1,3,1.0
638,44,2326.19,1115.08,235.80999999999995,284.20000000000005,1,3,1.0
638,45,1637.4,973.2,377.6999999999998,213.88999999999987,1,3,1.0
638,47,1352.3,954.59,34.600000000000136,65.51999999999998,1,8,1.0
638,49,1768.15,960.71,68.65999999999985,52.799999999999955,1,10,1.0
638,2,1121.63,941.32,105.98999999999978,90.09000000000003,1,3,1.0
639,16,1244.0,949.18,58.33999999999992,51.35000000000002,1,3,1.0
639,44,2326.19,1115.08,235.80999999999995,284.20000000000005,1,3,1.0
639,45,1665.8,980.53,363.95000000000005,213.8800000000001,1,3,1.0
639,47,1352.93,954.74,34.6099999999999,65.60000000000002,1,8,1.0
639,49,1781.81,960.71,68.66000000000008,52.799999999999955,1,10,1.0
639,2,1121.51,941.11,106.22000000000003,90.37,1,3,1.0
640,16,1243.98,949.02,58.32999999999993,51.35000000000002,1,3,1.0
640,45,1694.2,987.86,350.20000000000005,213.88,1,3,1.0
640,47,1353.57,954.89,34.61000000000013,65.68000000000006,1,8,1.0
640,49,1794.73,961.82,68.66000000000008,52.789999999999964,1,10,1.0
640,2,1121.38,940.89,106.45999999999981,90.65999999999997,1,3,1.0
641,16,1243.95,948.86,58.33999999999992,51.35000000000002,1,3,1.0
641,45,1706.75,988.49,361.0999999999999,217.82999999999993,1,3,1.0
641,47,1354.21,955.04,34.59999999999991,65.75999999999999,1,8,1.0
641,49,1805.81,962.55,68.65000000000009,52.80000000000007,1,10,1.0
641,2,1121.26,940.68,106.69000000000005,90.93999999999994,1,3,1.0
642,16,1243.93,948.7,58.32999999999993,51.3599999999999,1,3,1.0
642,45,1719.3,989.13,372.0000000000002,221.7700000000001,1,3,1.0
642,47,1355.0,954.8,34.6099999999999,65.59000000000003,1,8,1.0
642,49,1818.73,962.92,68.65000000000009,52.80000000000007,1,10,1.0
642,2,1121.13,940.46,106.92999999999984,91.23000000000002,1,3,1.0
643,16,1243.9,948.54,58.32999999999993,51.360000000000014,1,3,1.0
643,45,1731.85,989.76,382.9000000000001,225.72000000000003,1,3,1.0
643,47,1355.8,954.55,34.600000000000136,65.44000000000005,1,8,1.0
643,49,1834.97,963.66,68.66000000000008,52.80000000000007,1,10,1.0
643,2,1121.01,940.24,107.15000000000009,91.51999999999998,1,3,1.0
644,16,1243.87,948.38,58.340000000000146,51.360000000000014,1,3,1.0
644,45,1744.4,990.4,393.7999999999997,229.65999999999997,1,3,1.0
644,47,1356.59,954.3,34.61000000000013,65.28000000000009,1,8,1.0
644,49,1850.11,964.03,68.65000000000009,52.80000000000007,1,10,1.0
644,2,1120.88,940.03,107.38999999999987,91.79999999999995,1,3,1.0
645,16,1243.85,948.22,58.330000000000155,51.360000000000014,1,3,1.0
645,45,1755.77,990.77,426.8899999999999,239.05999999999995,1,3,1.0
645,47,1357.39,954.06,34.59999999999991,65.12,1,8,1.0
645,49,1863.03,963.29,68.65000000000009,52.80000000000007,1,10,1.0
645,2,1120.76,939.81,107.62000000000012,92.09000000000015,1,3,1.0
646,16,1243.82,948.07,58.330000000000155,51.34999999999991,1,3,1.0
646,45,1767.13,991.13,459.9899999999998,248.4699999999999,1,3,1.0
646,47,1358.18,953.81,34.6099999999999,64.96000000000004,1,8,1.0
646,51,1076.37,945.58,57.27000000000021,53.68999999999994,1,3,1.0
646,49,1879.61,964.57,68.66000000000008,52.799999999999955,1,10,1.0
646,2,1120.63,939.6,107.8599999999999,92.37,1,3,1.0
647,16,1243.79,947.91,58.340000000000146,51.35000000000002,1,3,1.0
647,45,1778.5,991.5,493.0799999999999,257.8699999999999,1,3,1.0
647,47,1358.98,953.56,34.59999999999991,64.80000000000007,1,8,1.0
647,51,1076.39,945.55,57.429999999999836,53.690000000000055,1,3,1.0
647,49,1895.56,963.3,68.66000000000008,54.700000000000045,1,10,1.0
647,2,1120.51,939.38,108.08999999999992,92.66999999999996,1,3,1.0
648,16,1243.77,947.75,58.32999999999993,51.35000000000002,1,3,1.0
648,45,1801.1,990.9,504.05999999999995,268.85,1,3,1.0
648,47,1359.77,953.31,34.61000000000013,64.65000000000009,1,8,1.0
648,51,1076.41,945.52,57.58999999999992,53.680000000000064,1,3,1.0
648,49,1907.0,965.2,76.34999999999991,58.539999999999964,1,10,1.0
648,2,1120.38,939.17,108.32999999999993,92.94999999999993,1,3,1.0
649,16,1243.74,947.59,58.32999999999993,51.35000000000002,1,3,1.0
649,45,1823.7,990.3,515.05,279.84000000000015,1,3,1.0
649,47,1360.57,953.07,34.600000000000136,64.4799999999999,1,8,1.0
649,51,1076.42,945.48,57.75999999999999,53.68999999999994,1,3,1.0
649,49,1922.3,962.6,84.01999999999998,64.96999999999991,1,10,1.0
649,2,1120.25,938.95,108.56999999999994,93.24000000000001,1,3,1.0
650,16,1243.71,947.43,58.33999999999992,51.35000000000002,1,3,1.0
650,45,1846.3,989.7,526.0400000000002,290.81999999999994,1,3,1.0
650,47,1361.36,952.82,34.61000000000013,64.32999999999993,1,8,1.0
650,51,1076.44,945.45,57.919999999999845,53.68999999999994,1,3,1.0
650,49,1942.7,961.3,82.11999999999989,68.18000000000006,1,10,1.0
650,2,1120.13,938.74,108.78999999999996,93.51999999999998,1,3,1.0
651,16,1243.69,947.27,58.32999999999993,51.35000000000002,1,3,1.0
651,45,1870.95,992.82,556.8799999999999,303.64,1,3,1.0
651,47,1362.16,952.57,34.59999999999991,64.16999999999996,1,8,1.0
651,51,1076.46,945.42,58.07999999999993,53.680000000000064,1,3,1.0
651,49,1960.6,960.0,89.74000000000024,73.30999999999995,1,10,1.0
651,2,1120.0,938.52,109.02999999999997,93.80999999999995,1,3,1.0
652,16,1243.66,947.11,58.32999999999993,51.360000000000014,1,3,1.0
652,45,1895.6,995.95,587.71,316.44000000000005,1,3,1.0
652,47,1362.95,952.32,34.6099999999999,64.00999999999999,1,8,1.0
652,51,1076.47,945.39,58.25999999999999,53.680000000000064,1,3,1.0
652,49,1982.2,960.6,85.3599999999999,77.81000000000006,1,10,1.0
652,2,1119.88,938.31,109.25999999999999,94.09000000000015,1,3,1.0
653,16,1243.63,946.95,58.33999999999992,51.3599999999999,1,3,1.0
653,45,1920.25,999.07,618.5500000000002,329.2599999999999,1,3,1.0
653,47,1363.75,952.08,34.59999999999991,63.84999999999991,1,8,1.0
653,51,1076.49,945.35,58.42000000000007,53.68999999999994,1,3,1.0
653,49,2000.1,960.0,90.42000000000007,85.43000000000006,1,10,1.0
653,2,1119.75,938.09,109.5,94.38,1,3,1.0
654,16,1243.61,946.79,58.330000000000155,51.360000000000014,1,3,1.0
654,45,1936.1,993.4,625.9000000000001,342.08000000000004,1,3,1.0
654,47,1364.54,951.83,34.61000000000013,63.68999999999994,1,8,1.0
654,51,1076.51,945.32,58.57999999999993,53.68999999999994,1,3,1.0
654,49,2028.17,959.19,94.25,89.15999999999985,1,10,1.0
654,2,1119.63,937.88,109.72999999999979,94.65999999999997,1,3,1.0
655,16,1243.58,946.63,58.330000000000155,51.360000000000014,1,3,1.0
655,45,1968.63,1000.28,593.3699999999999,345.73,1,3,1.0
655,47,1365.34,951.58,34.600000000000136,63.539999999999964,1,8,1.0
655,51,1076.53,945.29,58.74000000000001,53.680000000000064,1,3,1.0
655,49,2056.24,958.37,98.08000000000038,92.88999999999999,1,10,1.0
655,2,1119.5,937.66,109.97000000000003,94.95999999999992,1,3,1.0
656,16,1243.55,946.48,58.340000000000146,51.35000000000002,1,3,1.0
656,45,2001.15,1007.15,560.8499999999999,349.4,1,3,1.0
656,47,1366.13,951.33,34.6099999999999,63.379999999999995,1,8,1.0
656,51,1076.54,945.25,58.91000000000008,53.690000000000055,1,3,1.0
656,49,2084.31,957.56,101.90000000000009,96.62000000000012,1,10,1.0
656,2,1119.38,937.45,110.18999999999983,95.24000000000001,1,3,1.0
657,16,1243.53,946.32,58.32999999999993,51.34999999999991,1,3,1.0
657,45,2033.68,1014.03,528.3199999999999,353.04999999999995,1,3,1.0
657,47,1366.93,951.09,34.59999999999991,63.20999999999992,1,8,1.0
657,51,1076.56,945.22,59.070000000000164,53.68999999999994,1,3,1.0
657,49,2112.39,956.74,105.72000000000025,100.34999999999991,1,10,1.0
657,2,1119.25,937.23,110.43000000000006,95.52999999999997,1,3,1.0
658,16,1243.5,946.16,58.32999999999993,51.35000000000002,1,3,1.0
658,45,2066.2,1020.9,495.8000000000002,356.7199999999999,1,3,1.0
658,47,1367.72,950.84,34.6099999999999,63.059999999999945,1,8,1.0
658,51,1076.58,945.19,59.24000000000001,53.67999999999995,1,3,1.0
658,52,1054.39,932.29,62.36999999999989,52.66000000000008,1,3,1.0
658,53,1556.01,891.24,30.299999999999955,41.99000000000001,1,10,1.0
658,49,2140.46,955.93,109.55000000000018,104.08000000000004,1,10,1.0
658,2,1119.13,937.02,110.65999999999985,95.80999999999995,1,3,1.0
659,16,1243.47,946.0,58.33999999999992,51.35000000000002,1,3,1.0
659,45,2111.58,1029.87,450.4200000000001,356.72,1,3,1.0
659,47,1368.52,950.59,34.59999999999991,62.89999999999998,1,8,1.0
659,51,1076.59,945.15,59.41000000000008,53.690000000000055,1,3,1.0
659,52,1053.74,932.29,62.37999999999988,52.66000000000008,1,3,1.0
659,53,1561.44,890.26,30.700000000000045,42.75999999999999,1,10,1.0
659,49,2168.53,955.11,113.36999999999989,107.82000000000005,1,10,1.0
659,2,1119.0,936.8,110.90000000000009,96.10000000000014,1,3,1.0
660,16,1243.99,945.82,58.32999999999993,51.34999999999991,1,3,1.0
660,45,2156.95,1038.84,405.0500000000002,356.72,1,3,1.0
660,47,1369.31,950.35,34.61000000000013,62.74000000000001,1,8,1.0
660,51,1076.61,945.12,59.570000000000164,53.68999999999994,1,3,1.0
660,52,1053.1,932.29,62.37000000000012,52.66000000000008,1,3,1.0
660,53,1566.87,889.28,31.110000000000127,43.51999999999998,1,10,1.0
660,49,2196.6,954.3,117.20000000000027,111.53999999999996,1,10,1.0
660,2,1119.58,936.76,110.90000000000009,96.09999999999991,1,3,1.0
661,16,1244.5,945.63,58.32999999999993,51.360000000000014,1,3,1.0
661,45,2202.33,1047.81,359.6700000000001,356.72,1,3,1.0
661,47,1370.11,950.1,34.600000000000136,62.57999999999993,1,8,1.0
661,51,1076.63,945.09,59.72999999999979,53.67999999999995,1,3,1.0
661,52,1052.45,932.29,62.37999999999988,52.66000000000008,1,3,1.0
661,53,1572.3,888.3,31.50999999999999,44.29000000000008,1,10,1.0
661,49,2238.38,956.32,117.19999999999982,111.53999999999985,1,10,1.0
661,2,1120.17,936.73,110.89999999999986,96.09999999999991,1,3,1.0
662,16,1245.01,945.45,58.32999999999993,51.34999999999991,1,3,1.0
662,45,2247.71,1056.78,314.28999999999996,356.72,1,3,1.0
662,47,1371.22,950.19,34.6099999999999,63.08999999999992,1,8,1.0
662,51,1076.64,945.06,59.899999999999864,53.680000000000064,1,3,1.0
662,52,1051.8,932.29,62.38000000000011,52.66000000000008,1,3,1.0
662,53,1577.73,887.32,31.910000000000082,45.049999999999955,1,10,1.0
662,49,2274.53,960.04,117.19999999999982,111.53999999999996,1,10,1.0
662,2,1120.75,936.69,110.90000000000009,96.09999999999991,1,3,1.0
663,16,1245.52,945.27,58.32999999999993,51.35000000000002,1,3,1.0
663,45,2293.08,1065.75,268.9200000000001,356.72,1,3,1.0
663,47,1372.34,950.28,34.600000000000136,63.60000000000002,1,8,1.0
663,51,1076.66,945.02,60.059999999999945,53.690000000000055,1,3,1.0
663,52,1051.16,932.29,62.37999999999988,52.66000000000008,1,3,1.0
663,53,1583.16,886.34,32.319999999999936,45.819999999999936,1,10,1.0
663,49,2318.66,955.3,117.19000000000005,117.88000000000011,1,10,1.0
663,2,1121.34,936.65,110.90000000000009,96.10000000000002,1,3,1.0
664,16,1246.03,945.08,58.32999999999993,51.360000000000014,1,3,1.0
664,45,2293.08,1065.75,268.9200000000001,356.72,1,3,1.0
664,47,1373.46,950.38,34.59999999999991,64.11000000000001,1,8,1.0
664,51,1076.68,944.99,60.22000000000003,53.68999999999994,1,3,1.0
664,52,1050.51,932.29,62.38000000000011,52.66000000000008,1,3,1.0
664,53,1588.59,885.36,32.72000000000003,46.58000000000004,1,10,1.0
664,49,2365.04,955.96,120.03999999999996,126.01999999999998,1,10,1.0
664,2,1121.92,936.62,110.89999999999986,96.10000000000002,1,3,1.0
665,16,1246.54,944.9,58.340000000000146,51.360000000000014,1,3,1.0
665,45,2293.08,1065.75,268.9200000000001,356.72,1,3,1.0
665,47,1374.57,950.47,34.61000000000013,64.62,1,8,1.0
665,51,1076.7,944.96,60.38999999999987,53.67999999999995,1,3,1.0
665,52,1049.87,932.29,62.37000000000012,52.66000000000008,1,3,1.0
665,53,1594.03,884.37,33.11000000000013,47.35000000000002,1,10,1.0
665,49,2411.42,956.63,122.88000000000011,134.15999999999997,1,10,1.0
665,2,1122.51,936.58,110.90000000000009,96.10000000000002,1,3,1.0
666,16,1247.05,944.72,58.340000000000146,51.35000000000002,1,3,1.0
666,47,1375.69,950.56,34.59999999999991,65.13000000000011,1,8,1.0
666,51,1076.71,944.92,60.559999999999945,53.690000000000055,1,3,1.0
666,52,1049.22,932.29,62.37999999999988,52.66000000000008,1,3,1.0
666,53,1599.46,883.39,33.51999999999998,48.120000000000005,1,10,1.0
666,49,2457.8,957.29,104.19999999999982,142.30999999999995,1,10,1.0
666,2,1123.09,936.54,110.90000000000009,96.10000000000014,1,3,1.0
667,16,1247.57,944.54,58.330000000000155,51.35000000000002,1,3,1.0
667,47,1376.8,950.65,34.61000000000013,65.63999999999999,1,8,1.0
667,51,1076.73,944.89,60.72000000000003,53.690000000000055,1,3,1.0
667,52,1048.57,932.29,62.38000000000011,52.66000000000008,1,3,1.0
667,53,1604.89,882.41,33.919999999999845,48.879999999999995,1,10,1.0
667,2,1123.68,936.51,110.89999999999986,96.09999999999991,1,3,1.0
668,16,1248.08,944.35,58.330000000000155,51.360000000000014,1,3,1.0
668,47,1377.92,950.75,34.59999999999991,66.13999999999999,1,8,1.0
668,51,1076.75,944.86,60.88000000000011,53.67999999999995,1,3,1.0
668,52,1047.93,932.29,62.37999999999988,52.66000000000008,1,3,1.0
668,53,1610.32,881.43,34.320000000000164,49.65000000000009,1,10,1.0
668,2,1124.26,936.47,110.90000000000009,96.09999999999991,1,3,1.0
669,16,1248.59,944.17,58.330000000000155,51.360000000000014,1,3,1.0
669,47,1379.03,950.84,34.61000000000013,66.64999999999998,1,8,1.0
669,51,1076.76,944.82,61.049999999999955,53.68999999999994,1,3,1.0
669,52,1047.28,932.29,62.38000000000011,52.66000000000008,1,3,1.0
669,53,1615.75,880.45,34.73000000000002,50.40999999999997,1,10,1.0
669,2,1124.84,936.44,110.90000000000009,96.08999999999992,1,3,1.0
670,16,1249.1,943.99,58.330000000000155,51.35000000000002,1,3,1.0
670,47,1380.15,950.93,34.59999999999991,67.17000000000007,1,8,1.0
670,51,1076.78,944.79,61.210000000000036,53.690000000000055,1,3,1.0
670,52,1046.64,932.29,62.37999999999988,52.66000000000008,1,3,1.0
670,53,1621.86,879.02,35.13000000000011,51.180000000000064,1,10,1.0
670,2,1125.43,936.4,110.89999999999986,96.10000000000002,1,3,1.0
671,16,1249.61,943.81,58.330000000000155,51.35000000000002,1,3,1.0
671,47,1381.26,951.03,34.6099999999999,67.67000000000007,1,8,1.0
671,51,1076.8,944.76,61.37000000000012,53.680000000000064,1,3,1.0
671,52,1045.99,932.29,62.37999999999988,52.66000000000008,1,3,1.0
671,53,1627.97,877.59,35.52999999999997,51.93999999999994,1,10,1.0
671,2,1126.01,936.36,110.90000000000009,96.10000000000002,1,3,1.0
672,16,1250.12,943.62,58.330000000000155,51.360000000000014,1,3,1.0
672,47,1382.38,951.12,34.59999999999991,68.17999999999995,1,8,1.0
672,51,1076.81,944.73,61.549999999999955,53.67999999999995,1,3,1.0
672,52,1045.35,932.29,62.37000000000012,52.66000000000008,1,3,1.0
672,53,1634.07,876.16,35.940000000000055,52.700000000000045,1,10,1.0
672,2,1126.6,936.33,110.90000000000009,96.09000000000003,1,3,1.0
673,16,1250.63,943.44,58.33999999999992,51.3599999999999,1,3,1.0
673,47,1383.32,950.93,34.600000000000136,68.41000000000008,1,8,1.0
673,51,1076.83,944.69,61.710000000000036,53.68999999999994,1,3,1.0
673,52,1044.7,932.29,62.37999999999988,52.66000000000008,1,3,1.0
673,53,1641.36,876.79,36.340000000000146,53.47000000000003,1,10,1.0
673,2,1127.18,936.29,110.89999999999986,96.10000000000014,1,3,1.0
674,16,1250.69,943.44,58.32999999999993,51.3599999999999,1,3,1.0
674,47,1384.25,950.74,34.6099999999999,68.63999999999999,1,8,1.0
674,51,1076.85,944.66,61.87000000000012,53.690000000000055,1,3,1.0
674,52,1044.05,932.29,62.38000000000011,52.66000000000008,1,3,1.0
674,53,1648.4,875.83,36.73000000000002,54.229999999999905,1,10,1.0
674,2,1127.58,935.78,110.90000000000009,96.10000000000014,1,3,1.0
675,16,1250.74,943.44,58.32999999999993,51.3599999999999,1,3,1.0
675,47,1385.19,950.54,34.6099999999999,68.88,1,8,1.0
675,51,1076.87,944.63,62.0300000000002,53.67999999999995,1,3,1.0
675,52,1043.41,932.29,62.37999999999988,52.66000000000008,1,3,1.0
675,53,1655.43,874.87,37.13999999999987,54.99000000000001,1,10,1.0
675,2,1127.98,935.27,110.90000000000009,96.09999999999991,1,3,1.0
676,16,1250.79,943.44,58.32999999999993,51.3599999999999,1,3,1.0
676,47,1386.13,950.35,34.59999999999991,69.12,1,8,1.0
676,51,1076.88,944.59,62.19999999999982,53.68999999999994,1,3,1.0
676,52,1042.76,932.29,62.38000000000011,52.66000000000008,1,3,1.0
676,53,1662.47,873.9,37.539999999999964,55.76999999999998,1,10,1.0
676,2,1128.37,934.76,110.90000000000009,96.08999999999992,1,3,1.0
677,16,1250.84,943.44,58.340000000000146,51.3599999999999,1,3,1.0
677,47,1387.07,950.16,34.600000000000136,69.35000000000002,1,8,1.0
677,51,1076.9,944.56,62.3599999999999,53.690000000000055,1,3,1.0
677,52,1042.12,932.29,62.38000000000011,52.66000000000008,1,3,1.0
677,53,1669.51,872.94,37.940000000000055,56.52999999999997,1,10,1.0
677,2,1128.77,934.24,110.90000000000009,96.09999999999991,1,3,1.0
678,16,1250.9,943.44,58.32999999999993,51.3599999999999,1,3,1.0
678,47,1388.0,949.97,34.6099999999999,69.57999999999993,1,8,1.0
678,51,1076.55,944.56,62.710000000000036,53.690000000000055,1,3,1.0
678,52,1040.77,932.29,63.73000000000002,52.66000000000008,1,3,1.0
678,53,1677.72,870.86,38.33999999999992,57.289999999999964,1,10,1.0
678,2,1129.17,933.73,110.89999999999986,96.09999999999991,1,3,1.0
679,16,1250.95,943.44,58.32999999999993,51.3599999999999,1,3,1.0
679,47,1388.94,949.78,34.59999999999991,69.81000000000006,1,8,1.0
679,51,1076.2,944.56,63.059999999999945,53.690000000000055,1,3,1.0
679,52,1039.43,932.29,65.06999999999994,52.66000000000008,1,3,1.0
679,53,1686.59,869.84,38.75,58.049999999999955,1,10,1.0
679,2,1129.57,933.22,110.90000000000009,96.09999999999991,1,3,1.0
680,16,1251.0,943.44,58.33999999999992,51.3599999999999,1,3,1.0
680,47,1389.88,949.59,34.59999999999991,70.03999999999996,1,8,1.0
680,51,1075.85,944.56,63.41000000000008,53.690000000000055,1,3,1.0
680,52,1038.08,932.29,66.42000000000007,52.66000000000008,1,3,1.0
680,53,1693.37,868.82,39.15000000000009,58.819999999999936,1,10,1.0
680,2,1129.97,932.71,110.89999999999986,96.09999999999991,1,3,1.0
681,16,1251.06,943.44,58.330000000000155,51.3599999999999,1,3,1.0
681,47,1390.81,949.39,34.61000000000013,70.27999999999997,1,8,1.0
681,51,1075.5,944.56,63.75999999999999,53.690000000000055,1,3,1.0
681,52,1036.74,932.29,67.75999999999999,52.66000000000008,1,3,1.0
681,53,1702.39,867.8,39.549999999999955,59.59000000000003,1,10,1.0
681,2,1130.36,932.2,110.90000000000009,96.09999999999991,1,3,1.0
682,16,1251.11,943.44,58.330000000000155,51.3599999999999,1,3,1.0
682,47,1391.75,949.2,34.6099999999999,70.51999999999998,1,8,1.0
682,51,1075.15,944.56,64.1099999999999,53.690000000000055,1,3,1.0
682,52,1035.39,932.29,69.1099999999999,52.66000000000008,1,3,1.0
682,53,1711.06,866.49,39.960000000000036,60.35000000000002,1,10,1.0
682,2,1130.76,931.69,110.90000000000009,96.09999999999991,1,3,1.0
683,16,1251.16,943.44,58.32999999999993,51.3599999999999,1,3,1.0
683,47,1392.69,949.01,34.59999999999991,70.75,1,8,1.0
683,51,1074.8,944.56,64.46000000000004,53.690000000000055,1,3,1.0
683,52,1034.05,932.29,70.45000000000005,52.66000000000008,1,3,1.0
683,53,1719.74,865.19,40.3599999999999,61.1099999999999,1,10,1.0
683,2,1131.16,931.18,110.89999999999986,96.10000000000002,1,3,1.0
684,16,1251.21,943.44,58.33999999999992,51.3599999999999,1,3,1.0
684,47,1393.63,948.82,34.59999999999991,70.9799999999999,1,8,1.0
684,51,1074.45,944.56,64.80999999999995,53.690000000000055,1,3,1.0
684,52,1032.7,932.29,71.79999999999995,52.66000000000008,1,3,1.0
684,53,1728.67,863.27,40.3599999999999,61.120000000000005,1,10,1.0
684,2,1131.56,930.66,110.90000000000009,96.10000000000002,1,3,1.0
685,16,1251.27,943.44,58.32999999999993,51.3599999999999,1,3,1.0
685,47,1394.56,948.63,34.61000000000013,71.21000000000004,1,8,1.0
685,51,1074.1,944.56,65.16000000000008,53.690000000000055,1,3,1.0
685,52,1031.36,932.29,73.1400000000001,52.66000000000008,1,3,1.0
685,53,1739.52,862.63,40.36000000000013,61.120000000000005,1,10,1.0
685,2,1131.95,930.15,110.89999999999986,96.10000000000002,1,3,1.0
686,16,1251.32,943.44,58.330000000000155,51.3599999999999,1,3,1.0
686,47,1395.5,948.43,34.6099999999999,71.45000000000005,1,8,1.0
686,51,1073.75,944.56,65.50999999999999,53.690000000000055,1,3,1.0
686,52,1030.01,932.29,74.49000000000001,52.66000000000008,1,3,1.0
686,53,1749.09,861.36,40.350000000000136,61.110000000000014,1,10,1.0
686,2,1132.35,929.64,110.90000000000009,96.10000000000002,1,3,1.0
687,16,1251.37,943.44,58.340000000000146,51.3599999999999,1,3,1.0
687,47,1396.44,948.24,34.59999999999991,71.67999999999995,1,8,1.0
687,51,1073.4,944.56,65.8599999999999,53.690000000000055,1,3,1.0
687,52,1028.67,932.29,75.82999999999993,52.66000000000008,1,3,1.0
687,53,1758.65,860.08,40.3599999999999,61.120000000000005,1,10,1.0
687,2,1132.75,929.13,110.90000000000009,96.10000000000002,1,3,1.0
688,16,1251.43,943.44,58.32999999999993,51.3599999999999,1,3,1.0
688,47,1397.38,948.05,34.59999999999991,71.92000000000007,1,8,1.0
688,51,1073.05,944.56,66.21000000000004,53.690000000000055,1,3,1.0
688,52,1027.32,932.29,77.18000000000006,52.66000000000008,1,3,1.0
688,53,1770.49,858.13,41.6400000000001,62.82000000000005,1,10,1.0
688,2,1133.15,928.62,110.89999999999986,96.10000000000002,1,3,1.0
689,16,1251.48,943.44,58.32999999999993,51.3599999999999,1,3,1.0
689,47,1398.31,947.86,34.61000000000013,72.14999999999998,1,8,1.0
689,51,1072.7,944.56,66.55999999999995,53.690000000000055,1,3,1.0
689,52,1025.98,932.29,78.51999999999998,52.66000000000008,1,3,1.0
689,53,1782.33,856.17,42.92000000000007,64.53000000000009,1,10,1.0
689,2,1133.54,928.11,110.90000000000009,96.10000000000002,1,3,1.0
690,16,1251.53,943.44,58.32999999999993,51.3599999999999,1,3,1.0
690,47,1399.25,947.67,34.6099999999999,72.38,1,8,1.0
690,51,1072.35,944.56,66.91000000000008,53.690000000000055,1,3,1.0
690,52,1024.63,932.29,79.86999999999989,52.66000000000008,1,3,1.0
690,53,1794.17,854.21,44.19999999999982,66.24000000000001,1,10,1.0
690,2,1133.94,927.6,110.89999999999986,96.10000000000002,1,3,1.0
691,16,1251.58,943.44,58.340000000000146,51.3599999999999,1,3,1.0
691,47,1400.19,947.48,34.59999999999991,72.61000000000001,1,8,1.0
691,51,1072.0,944.56,67.25999999999999,53.690000000000055,1,3,1.0
691,52,1023.29,932.29,81.21000000000004,52.66000000000008,1,3,1.0
691,53,1806.0,852.26,45.48000000000002,67.94000000000005,1,10,1.0
691,2,1134.34,927.09,110.90000000000009,96.10000000000002,1,3,1.0
692,16,1251.64,943.44,58.32999999999993,51.3599999999999,1,3,1.0
692,47,1401.13,947.28,34.59999999999991,72.85000000000002,1,8,1.0
692,51,1071.65,944.56,67.6099999999999,53.690000000000055,1,3,1.0
692,52,1021.94,932.29,82.55999999999995,52.66000000000008,1,3,1.0
692,53,1817.84,850.3,46.75999999999999,69.6400000000001,1,10,1.0
692,2,1134.09,927.09,111.6400000000001,96.67999999999995,1,3,1.0
693,16,1251.69,943.44,58.32999999999993,51.3599999999999,1,3,1.0
693,47,1402.06,947.09,34.61000000000013,73.07999999999993,1,8,1.0
693,51,1071.3,944.56,67.96000000000004,53.690000000000055,1,3,1.0
693,52,1020.6,932.29,83.89999999999998,52.66000000000008,1,3,1.0
693,54,1084.55,880.14,16.88000000000011,38.35000000000002,1,9,1.0
693,55,1380.59,882.7,18.410000000000082,41.40999999999997,1,9,1.0
693,53,1829.68,846.05,48.039999999999964,71.35000000000002,1,10,1.0
693,2,1133.84,927.09,112.37000000000012,97.26999999999987,1,3,1.0
694,16,1251.74,943.44,58.33999999999992,51.3599999999999,1,3,1.0
694,47,1403.0,946.9,34.59999999999991,73.32000000000005,1,8,1.0
694,51,1070.46,944.15,69.11999999999989,54.05000000000007,1,3,1.0
694,52,1018.65,932.29,83.85000000000002,52.66000000000008,1,3,1.0
694,54,1083.64,879.85,16.87999999999988,38.35000000000002,1,9,1.0
694,55,1381.46,882.47,18.409999999999854,41.41999999999996,1,9,1.0
694,53,1842.79,843.71,49.319999999999936,73.05999999999995,1,10,1.0
694,2,1133.59,927.09,113.11000000000013,97.85000000000002,1,3,1.0
695,16,1251.8,943.44,58.330000000000155,51.3599999999999,1,3,1.0
695,47,1403.94,946.71,34.59999999999991,73.54999999999995,1,8,1.0
695,51,1069.63,943.73,70.27999999999997,54.41999999999996,1,3,1.0
695,52,1016.69,932.29,83.80999999999995,52.66000000000008,1,3,1.0
695,54,1082.73,879.56,16.86999999999989,38.35000000000002,1,9,1.0
695,55,1382.33,882.25,18.40000000000009,41.41999999999996,1,9,1.0
695,53,1855.9,841.37,50.6099999999999,74.75999999999999,1,10,1.0
695,2,1133.34,927.09,113.85000000000014,98.43999999999994,1,3,1.0
696,16,1251.85,943.44,58.330000000000155,51.3599999999999,1,3,1.0
696,47,1404.88,946.52,34.59999999999991,73.77999999999997,1,8,1.0
696,51,1068.79,943.32,71.44000000000005,54.789999999999964,1,3,1.0
696,52,1014.74,932.29,83.75999999999999,52.66000000000008,1,3,1.0
696,54,1081.82,879.27,16.87000000000012,38.35000000000002,1,9,1.0
696,55,1383.19,882.03,18.409999999999854,41.41000000000008,1,9,1.0
696,53,1869.01,839.03,51.8900000000001,76.47000000000003,1,10,1.0
696,2,1133.09,927.09,114.58000000000015,99.02999999999986,1,3,1.0
697,16,1251.9,943.44,58.32999999999993,51.3599999999999,1,3,1.0
697,47,1405.86,946.64,34.600000000000136,74.32000000000005,1,8,1.0
697,51,1067.95,942.9,72.59999999999991,55.15999999999997,1,3,1.0
697,52,1012.78,932.29,83.72000000000003,52.66000000000008,1,3,1.0
697,54,1080.91,878.98,16.86999999999989,38.35000000000002,1,9,1.0
697,55,1384.06,881.81,18.410000000000082,41.41000000000008,1,9,1.0
697,53,1883.62,835.63,54.40000000000009,79.40999999999997,1,10,1.0
697,2,1132.84,927.09,115.32000000000016,99.61000000000001,1,3,1.0
698,16,1251.95,943.44,58.33999999999992,51.3599999999999,1,3,1.0
698,47,1406.84,946.76,34.600000000000136,74.85000000000002,1,8,1.0
698,51,1067.12,942.49,73.75,55.51999999999998,1,3,1.0
698,52,1010.83,932.29,83.66999999999996,52.66000000000008,1,3,1.0
698,54,1080.0,878.69,16.86999999999989,38.34999999999991,1,9,1.0
698,55,1384.93,881.58,18.399999999999864,41.41999999999996,1,9,1.0
698,53,1898.24,832.23,56.91000000000008,82.35000000000002,1,10,1.0
698,2,1132.59,927.09,116.06000000000017,100.19999999999993,1,3,1.0
699,16,1252.01,943.44,58.32999999999993,51.3599999999999,1,3,1.0
699,47,1407.82,946.89,34.600000000000136,75.38,1,8,1.0
699,51,1066.28,942.07,74.91000000000008,55.89999999999998,1,3,1.0
699,52,1008.87,932.29,83.63,52.66000000000008,1,3,1.0
699,54,1079.09,878.4,16.87000000000012,38.35000000000002,1,9,1.0
699,55,1385.79,881.36,18.410000000000082,41.41999999999996,1,9,1.0
699,53,1912.85,828.82,59.42000000000007,85.29999999999995,1,10,1.0
699,2,1132.34,927.09,116.79000000000019,100.79000000000008,1,3,1.0
700,16,1252.06,943.44,58.330000000000155,51.3599999999999,1,3,1.0
700,47,1408.8,947.01,34.61000000000013,75.90999999999997,1,8,1.0
700,51,1065.44,941.66,76.06999999999994,56.25999999999999,1,3,1.0
700,52,1006.92,932.29,83.58000000000004,52.66000000000008,1,3,1.0
700,54,1078.17,878.12,16.87999999999988,38.34000000000003,1,9,1.0
700,55,1386.66,881.14,18.409999999999854,41.40999999999997,1,9,1.0
700,53,1927.46,825.42,61.930000000000064,88.24000000000001,1,10,1.0
700,2,1132.1,927.09,117.51999999999998,101.37,1,3,1.0
701,16,1252.11,943.44,58.340000000000146,51.3599999999999,1,3,1.0
701,47,1409.78,947.13,34.61000000000013,76.45000000000005,1,8,1.0
701,51,1064.61,941.24,77.23000000000002,56.629999999999995,1,3,1.0
701,52,1004.96,932.29,83.53999999999996,52.66000000000008,1,3,1.0
701,54,1077.26,877.83,16.88000000000011,38.33999999999992,1,9,1.0
701,55,1387.53,880.92,18.40000000000009,41.41000000000008,1,9,1.0
701,53,1947.52,821.53,64.45000000000005,91.17000000000007,1,10,1.0
701,2,1131.85,927.09,118.25999999999999,101.95999999999992,1,3,1.0
702,16,1252.17,943.44,58.32999999999993,51.3599999999999,1,3,1.0
702,47,1410.77,947.25,34.59999999999991,76.99000000000001,1,8,1.0
702,51,1063.77,940.83,78.3900000000001,57.0,1,3,1.0
702,52,1003.01,932.29,83.49000000000001,52.66000000000008,1,3,1.0
702,54,1076.35,877.54,16.87000000000012,38.34000000000003,1,9,1.0
702,55,1388.39,880.69,18.409999999999854,41.41999999999996,1,9,1.0
702,53,1967.59,817.63,66.96000000000004,94.11000000000001,1,10,1.0
702,2,1131.6,927.09,119.0,102.55000000000007,1,3,1.0
703,16,1252.22,943.44,58.32999999999993,51.3599999999999,1,3,1.0
703,47,1411.75,947.38,34.59999999999991,77.5100000000001,1,8,1.0
703,51,1062.93,940.41,79.54999999999995,57.370000000000005,1,3,1.0
703,52,1001.05,932.29,83.45000000000005,52.66000000000008,1,3,1.0
703,54,1075.44,877.25,16.86999999999989,38.35000000000002,1,9,1.0
703,55,1389.26,880.47,18.410000000000082,41.41999999999996,1,9,1.0
703,53,1987.66,813.73,69.47000000000003,97.05999999999995,1,10,1.0
703,2,1131.35,927.09,119.73000000000002,103.13,1,3,1.0
704,16,1252.27,943.44,58.32999999999993,51.3599999999999,1,3,1.0
704,47,1412.73,947.5,34.59999999999991,78.04999999999995,1,8,1.0
704,51,1062.1,940.0,80.70000000000005,57.73000000000002,1,3,1.0
704,52,999.1,932.29,83.39999999999998,52.66000000000008,1,3,1.0
704,54,1074.53,876.96,16.87000000000012,38.34999999999991,1,9,1.0
704,55,1390.13,880.25,18.409999999999854,41.40999999999997,1,9,1.0
704,53,2007.73,809.83,71.98000000000002,100.0,1,10,1.0
704,2,1131.1,927.09,120.47000000000003,103.71999999999991,1,3,1.0
705,16,1252.32,943.44,58.340000000000146,51.3599999999999,1,3,1.0
705,47,1413.71,947.62,34.59999999999991,78.58000000000004,1,8,1.0
705,51,1061.21,940.0,81.58999999999992,57.960000000000036,1,3,1.0
705,52,997.78,932.29,84.72000000000003,52.66000000000008,1,3,1.0
705,54,1073.62,876.67,16.87000000000012,38.35000000000002,1,9,1.0
705,55,1391.0,880.03,18.40000000000009,41.41000000000008,1,9,1.0
705,53,2027.79,805.93,74.5,102.94000000000005,1,10,1.0
705,2,1130.85,927.09,121.21000000000004,104.31000000000006,1,3,1.0
706,16,1252.38,943.44,58.32999999999993,51.3599999999999,1,3,1.0
706,47,1414.69,947.74,34.6099999999999,79.11999999999989,1,8,1.0
706,51,1060.33,940.0,82.47000000000003,58.190000000000055,1,3,1.0
706,52,996.46,932.29,86.03999999999996,52.66000000000008,1,3,1.0
706,54,1072.71,876.38,16.86999999999989,38.35000000000002,1,9,1.0
706,55,1391.86,879.81,18.410000000000082,41.41000000000008,1,9,1.0
706,53,2050.34,802.26,77.00999999999976,105.88,1,10,1.0
706,56,1733.67,943.66,60.68999999999983,58.48000000000002,1,10,1.0
706,2,1130.6,927.09,121.94000000000005,104.88999999999999,1,3,1.0
707,16,1252.43,943.44,58.32999999999993,51.3599999999999,1,3,1.0
707,47,1415.67,947.87,34.6099999999999,79.64999999999998,1,8,1.0
707,51,1059.45,940.0,83.34999999999991,58.40999999999997,1,3,1.0
707,52,995.14,932.29,87.36000000000001,52.66000000000008,1,3,1.0
707,54,1071.79,876.09,16.88000000000011,38.35000000000002,1,9,1.0
707,55,1392.73,879.58,18.410000000000082,41.41999999999996,1,9,1.0
707,57,824.89,750.47,82.39999999999998,27.019999999999982,1,10,1.0
707,53,2080.59,801.0,79.52999999999975,108.83000000000004,1,10,1.0
707,56,1745.19,943.22,60.690000000000055,58.47000000000003,1,10,1.0
707,2,1130.35,927.09,122.68000000000006,105.4799999999999,1,3,1.0
708,16,1252.48,943.44,58.33999999999992,51.3599999999999,1,3,1.0
708,47,1416.66,947.99,34.59999999999991,80.18000000000006,1,8,1.0
708,51,1058.56,940.0,84.24000000000001,58.639999999999986,1,3,1.0
708,52,993.82,932.29,88.67999999999995,52.66000000000008,1,3,1.0
708,54,1070.88,875.8,16.87999999999988,38.35000000000002,1,9,1.0
708,55,1393.6,879.36,18.40000000000009,41.41999999999996,1,9,1.0
708,57,824.89,750.47,80.31000000000006,25.730000000000018,1,10,1.0
708,53,2102.23,797.55,82.03999999999996,111.75999999999999,1,10,1.0
708,56,1754.93,943.22,60.700000000000045,58.47000000000003,1,10,1.0
708,2,1130.1,927.09,123.42000000000007,106.06000000000006,1,3,1.0
709,16,1252.54,943.44,58.32999999999993,51.3599999999999,1,3,1.0
709,47,1417.64,948.11,34.59999999999991,80.71999999999991,1,8,1.0
709,51,1057.68,940.0,85.11999999999989,58.860000000000014,1,3,1.0
709,52,992.5,932.29,90.0,52.66000000000008,1,3,1.0
709,54,1069.97,875.52,16.86999999999989,38.34000000000003,1,9,1.0
709,55,1394.46,879.14,18.409999999999854,41.40999999999997,1,9,1.0
709,57,817.77,747.24,82.09000000000003,25.730000000000018,1,10,1.0
709,53,2132.42,790.51,84.54999999999973,114.70000000000005,1,10,1.0
709,56,1764.68,943.22,60.68999999999983,58.47000000000003,1,10,1.0
709,2,1129.85,927.09,124.15000000000009,106.64999999999998,1,3,1.0
710,16,1252.59,943.44,58.330000000000155,51.3599999999999,1,3,1.0
710,47,1418.62,948.24,34.600000000000136,81.24000000000001,1,8,1.0
710,51,1056.8,940.0,86.0,59.09000000000003,1,3,1.0
710,52,989.56,931.91,90.0,52.66000000000008,1,3,1.0
710,54,1069.06,875.23,16.87000000000012,38.34000000000003,1,9,1.0
710,55,1395.33,878.92,18.410000000000082,41.41000000000008,1,9,1.0
710,57,810.64,744.01,83.88,25.730000000000018,1,10,1.0
710,53,2160.99,786.78,87.0600000000004,117.63999999999999,1,10,1.0
710,56,1776.18,943.68,62.679999999999836,60.58000000000004,1,10,1.0
710,2,1129.6,927.09,124.8900000000001,107.2399999999999,1,3,1.0
711,16,1252.64,943.44,58.33999999999992,51.3599999999999,1,3,1.0
711,47,1419.6,948.36,34.61000000000013,81.78000000000009,1,8,1.0
711,51,1055.92,940.0,86.87999999999988,59.32000000000005,1,3,1.0
711,52,986.62,931.52,89.99999999999989,52.67000000000007,1,3,1.0
711,54,1068.15,874.94,16.86999999999989,38.33999999999992,1,9,1.0
711,55,1396.2,878.69,18.399999999999864,41.41999999999996,1,9,1.0
711,57,803.51,740.78,85.66999999999996,25.730000000000018,1,10,1.0
711,53,2196.01,783.04,89.57999999999993,120.59000000000003,1,10,1.0
711,56,1787.67,944.14,64.66999999999985,62.680000000000064,1,10,1.0
711,2,1129.35,927.09,125.63000000000011,107.82000000000005,1,3,1.0
712,16,1252.69,943.44,58.33999999999992,51.3599999999999,1,3,1.0
712,47,1420.58,948.48,34.61000000000013,82.31999999999994,1,8,1.0
712,51,1055.03,940.0,87.76999999999998,59.539999999999964,1,3,1.0
712,52,983.68,931.14,90.00000000000011,52.65999999999997,1,3,1.0
712,54,1067.24,874.65,16.86999999999989,38.35000000000002,1,9,1.0
712,55,1397.07,878.47,18.40000000000009,41.41999999999996,1,9,1.0
712,57,796.39,737.55,87.45000000000005,25.730000000000018,1,10,1.0
712,53,2227.22,778.14,92.09000000000015,123.51999999999998,1,10,1.0
712,56,1799.17,944.6,66.65999999999985,64.77999999999997,1,10,1.0
712,2,1129.1,927.09,126.36000000000013,108.40999999999997,1,3,1.0
713,16,1252.75,943.44,58.32999999999993,51.3599999999999,1,3,1.0
713,47,1421.56,948.6,34.61000000000013,82.85000000000002,1,8,1.0
713,51,1054.15,940.0,88.64999999999986,59.76999999999998,1,3,1.0
713,52,980.74,930.76,90.0,52.65999999999997,1,3,1.0
713,54,1066.33,874.36,16.87000000000012,38.35000000000002,1,9,1.0
713,55,1397.93,878.25,18.409999999999854,41.40999999999997,1,9,1.0
713,57,789.26,734.32,89.24000000000001,25.729999999999905,1,10,1.0
713,53,2263.66,774.33,94.61000000000013,126.46999999999991,1,10,1.0
713,56,1810.66,945.06,68.64999999999986,66.88000000000011,1,10,1.0
713,2,1128.85,927.09,127.10000000000014,108.99999999999989,1,3,1.0
714,16,1252.8,943.44,58.330000000000155,51.3599999999999,1,3,1.0
714,47,1422.55,948.73,34.600000000000136,83.37999999999988,1,8,1.0
714,51,1053.27,940.0,89.52999999999997,59.99000000000001,1,3,1.0
714,52,980.4,931.27,90.00000000000011,52.65999999999997,1,3,1.0
714,54,1065.41,874.07,16.87999999999988,38.34999999999991,1,9,1.0
714,55,1398.8,878.03,18.410000000000082,41.41000000000008,1,9,1.0
714,57,782.4,731.37,90.60000000000002,26.68999999999994,1,10,1.0
714,53,2300.88,768.19,97.11999999999989,129.40999999999997,1,10,1.0
714,56,1822.16,945.52,70.63999999999987,68.98000000000002,1,10,1.0
714,2,1128.6,927.09,127.84000000000015,109.58000000000004,1,3,1.0
715,16,1252.85,943.44,58.340000000000146,51.3599999999999,1,3,1.0
715,47,1423.53,948.85,34.600000000000136,83.90999999999997,1,8,1.0
715,51,1052.38,940.0,90.41999999999985,60.22000000000003,1,3,1.0
715,52,980.06,931.78,90.0,52.66000000000008,1,3,1.0
715,54,1064.5,873.78,16.88000000000011,38.35000000000002,1,9,1.0
715,55,1399.67,877.8,18.399999999999864,41.42000000000007,1,9,1.0
715,57,775.54,728.42,91.96000000000004,27.65000000000009,1,10,1.0
715,53,2346.08,762.68,97.11999999999989,129.41000000000008,1,10,1.0
715,56,1835.78,945.99,72.63000000000011,71.08000000000004,1,10,1.0
715,2,1128.35,927.09,128.57000000000016,110.16999999999996,1,3,1.0
716,16,1252.91,943.44,58.32999999999993,51.3599999999999,1,3,1.0
716,47,1424.51,948.97,34.59999999999991,84.45000000000005,1,8,1.0
716,51,1051.5,940.0,91.29999999999995,60.440000000000055,1,3,1.0
716,52,979.72,932.29,90.0,52.66000000000008,1,3,1.0
716,54,1063.59,873.49,16.87000000000012,38.35000000000002,1,9,1.0
716,55,1400.53,877.58,18.410000000000082,41.41999999999996,1,9,1.0
716,57,768.69,725.47,93.30999999999995,28.620000000000005,1,10,1.0
716,53,2392.38,756.07,108.11999999999989,145.92999999999995,1,10,1.0
716,56,1850.29,946.15,74.61000000000013,73.18000000000006,1,10,1.0
716,2,1128.1,927.09,129.31000000000017,110.75999999999988,1,3,1.0
717,16,1252.96,943.44,58.32999999999993,51.3599999999999,1,3,1.0
717,47,1425.49,949.1,34.6099999999999,84.9799999999999,1,8,1.0
717,51,1050.62,940.0,92.18000000000006,60.66999999999996,1,3,1.0
717,52,978.1,932.29,91.62,53.940000000000055,1,3,1.0
717,54,1062.91,873.58,16.86999999999989,38.33999999999992,1,9,1.0
717,55,1401.9,877.92,18.399999999999864,42.00999999999999,1,9,1.0
717,57,761.83,722.52,94.66999999999996,29.58000000000004,1,10,1.0
717,53,2440.88,750.55,108.11999999999989,145.94000000000005,1,10,1.0
717,56,1864.8,946.32,76.60000000000014,75.27999999999997,1,10,1.0
717,2,1127.86,927.09,130.0400000000002,111.34000000000003,1,3,1.0
718,16,1253.01,943.44,58.33999999999992,51.3599999999999,1,3,1.0
718,47,1426.47,949.22,34.6099999999999,85.50999999999999,1,8,1.0
718,51,1049.73,940.0,93.06999999999994,60.89999999999998,1,3,1.0
718,52,976.48,932.29,93.24000000000001,55.210000000000036,1,3,1.0
718,54,1062.23,873.66,16.86999999999989,38.35000000000002,1,9,1.0
718,55,1403.26,878.26,18.410000000000082,42.60000000000002,1,9,1.0
718,57,754.91,719.19,96.44000000000005,29.579999999999927,1,10,1.0
718,53,2479.46,743.94,82.53999999999996,145.92999999999995,1,10,1.0
718,56,1877.87,948.73,76.60000000000014,75.28999999999996,1,10,1.0
718,2,1127.61,927.09,130.7800000000002,111.92999999999995,1,3,1.0
719,16,1253.06,943.44,58.340000000000146,51.3599999999999,1,3,1.0
719,47,1427.45,949.34,34.6099999999999,86.05000000000007,1,8,1.0
719,51,1048.85,940.0,93.95000000000005,61.120000000000005,1,3,1.0
719,52,974.86,932.29,94.86000000000001,56.49000000000001,1,3,1.0
719,54,1061.55,873.75,16.87000000000012,38.34000000000003,1,9,1.0
719,55,1404.62,878.6,18.410000000000082,43.19999999999993,1,9,1.0
719,57,747.98,715.86,98.22000000000003,29.569999999999936,1,10,1.0
719,56,1890.94,948.09,76.59999999999991,75.27999999999997,1,10,1.0
719,2,1127.36,927.09,131.51,112.50999999999988,1,3,1.0
720,16,1253.12,943.44,58.330000000000155,51.3599999999999,1,3,1.0
720,47,1428.44,949.46,34.59999999999991,86.57999999999993,1,8,1.0
720,51,1047.97,940.0,94.82999999999993,61.35000000000002,1,3,1.0
720,52,973.24,932.29,96.48000000000002,57.75999999999999,1,3,1.0
720,54,1060.86,873.83,16.88000000000011,38.34999999999991,1,9,1.0
720,55,1405.99,878.95,18.40000000000009,43.77999999999997,1,9,1.0
720,57,739.61,712.0,100.06999999999994,29.58000000000004,1,10,1.0
720,56,1910.43,947.2,76.59999999999991,75.28999999999996,1,10,1.0
720,2,1127.11,927.09,132.25,113.10000000000002,1,3,1.0
721,16,1253.17,943.44,58.32999999999993,51.3599999999999,1,3,1.0
721,47,1429.42,949.59,34.59999999999991,87.11000000000001,1,8,1.0
721,51,1047.08,940.0,95.72000000000003,61.57000000000005,1,3,1.0
721,52,971.62,932.29,98.10000000000002,59.04000000000008,1,3,1.0
721,54,1060.18,873.92,16.86999999999989,38.34000000000003,1,9,1.0
721,55,1407.35,879.29,18.410000000000082,44.379999999999995,1,9,1.0
721,57,731.24,708.15,101.90999999999997,29.58000000000004,1,10,1.0
721,56,1930.01,947.45,78.00999999999999,78.57999999999993,1,10,1.0
721,2,1126.86,927.09,132.99,113.68999999999994,1,3,1.0
722,16,1253.22,943.44,58.33999999999992,51.3599999999999,1,3,1.0
722,47,1430.49,949.59,34.6099999999999,87.11000000000001,1,8,1.0
722,51,1046.2,940.0,96.59999999999991,61.799999999999955,1,3,1.0
722,52,970.0,932.29,99.72000000000003,60.31000000000006,1,3,1.0
722,54,1059.5,874.0,16.86999999999989,38.35000000000002,1,9,1.0
722,55,1408.71,879.63,18.409999999999854,44.97000000000003,1,9,1.0
722,57,722.86,704.3,103.76999999999998,29.57000000000005,1,10,1.0
722,56,1949.6,947.69,79.42000000000007,81.88999999999987,1,10,1.0
722,2,1126.61,927.09,133.72000000000003,114.26999999999987,1,3,1.0
723,16,1253.28,943.44,58.32999999999993,51.3599999999999,1,3,1.0
723,47,1431.57,949.59,34.600000000000136,87.11000000000001,1,8,1.0
723,51,1045.66,940.35,97.32999999999993,62.17999999999995,1,3,1.0
723,52,966.88,932.29,102.43999999999994,60.31000000000006,1,3,1.0
723,54,1056.94,874.0,16.87999999999988,38.35000000000002,1,9,1.0
723,55,1409.79,879.74,18.410000000000082,45.539999999999964,1,9,1.0
723,57,714.49,700.44,105.61000000000001,29.579999999999927,1,10,1.0
723,56,1969.19,947.93,80.82000000000016,85.20000000000016,1,10,1.0
723,2,1126.36,927.09,134.46000000000004,114.86000000000001,1,3,1.0
724,16,1253.33,943.44,58.330000000000155,51.3599999999999,1,3,1.0
724,47,1432.64,949.59,34.59999999999991,87.11000000000001,1,8,1.0
724,51,1045.12,940.69,98.06000000000017,62.569999999999936,1,3,1.0
724,52,963.76,932.29,105.16000000000008,60.31000000000006,1,3,1.0
724,54,1054.39,874.0,16.86999999999989,38.35000000000002,1,9,1.0
724,55,1410.87,879.85,18.410000000000082,46.110000000000014,1,9,1.0
724,58,1043.14,871.96,14.309999999999945,17.379999999999995,1,10,1.0
724,57,705.11,695.06,107.53999999999996,31.430000000000064,1,10,1.0
724,56,1992.86,948.18,82.23000000000025,88.50000000000011,1,10,1.0
724,2,1126.11,927.09,135.20000000000005,115.44999999999993,1,3,1.0
725,16,1253.38,943.44,58.33999999999992,51.3599999999999,1,3,1.0
725,47,1433.71,949.59,34.6099999999999,87.11000000000001,1,8,1.0
725,51,1044.59,941.04,98.77999999999997,62.950000000000045,1,3,1.0
725,52,960.64,932.29,107.88999999999999,60.31000000000006,1,3,1.0
725,54,1053.88,873.86,16.86999999999989,38.34000000000003,1,9,1.0
725,55,1411.95,879.97,18.409999999999854,46.65999999999997,1,9,1.0
725,58,1042.7,871.88,14.319999999999936,17.389999999999986,1,10,1.0
725,57,695.73,689.67,109.47000000000003,33.29000000000008,1,10,1.0
725,56,2015.7,948.42,83.6400000000001,91.80000000000007,1,10,1.0
725,2,1125.86,927.09,135.93000000000006,116.02999999999986,1,3,1.0
726,16,1253.43,943.44,58.33999999999992,51.3599999999999,1,3,1.0
726,47,1434.79,949.59,34.600000000000136,87.11000000000001,1,8,1.0
726,51,1044.05,941.38,99.51999999999998,63.34000000000003,1,3,1.0
726,52,957.52,932.29,110.61000000000013,60.31000000000006,1,3,1.0
726,54,1053.36,873.71,16.88000000000011,38.34999999999991,1,9,1.0
726,55,1413.03,880.08,18.410000000000082,47.229999999999905,1,9,1.0
726,58,1042.26,871.81,14.319999999999936,17.38000000000011,1,10,1.0
726,57,686.34,684.29,111.40999999999997,35.139999999999986,1,10,1.0
726,56,2038.54,948.67,85.03999999999996,95.10000000000002,1,10,1.0
726,2,1125.61,927.09,136.67000000000007,116.62,1,3,1.0
727,16,1253.49,943.44,58.32999999999993,51.3599999999999,1,3,1.0
727,47,1435.86,949.59,34.61000000000013,87.11000000000001,1,8,1.0
727,51,1043.51,941.73,100.25,63.72000000000003,1,3,1.0
727,52,954.4,932.29,113.33000000000004,60.31000000000006,1,3,1.0
727,54,1052.85,873.56,16.88000000000011,38.35000000000002,1,9,1.0
727,55,1414.11,880.2,18.410000000000082,47.789999999999964,1,9,1.0
727,58,1041.82,871.74,14.320000000000164,17.379999999999995,1,10,1.0
727,57,676.96,678.91,113.33999999999992,36.99000000000001,1,10,1.0
727,56,2061.38,948.91,86.44999999999982,98.40999999999997,1,10,1.0
727,2,1125.36,927.09,137.41000000000008,117.20999999999992,1,3,1.0
728,16,1253.54,943.44,58.32999999999993,51.3599999999999,1,3,1.0
728,47,1436.93,949.59,34.6099999999999,87.11000000000001,1,8,1.0
728,51,1042.97,942.07,100.98000000000002,64.1099999999999,1,3,1.0
728,52,951.28,932.29,116.04999999999995,60.31000000000006,1,3,1.0
728,54,1052.34,873.42,16.87000000000012,38.34000000000003,1,9,1.0
728,55,1415.19,880.31,18.409999999999854,48.360000000000014,1,9,1.0
728,58,1041.39,871.66,14.309999999999945,17.389999999999986,1,10,1.0
728,57,665.53,673.5,115.64999999999998,37.0,1,10,1.0
728,56,2088.35,949.65,87.86999999999989,101.70999999999992,1,10,1.0
728,2,1125.11,927.09,138.1400000000001,117.79000000000008,1,3,1.0
729,16,1253.59,943.44,58.340000000000146,51.3599999999999,1,3,1.0
729,47,1438.01,949.59,34.59999999999991,87.11000000000001,1,8,1.0
729,51,1042.43,942.42,101.71000000000004,64.49000000000001,1,3,1.0
729,52,948.16,932.29,118.7700000000001,60.31000000000006,1,3,1.0
729,54,1051.83,873.27,16.87000000000012,38.35000000000002,1,9,1.0
729,55,1416.27,880.42,18.410000000000082,48.92000000000007,1,9,1.0
729,58,1040.95,871.59,14.309999999999945,17.389999999999986,1,10,1.0
729,57,654.1,668.1,117.95999999999992,36.99000000000001,1,10,1.0
729,56,2115.33,950.38,89.26999999999998,105.0200000000001,1,10,1.0
729,2,1124.86,927.09,138.8800000000001,118.38,1,3,1.0
730,16,1253.65,943.44,58.32999999999993,51.3599999999999,1,3,1.0
730,47,1439.08,949.59,34.61000000000013,87.11000000000001,1,8,1.0
730,51,1041.9,942.77,102.42999999999984,64.87,1,3,1.0
730,52,945.04,932.29,121.5,60.31000000000006,1,3,1.0
730,54,1051.32,873.12,16.87000000000012,38.35000000000002,1,9,1.0
730,55,1417.35,880.54,18.410000000000082,49.48000000000002,1,9,1.0
730,58,1040.51,871.52,14.309999999999945,17.379999999999995,1,10,1.0
730,57,642.67,662.69,120.2700000000001,37.0,1,10,1.0
730,56,2138.1,950.74,99.09999999999991,107.8599999999999,1,10,1.0
730,2,1124.61,927.09,139.62000000000012,118.96999999999991,1,3,1.0
731,16,1253.7,943.44,58.32999999999993,51.3599999999999,1,3,1.0
731,47,1440.16,949.59,34.59999999999991,87.11000000000001,1,8,1.0
731,51,1041.36,943.11,103.16000000000008,65.25999999999999,1,3,1.0
731,52,941.92,932.29,124.22000000000014,60.31000000000006,1,3,1.0
731,54,1050.81,872.98,16.87000000000012,38.35000000000002,1,9,1.0
731,55,1418.43,880.65,18.409999999999854,50.05000000000007,1,9,1.0
731,58,1040.07,871.45,14.320000000000164,17.379999999999995,1,10,1.0
731,57,631.24,657.29,122.58000000000004,36.99000000000001,1,10,1.0
731,56,2160.86,951.09,108.94000000000005,110.70999999999992,1,10,1.0
731,2,1124.36,927.09,140.35000000000014,119.55000000000007,1,3,1.0
732,16,1253.96,943.62,58.11999999999989,51.299999999999955,1,3,1.0
732,47,1440.85,949.96,35.05000000000018,87.30999999999995,1,8,1.0
732,51,1040.82,943.46,103.8900000000001,65.63999999999999,1,3,1.0
732,52,939.02,932.48,124.72000000000003,61.379999999999995,1,3,1.0
732,54,1049.46,872.64,16.86999999999989,38.81000000000006,1,9,1.0
732,55,1419.82,879.96,18.40000000000009,51.42999999999995,1,9,1.0
732,58,1038.5,871.11,14.579999999999927,17.549999999999955,1,10,1.0
732,57,619.81,651.88,124.8900000000001,37.0,1,10,1.0
732,56,2189.51,951.44,119.53999999999996,114.80999999999995,1,10,1.0
732,2,1124.11,927.09,141.09000000000015,120.13999999999999,1,3,1.0
733,16,1254.22,943.79,57.91000000000008,51.25,1,3,1.0
733,47,1441.55,950.34,35.48000000000002,87.49999999999989,1,8,1.0
733,51,1040.28,943.8,104.62000000000012,66.03000000000009,1,3,1.0
733,52,936.11,932.66,125.2399999999999,62.47000000000003,1,3,1.0
733,54,1048.11,872.3,16.87000000000012,39.25999999999999,1,9,1.0
733,55,1421.21,879.26,18.399999999999864,52.83000000000004,1,9,1.0
733,58,1036.93,870.77,14.839999999999918,17.710000000000036,1,10,1.0
733,57,606.7,645.86,127.89999999999998,36.99000000000001,1,10,1.0
733,56,2218.16,951.8,130.14000000000033,118.90000000000009,1,10,1.0
733,2,1123.86,927.09,141.83000000000015,120.71999999999991,1,3,1.0
734,16,1254.48,943.97,57.690000000000055,51.18999999999994,1,3,1.0
734,47,1442.24,950.72,35.930000000000064,87.69000000000005,1,8,1.0
734,51,1039.75,944.15,105.34999999999991,66.42000000000007,1,3,1.0
734,52,933.21,932.85,125.74000000000001,63.539999999999964,1,3,1.0
734,54,1046.76,871.97,16.87000000000012,39.70999999999992,1,9,1.0
734,55,1422.59,878.57,18.410000000000082,54.20999999999992,1,9,1.0
734,58,1035.36,870.43,15.110000000000127,17.879999999999995,1,10,1.0
734,57,593.59,639.83,130.90999999999997,37.0,1,10,1.0
734,56,2256.44,949.5,130.13999999999987,118.90000000000009,1,10,1.0
734,2,1123.62,927.09,142.56000000000017,121.31000000000006,1,3,1.0
735,16,1254.74,944.14,57.48000000000002,51.14999999999998,1,3,1.0
735,47,1442.94,951.1,36.3599999999999,87.88999999999999,1,8,1.0
735,51,1039.21,944.49,106.07999999999993,66.80999999999995,1,3,1.0
735,52,930.31,933.04,126.25,64.62,1,3,1.0
735,54,1045.41,871.63,16.86999999999989,40.16999999999996,1,9,1.0
735,55,1423.98,877.87,18.410000000000082,55.60000000000002,1,9,1.0
735,58,1033.79,870.09,15.370000000000118,18.049999999999955,1,10,1.0
735,57,580.47,633.81,133.92999999999995,36.99000000000001,1,10,1.0
735,56,2293.95,951.03,130.14000000000033,118.91000000000008,1,10,1.0
735,2,1123.37,927.09,143.2900000000002,121.89999999999998,1,3,1.0
736,16,1255.0,944.32,57.26999999999998,51.08999999999992,1,3,1.0
736,47,1443.64,951.48,36.799999999999955,88.07999999999993,1,8,1.0
736,51,1038.67,944.84,106.80999999999995,67.18999999999994,1,3,1.0
736,52,927.41,933.22,126.75000000000011,65.69999999999993,1,3,1.0
736,54,1044.06,871.29,16.87000000000012,40.629999999999995,1,9,1.0
736,55,1425.37,877.18,18.410000000000082,56.98000000000002,1,9,1.0
736,58,1032.22,869.76,15.639999999999873,18.200000000000045,1,10,1.0
736,57,564.92,626.37,137.26,38.58000000000004,1,10,1.0
736,56,2343.7,951.03,130.14000000000033,130.37000000000012,1,10,1.0
736,2,1123.12,927.09,144.0300000000002,122.4799999999999,1,3,1.0
737,16,1255.26,944.49,57.059999999999945,51.039999999999964,1,3,1.0
737,47,1444.33,951.86,37.25,88.2700000000001,1,8,1.0
737,51,1038.13,945.19,107.53999999999996,67.56999999999994,1,3,1.0
737,52,924.5,933.41,127.25999999999999,66.78000000000009,1,3,1.0
737,54,1042.7,870.95,16.87999999999988,41.08999999999992,1,9,1.0
737,55,1426.76,876.49,18.410000000000082,58.370000000000005,1,9,1.0
737,58,1030.65,869.42,15.899999999999864,18.370000000000005,1,10,1.0
737,57,549.37,618.92,140.58000000000004,40.180000000000064,1,10,1.0
737,56,2392.19,953.07,111.03999999999996,130.37,1,10,1.0
737,2,1122.87,927.09,144.7700000000002,123.07000000000005,1,3,1.0
738,16,1255.52,944.67,56.83999999999992,50.98000000000002,1,3,1.0
738,47,1445.03,952.24,37.680000000000064,88.46000000000004,1,8,1.0
738,51,1037.59,945.53,108.26999999999998,67.96000000000004,1,3,1.0
738,52,921.6,933.59,127.76999999999987,67.86000000000001,1,3,1.0
738,54,1041.35,870.62,16.88000000000011,41.539999999999964,1,9,1.0
738,55,1428.15,875.79,18.409999999999854,59.75999999999999,1,9,1.0
738,58,1029.09,869.08,16.15000000000009,18.529999999999973,1,10,1.0
738,57,533.82,611.48,143.90999999999997,41.76999999999998,1,10,1.0
738,56,2440.67,955.11,91.94000000000005,130.37,1,10,1.0
738,2,1122.62,927.09,145.5,123.65999999999997,1,3,1.0
739,16,1255.78,944.85,56.63000000000011,50.91999999999996,1,3,1.0
739,47,1445.72,952.61,38.12999999999988,88.65999999999997,1,8,1.0
739,51,1037.06,945.88,108.99000000000001,68.34000000000003,1,3,1.0
739,52,918.7,933.78,128.26999999999998,68.93000000000006,1,3,1.0
739,54,1040.0,870.28,16.88000000000011,42.0,1,9,1.0
739,55,1429.54,875.1,18.40000000000009,61.139999999999986,1,9,1.0
739,58,1027.52,868.74,16.420000000000073,18.700000000000045,1,10,1.0
739,57,518.27,604.04,147.23000000000002,43.360000000000014,1,10,1.0
739,56,2489.15,957.16,72.84999999999991,130.36,1,10,1.0
739,2,1122.37,927.09,146.24,124.2399999999999,1,3,1.0
740,16,1256.04,945.02,56.42000000000007,50.879999999999995,1,3,1.0
740,47,1446.42,952.99,38.559999999999945,88.84999999999991,1,8,1.0
740,51,1036.52,946.22,109.72000000000003,68.73000000000002,1,3,1.0
740,52,915.79,933.97,128.78999999999996,70.00999999999999,1,3,1.0
740,54,1038.65,869.94,16.87999999999988,42.45999999999992,1,9,1.0
740,55,1430.93,874.4,18.399999999999864,62.54000000000008,1,9,1.0
740,58,1025.95,868.41,16.680000000000064,18.860000000000014,1,10,1.0
740,57,498.6,593.94,154.69999999999993,43.3599999999999,1,10,1.0
740,2,1122.12,927.09,146.98000000000002,124.83000000000004,1,3,1.0
741,16,1256.3,945.2,56.210000000000036,50.819999999999936,1,3,1.0
741,47,1447.12,953.37,39.0,89.04000000000008,1,8,1.0
741,51,1035.98,946.57,110.45000000000005,69.1099999999999,1,3,1.0
741,52,912.89,934.15,129.29000000000008,71.09000000000003,1,3,1.0
741,54,1037.3,869.6,16.88000000000011,42.91999999999996,1,9,1.0
741,55,1432.31,873.71,18.410000000000082,63.91999999999996,1,9,1.0
741,58,1024.38,868.07,16.939999999999827,19.019999999999982,1,10,1.0
741,57,478.67,585.03,158.00999999999993,43.370000000000005,1,10,1.0
741,2,1121.87,927.09,147.71000000000004,125.41999999999996,1,3,1.0
742,16,1256.56,945.37,55.99000000000001,50.76999999999998,1,3,1.0
742,47,1447.81,953.75,39.450000000000045,89.24000000000001,1,8,1.0
742,51,1035.44,946.91,111.19000000000005,69.5,1,3,1.0
742,52,909.99,934.34,129.79999999999995,72.16999999999996,1,3,1.0
742,54,1035.95,869.27,16.87999999999988,43.370000000000005,1,9,1.0
742,55,1433.7,873.01,18.409999999999854,65.31000000000006,1,9,1.0
742,58,1022.81,867.73,17.210000000000036,19.18999999999994,1,10,1.0
742,57,458.73,576.13,161.31999999999994,43.360000000000014,1,10,1.0
742,2,1121.62,927.09,148.45000000000005,125.99999999999989,1,3,1.0
743,16,1256.82,945.55,55.77999999999997,50.710000000000036,1,3,1.0
743,47,1448.51,954.13,39.88000000000011,89.42999999999995,1,8,1.0
743,51,1034.9,947.26,111.91999999999985,69.88,1,3,1.0
743,52,907.09,934.53,130.30000000000007,73.24000000000001,1,3,1.0
743,54,1034.6,868.93,16.88000000000011,43.83000000000004,1,9,1.0
743,55,1435.09,872.32,18.410000000000082,66.68999999999994,1,9,1.0
743,58,1021.24,867.39,17.470000000000027,19.360000000000014,1,10,1.0
743,57,438.8,567.22,164.62999999999994,43.370000000000005,1,10,1.0
743,2,1121.37,927.09,149.19000000000005,126.59000000000003,1,3,1.0
744,16,1257.08,945.72,55.570000000000164,50.66999999999996,1,3,1.0
744,47,1449.2,954.51,40.32999999999993,89.62000000000012,1,8,1.0
744,51,1034.37,947.61,112.6400000000001,70.25999999999999,1,3,1.0
744,52,904.18,934.71,130.82000000000005,74.32999999999993,1,3,1.0
744,54,1033.25,868.59,16.88000000000011,44.289999999999964,1,9,1.0
744,55,1436.48,871.63,18.410000000000082,68.08000000000004,1,9,1.0
744,58,1019.67,867.06,17.740000000000123,19.510000000000105,1,10,1.0
744,57,418.86,558.32,167.93999999999994,43.3599999999999,1,10,1.0
744,2,1121.12,927.09,149.92000000000007,127.17999999999995,1,3,1.0
745,16,1257.34,945.9,55.350000000000136,50.610000000000014,1,3,1.0
745,47,1449.9,954.89,40.75999999999999,89.81000000000006,1,8,1.0
745,51,1033.83,947.95,113.37000000000012,70.64999999999998,1,3,1.0
745,52,901.28,934.9,131.31999999999994,75.39999999999998,1,3,1.0
745,54,1031.9,868.25,16.87999999999988,44.75,1,9,1.0
745,55,1437.87,870.93,18.40000000000009,69.47000000000003,1,9,1.0
745,58,1018.1,866.72,17.999999999999886,19.67999999999995,1,10,1.0
745,57,393.48,545.03,174.44999999999993,47.48000000000002,1,10,1.0
745,2,1120.87,927.09,150.66000000000008,127.75999999999988,1,3,1.0
746,16,1257.59,946.07,55.15000000000009,50.559999999999945,1,3,1.0
746,47,1450.92,954.96,40.76999999999998,90.44000000000005,1,8,1.0
746,51,1032.57,948.06,113.37000000000012,70.65000000000009,1,3,1.0
746,52,898.33,935.01,131.32000000000005,75.91999999999996,1,3,1.0
746,54,1029.96,867.64,16.87999999999988,44.889999999999986,1,9,1.0
746,55,1439.32,870.53,18.410000000000082,69.47000000000003,1,9,1.0
746,58,1015.98,866.03,18.170000000000073,19.82000000000005,1,10,1.0
746,57,368.1,531.74,180.94999999999993,51.60000000000002,1,10,1.0
746,2,1120.62,927.09,151.4000000000001,128.35000000000002,1,3,1.0
747,16,1257.85,946.25,54.940000000000055,50.5,1,3,1.0
747,47,1451.95,955.03,40.75999999999999,91.07999999999993,1,8,1.0
747,51,1031.3,948.16,113.38000000000011,70.64999999999998,1,3,1.0
747,52,895.39,935.11,131.32000000000005,76.44999999999993,1,3,1.0
747,54,1028.02,867.03,16.88000000000011,45.02999999999997,1,9,1.0
747,55,1440.78,870.13,18.410000000000082,69.46000000000004,1,9,1.0
747,58,1013.85,865.35,18.350000000000023,19.93999999999994,1,10,1.0
747,57,342.71,518.45,187.46999999999997,55.719999999999914,1,10,1.0
747,2,1120.37,927.09,152.1300000000001,128.92999999999995,1,3,1.0
748,16,1258.11,946.42,54.73000000000002,50.460000000000036,1,3,1.0
748,47,1452.97,955.11,40.75999999999999,91.69999999999993,1,8,1.0
748,51,1030.04,948.27,113.37000000000012,70.64999999999998,1,3,1.0
748,52,892.44,935.22,131.31999999999994,76.97000000000003,1,3,1.0
748,54,1026.09,866.42,16.87000000000012,45.17000000000007,1,9,1.0
748,55,1442.24,869.72,18.40000000000009,69.47000000000003,1,9,1.0
748,58,1011.73,864.66,18.519999999999982,20.08000000000004,1,10,1.0
748,57,317.33,505.16,193.97000000000003,59.839999999999975,1,10,1.0
748,2,1120.12,927.09,152.87000000000012,129.51999999999987,1,3,1.0
749,16,1258.37,946.6,54.51000000000022,50.39999999999998,1,3,1.0
749,47,1453.99,955.18,40.75999999999999,92.34000000000003,1,8,1.0
749,51,1028.78,948.37,113.37000000000012,70.64999999999998,1,3,1.0
749,52,889.5,935.32,131.32000000000005,77.4899999999999,1,3,1.0
749,54,1024.15,865.81,16.86999999999989,45.31000000000006,1,9,1.0
749,55,1443.69,869.32,18.409999999999854,69.46999999999991,1,9,1.0
749,58,1009.61,863.98,18.699999999999932,20.199999999999932,1,10,1.0
749,57,287.56,491.6,200.33999999999997,59.84000000000003,1,10,1.0
749,2,1119.87,927.09,153.61000000000013,130.11,1,3,1.0
750,16,1258.63,946.78,54.299999999999955,50.34000000000003,1,3,1.0
750,47,1455.01,955.25,40.76999999999998,92.97000000000003,1,8,1.0
750,51,1027.52,948.48,113.37000000000012,70.64999999999998,1,3,1.0
750,52,886.55,935.43,131.32000000000005,78.0100000000001,1,3,1.0
750,54,1022.21,865.2,16.86999999999989,45.44999999999993,1,9,1.0
750,55,1445.15,868.92,18.409999999999854,69.47000000000003,1,9,1.0
750,58,1007.48,863.29,18.87999999999988,20.340000000000032,1,10,1.0
750,57,257.79,478.05,206.70999999999998,59.839999999999975,1,10,1.0
750,2,1119.62,927.09,154.34000000000015,130.68999999999994,1,3,1.0
751,16,1258.89,946.95,54.08999999999992,50.289999999999964,1,3,1.0
751,47,1456.04,955.32,40.75999999999999,93.61000000000001,1,8,1.0
751,51,1026.26,948.58,113.37000000000012,70.64999999999998,1,3,1.0
751,52,883.61,935.53,131.31999999999994,78.54000000000008,1,3,1.0
751,54,1020.27,864.59,16.87000000000012,45.58999999999992,1,9,1.0
751,55,1446.61,868.51,18.410000000000082,69.47000000000003,1,9,1.0
751,58,1005.36,862.61,19.050000000000068,20.470000000000027,1,10,1.0
751,57,220.44,461.3,215.49,61.44,1,10,1.0
751,2,1119.38,927.09,155.06999999999994,131.27999999999986,1,3,1.0
752,16,1259.15,947.13,53.87999999999988,50.24000000000001,1,3,1.0
752,47,1457.06,955.4,40.75999999999999,94.23000000000013,1,8,1.0
752,51,1024.99,948.69,113.37999999999988,70.64999999999998,1,3,1.0
752,52,880.66,935.64,131.32000000000005,79.06000000000006,1,3,1.0
752,54,1018.33,863.98,16.870000000000005,45.74000000000001,1,9,1.0
752,55,1448.07,868.11,18.40000000000009,69.47000000000003,1,9,1.0
752,58,1003.24,861.92,19.220000000000027,20.600000000000023,1,10,1.0
752,57,183.1,444.56,224.25000000000003,63.02999999999997,1,10,1.0
752,2,1119.13,927.09,155.80999999999995,131.87,1,3,1.0
753,16,1259.41,947.3,53.659999999999854,50.190000000000055,1,3,1.0
753,47,1458.08,955.47,40.75999999999999,94.86999999999989,1,8,1.0
753,51,1023.83,948.79,113.53999999999985,70.88,1,3,1.0
753,52,875.22,935.78,136.02999999999997,81.42000000000007,1,3,1.0
753,54,1016.39,863.36,16.870000000000005,45.889999999999986,1,9,1.0
753,55,1449.52,867.71,18.410000000000082,69.46999999999991,1,9,1.0
753,58,1001.11,861.24,19.399999999999977,20.730000000000018,1,10,1.0
753,57,145.75,427.81,233.02999999999997,64.63999999999999,1,10,1.0
753,2,1118.88,927.09,156.54999999999995,132.44999999999993,1,3,1.0
754,16,1259.67,947.48,53.44999999999982,50.129999999999995,1,3,1.0
754,47,1459.1,955.54,40.76999999999998,95.5,1,8,1.0
754,51,1022.67,948.89,113.71000000000015,71.11000000000001,1,3,1.0
754,52,869.77,935.93,140.74,83.7700000000001,1,3,1.0
754,54,1014.45,862.75,16.87999999999988,46.02999999999997,1,9,1.0
754,55,1450.98,867.31,18.410000000000082,69.46000000000004,1,9,1.0
754,58,998.99,860.55,19.569999999999936,20.870000000000005,1,10,1.0
754,57,108.41,411.07,241.79,66.23000000000002,1,10,1.0
754,2,1118.63,927.09,157.27999999999997,133.04000000000008,1,3,1.0
755,16,1259.93,947.65,53.24000000000001,50.08000000000004,1,3,1.0
755,47,1460.13,955.62,40.75999999999999,96.13,1,8,1.0
755,51,1021.52,948.99,113.87000000000012,71.34000000000003,1,3,1.0
755,52,864.32,936.08,145.44999999999993,86.12,1,3,1.0
755,54,1012.51,862.14,16.88000000000011,46.16999999999996,1,9,1.0
755,55,1452.44,866.9,18.399999999999864,69.47000000000003,1,9,1.0
755,58,996.87,859.87,19.74000000000001,20.99000000000001,1,10,1.0
755,57,81.31,389.06,231.57,68.54000000000002,1,10,1.0
755,2,1118.38,927.09,158.01999999999998,133.63,1,3,1.0
756,16,1260.19,947.83,53.01999999999998,50.02999999999997,1,3,1.0
756,47,1461.15,955.69,40.75999999999999,96.75999999999999,1,8,1.0
756,51,1020.36,949.09,114.04000000000008,71.56999999999994,1,3,1.0
756,52,858.87,936.23,150.16999999999996,88.47000000000003,1,3,1.0
756,54,1010.57,861.53,16.879999999999995,46.31000000000006,1,9,1.0
756,55,1453.89,866.5,18.409999999999854,69.47000000000003,1,9,1.0
756,58,994.74,859.18,19.91999999999996,21.129999999999995,1,10,1.0
756,57,54.2,367.05,221.36,70.84999999999997,1,10,1.0
756,2,1118.13,927.09,158.76,134.20999999999992,1,3,1.0
757,16,1260.45,948.0,52.809999999999945,49.98000000000002,1,3,1.0
757,47,1462.17,955.76,40.75999999999999,97.40000000000009,1,8,1.0
757,51,1019.2,949.18,114.20000000000005,71.81000000000006,1,3,1.0
757,52,853.42,936.37,154.88,90.83000000000004,1,3,1.0
757,54,1008.64,860.92,16.870000000000005,46.450000000000045,1,9,1.0
757,55,1455.35,866.1,18.410000000000082,69.45999999999992,1,9,1.0
757,58,992.62,858.5,20.100000000000023,21.25,1,10,1.0
757,57,27.1,345.04,211.14000000000001,73.15999999999997,1,10,1.0
757,2,1117.88,927.09,159.48999999999978,134.80000000000007,1,3,1.0
758,16,1260.71,948.18,52.59999999999991,49.92000000000007,1,3,1.0
758,47,1463.19,955.84,40.76999999999998,98.01999999999987,1,8,1.0
758,51,1018.04,949.28,114.37000000000012,72.04000000000008,1,3,1.0
758,52,848.08,936.06,154.88,90.83000000000015,1,3,1.0
758,54,1006.7,860.31,16.870000000000005,46.59000000000003,1,9,1.0
758,55,1456.81,865.69,18.40000000000009,69.46999999999991,1,9,1.0
758,58,990.5,857.81,20.269999999999982,21.3900000000001,1,10,1.0
758,57,0.0,323.03,200.93,75.47000000000003,1,10,1.0
758,2,1117.63,927.09,160.2299999999998,135.39,1,3,1.0
759,16,1260.97,948.36,52.38999999999987,49.860000000000014,1,3,1.0
759,47,1464.22,955.91,40.75999999999999,98.65999999999997,1,8,1.0
759,51,1016.88,949.38,114.54000000000008,72.26999999999998,1,3,1.0
759,52,842.74,935.74,154.88,90.82999999999993,1,3,1.0
759,54,1004.76,859.7,16.870000000000005,46.729999999999905,1,9,1.0
759,55,1458.26,865.29,18.410000000000082,69.47000000000003,1,9,1.0
759,58,988.37,857.13,20.450000000000045,21.519999999999982,1,10,1.0
759,57,0.0,296.24,153.46,75.46999999999997,1,10,1.0
759,2,1117.38,927.09,160.9699999999998,135.9699999999999,1,3,1.0
760,16,1261.23,948.53,52.17000000000007,49.82000000000005,1,3,1.0
760,47,1465.24,955.98,40.75999999999999,99.28999999999996,1,8,1.0
760,51,1015.72,949.48,114.70000000000005,72.5,1,3,1.0
760,52,837.4,935.43,154.88,90.83000000000004,1,3,1.0
760,54,1002.82,859.09,16.870000000000005,46.870000000000005,1,9,1.0
760,55,1459.72,864.89,18.410000000000082,69.47000000000003,1,9,1.0
760,58,986.25,856.44,20.620000000000005,21.649999999999977,1,10,1.0
760,57,0.0,267.91,98.35,75.46999999999997,1,10,1.0
760,2,1117.13,927.09,161.69999999999982,136.56000000000006,1,3,1.0
761,16,1261.49,948.71,51.960000000000036,49.75999999999999,1,3,1.0
761,47,1466.26,956.05,40.75999999999999,99.93000000000006,1,8,1.0
761,51,1014.56,949.58,114.87000000000012,72.7299999999999,1,3,1.0
761,52,832.07,935.12,154.87,90.82000000000005,1,3,1.0
761,54,1000.88,858.48,16.870000000000005,47.00999999999999,1,9,1.0
761,55,1461.18,864.48,18.399999999999864,69.47000000000003,1,9,1.0
761,58,984.13,855.76,20.789999999999964,21.779999999999973,1,10,1.0
761,2,1116.88,927.09,162.43999999999983,137.14,1,3,1.0
762,16,1261.75,948.88,51.75,49.710000000000036,1,3,1.0
762,47,1467.28,956.13,40.76999999999998,100.55000000000007,1,8,1.0
762,51,1013.4,949.68,115.04000000000008,72.96000000000004,1,3,1.0
762,52,826.73,934.8,154.87,90.83000000000015,1,3,1.0
762,54,998.94,857.86,16.86999999999989,47.15999999999997,1,9,1.0
762,55,1462.64,864.08,18.399999999999864,69.46999999999991,1,9,1.0
762,58,982.0,855.07,20.970000000000027,21.909999999999968,1,10,1.0
762,2,1116.63,927.09,163.17999999999984,137.7299999999999,1,3,1.0
763,16,1262.01,949.06,51.539999999999964,49.65000000000009,1,3,1.0
763,47,1468.31,956.2,40.75999999999999,101.19000000000005,1,8,1.0
763,51,1012.24,949.78,115.21000000000004,73.19000000000005,1,3,1.0
763,52,821.39,934.49,154.88,90.81999999999994,1,3,1.0
763,54,997.0,857.25,16.879999999999995,47.299999999999955,1,9,1.0
763,55,1464.09,863.68,18.410000000000082,69.47000000000003,1,9,1.0
763,58,979.88,854.39,21.139999999999986,22.039999999999964,1,10,1.0
763,2,1116.38,927.09,163.90999999999985,138.32000000000005,1,3,1.0
764,16,1262.27,949.23,51.319999999999936,49.610000000000014,1,3,1.0
764,47,1469.33,956.27,40.75999999999999,101.81999999999994,1,8,1.0
764,51,1011.08,949.88,115.37,73.41999999999996,1,3,1.0
764,52,816.05,934.17,154.88,90.83000000000004,1,3,1.0
764,54,995.06,856.64,16.88000000000011,47.440000000000055,1,9,1.0
764,55,1465.55,863.28,18.410000000000082,69.46000000000004,1,9,1.0
764,58,977.76,853.7,21.31000000000006,22.17999999999995,1,10,1.0
764,2,1116.13,927.09,164.64999999999986,138.89999999999998,1,3,1.0
765,16,1262.53,949.41,51.11000000000013,49.55000000000007,1,3,1.0
765,47,1470.35,956.35,40.76999999999998,102.44999999999993,1,8,1.0
765,51,1009.92,949.98,115.54000000000008,73.64999999999998,1,3,1.0
765,52,809.47,933.91,157.39,92.63999999999999,1,3,1.0
765,54,993.13,856.03,16.870000000000005,47.59000000000003,1,9,1.0
765,55,1467.01,862.87,18.40000000000009,69.47000000000003,1,9,1.0
765,58,975.63,853.02,21.5,22.300000000000068,1,10,1.0
765,2,1115.88,927.09,165.38999999999987,139.4899999999999,1,3,1.0
766,16,1262.79,949.58,50.90000000000009,49.5,1,3,1.0
766,47,1471.38,956.42,40.75999999999999,103.08000000000004,1,8,1.0
766,51,1008.76,950.08,115.71000000000004,73.88,1,3,1.0
766,52,802.88,933.64,159.90999999999997,94.44999999999993,1,3,1.0
766,54,991.19,855.42,16.86999999999989,47.73000000000002,1,9,1.0
766,55,1468.46,862.47,18.409999999999854,69.47000000000003,1,9,1.0
766,58,973.51,852.33,21.66999999999996,22.43999999999994,1,10,1.0
766,2,1115.63,927.09,166.1199999999999,140.08000000000004,1,3,1.0
767,16,1263.05,949.76,50.680000000000064,49.440000000000055,1,3,1.0
767,47,1473.14,956.71,40.76999999999998,103.07999999999993,1,8,1.0
767,51,1007.6,950.18,115.88,74.11000000000001,1,3,1.0
767,52,796.3,933.38,162.43000000000006,96.2600000000001,1,3,1.0
767,54,989.25,854.81,16.870000000000005,47.870000000000005,1,9,1.0
767,55,1469.92,862.07,18.409999999999854,69.46999999999991,1,9,1.0
767,58,971.39,851.65,21.840000000000032,22.57000000000005,1,10,1.0
767,2,1115.38,927.09,166.8599999999999,140.65999999999997,1,3,1.0
768,16,1263.31,949.93,50.47000000000003,49.40000000000009,1,3,1.0
768,47,1474.91,957.01,40.75999999999999,103.07999999999993,1,8,1.0
768,51,1006.44,950.28,116.03999999999996,74.33999999999992,1,3,1.0
768,52,789.72,933.11,164.93999999999994,98.07000000000005,1,3,1.0
768,54,987.31,854.2,16.870000000000005,48.00999999999999,1,9,1.0
768,55,1471.38,861.66,18.399999999999864,69.47000000000003,1,9,1.0
768,58,969.26,850.96,22.019999999999982,22.699999999999932,1,10,1.0
768,59,1508.16,843.63,19.429999999999836,21.480000000000018,1,10,1.0
768,2,1115.14,927.09,167.58999999999992,141.2499999999999,1,3,1.0
769,16,1263.57,950.11,50.25999999999999,49.34000000000003,1,3,1.0
769,47,1476.68,957.3,40.75999999999999,103.08000000000015,1,8,1.0
769,51,1005.28,950.38,116.21000000000004,74.57000000000005,1,3,1.0
769,52,783.14,932.85,167.46000000000004,99.88,1,3,1.0
769,54,985.37,853.59,16.870000000000005,48.14999999999998,1,9,1.0
769,55,1473.65,861.04,18.399999999999864,69.47000000000003,1,9,1.0
769,58,967.14,850.28,22.190000000000055,22.83000000000004,1,10,1.0
769,59,1510.22,842.61,19.720000000000027,21.730000000000018,1,10,1.0
769,2,1114.89,927.09,168.32999999999993,141.84000000000003,1,3,1.0
770,16,1263.83,950.29,50.05000000000018,49.280000000000086,1,3,1.0
770,47,1478.44,957.6,40.76999999999998,103.08000000000004,1,8,1.0
770,51,1004.12,950.48,116.38,74.79999999999995,1,3,1.0
770,52,776.56,932.58,169.97000000000003,101.68999999999994,1,3,1.0
770,54,983.43,852.97,16.870000000000005,48.299999999999955,1,9,1.0
770,55,1475.92,860.42,18.399999999999864,69.47000000000003,1,9,1.0
770,58,965.02,849.6,22.360000000000014,22.949999999999932,1,10,1.0
770,59,1512.28,841.58,20.019999999999982,22.0,1,10,1.0
770,2,1114.64,927.09,169.05999999999995,142.41999999999996,1,3,1.0
771,16,1264.09,950.46,49.830000000000155,49.23000000000002,1,3,1.0
771,47,1480.21,957.89,40.75999999999999,103.08000000000004,1,8,1.0
771,51,1002.96,950.58,116.53999999999996,75.02999999999986,1,3,1.0
771,52,769.97,932.32,172.49,103.49999999999989,1,3,1.0
771,54,981.49,852.36,16.870000000000005,48.43999999999994,1,9,1.0
771,55,1478.19,859.8,18.399999999999864,69.47000000000003,1,9,1.0
771,58,962.89,848.91,22.539999999999964,23.090000000000032,1,10,1.0
771,59,1514.33,840.55,20.320000000000164,22.270000000000095,1,10,1.0
771,2,1114.39,927.09,169.79999999999995,143.00999999999988,1,3,1.0
772,16,1264.35,950.64,49.62000000000012,49.180000000000064,1,3,1.0
772,47,1481.98,958.19,40.75999999999999,103.07999999999993,1,8,1.0
772,51,1001.8,950.68,116.71000000000004,75.2600000000001,1,3,1.0
772,52,763.39,932.05,175.01,105.30999999999995,1,3,1.0
772,54,979.55,851.75,16.879999999999995,48.58000000000004,1,9,1.0
772,55,1480.46,859.19,18.399999999999864,69.45999999999992,1,9,1.0
772,58,960.77,848.23,22.710000000000036,23.220000000000027,1,10,1.0
772,59,1517.06,839.53,20.62000000000012,22.529999999999973,1,10,1.0
772,2,1114.14,927.09,170.53999999999996,143.60000000000002,1,3,1.0
773,16,1264.61,950.81,49.41000000000008,49.13000000000011,1,3,1.0
773,47,1483.74,958.48,40.76999999999998,103.07999999999993,1,8,1.0
773,51,1000.64,950.78,116.88,75.49000000000001,1,3,1.0
773,52,756.81,931.79,177.5200000000001,107.12000000000012,1,3,1.0
773,54,977.61,851.14,16.879999999999995,48.72000000000003,1,9,1.0
773,55,1482.73,858.57,18.40000000000009,69.45999999999992,1,9,1.0
773,58,958.65,847.54,22.889999999999986,23.350000000000023,1,10,1.0
773,59,1519.8,838.5,20.90000000000009,22.799999999999955,1,10,1.0
773,2,1113.89,927.09,171.26999999999998,144.17999999999995,1,3,1.0
774,16,1264.87,950.99,49.200000000000045,49.069999999999936,1,3,1.0
774,47,1485.51,958.78,40.75999999999999,103.07999999999993,1,8,1.0
774,51,999.48,950.87,117.04999999999995,75.7299999999999,1,3,1.0
774,52,750.23,931.52,180.02999999999997,108.93000000000006,1,3,1.0
774,54,975.68,850.53,16.870000000000005,48.860000000000014,1,9,1.0
774,55,1485.0,857.95,18.40000000000009,69.45999999999992,1,9,1.0
774,58,956.52,846.86,23.07000000000005,23.480000000000018,1,10,1.0
774,59,1522.53,837.48,21.200000000000045,23.059999999999945,1,10,1.0
774,2,1113.64,927.09,172.01,144.76999999999987,1,3,1.0
775,16,1265.13,951.16,48.97999999999979,49.01999999999998,1,3,1.0
775,47,1487.28,959.07,40.75999999999999,103.08000000000004,1,8,1.0
775,51,998.32,950.97,117.20999999999992,75.96000000000004,1,3,1.0
775,52,743.64,931.26,182.56000000000006,110.74000000000001,1,3,1.0
775,54,973.74,849.92,16.870000000000005,49.0,1,9,1.0
775,55,1487.27,857.33,18.40000000000009,69.45999999999992,1,9,1.0
775,58,954.4,846.17,23.24000000000001,23.610000000000014,1,10,1.0
775,59,1525.26,836.45,21.5,23.329999999999927,1,10,1.0
775,2,1113.39,927.09,172.75,145.35000000000002,1,3,1.0
776,16,1265.39,951.34,48.76999999999998,48.969999999999914,1,3,1.0
776,47,1489.05,959.36,40.75999999999999,103.08000000000004,1,8,1.0
776,51,997.16,951.07,117.38,76.18999999999994,1,3,1.0
776,52,737.06,930.99,185.07000000000005,112.54999999999995,1,3,1.0
776,54,971.8,849.31,16.870000000000005,49.1400000000001,1,9,1.0
776,55,1489.54,856.71,18.40000000000009,69.45999999999992,1,9,1.0
776,58,952.28,845.49,23.410000000000082,23.74000000000001,1,10,1.0
776,59,1527.99,835.43,21.789999999999964,23.590000000000032,1,10,1.0
776,2,1113.14,927.09,173.4799999999998,145.93999999999994,1,3,1.0
777,16,1265.65,951.51,48.559999999999945,48.91999999999996,1,3,1.0
777,47,1490.81,959.66,40.76999999999998,103.08000000000004,1,8,1.0
777,51,996.0,951.17,117.54999999999995,76.41999999999996,1,3,1.0
777,52,730.48,930.73,187.57999999999993,114.3599999999999,1,3,1.0
777,54,969.86,848.7,16.870000000000005,49.27999999999997,1,9,1.0
777,55,1491.8,856.09,18.410000000000082,69.45999999999992,1,9,1.0
777,58,950.15,844.8,23.590000000000032,23.879999999999995,1,10,1.0
777,59,1530.72,834.4,22.089999999999918,23.860000000000014,1,10,1.0
777,2,1112.89,927.09,174.2199999999998,146.52999999999986,1,3,1.0
778,16,1265.91,951.69,48.33999999999992,48.8599999999999,1,3,1.0
778,47,1492.58,959.95,40.75999999999999,103.07999999999993,1,8,1.0
778,51,994.84,951.27,117.71999999999991,76.65000000000009,1,3,1.0
778,52,723.9,930.46,190.10000000000002,116.17000000000007,1,3,1.0
778,54,967.92,848.09,16.870000000000005,49.42999999999995,1,9,1.0
778,55,1494.07,855.47,18.410000000000082,69.45999999999992,1,9,1.0
778,58,948.03,844.12,23.75999999999999,24.0,1,10,1.0
778,59,1533.45,833.38,22.389999999999873,24.120000000000005,1,10,1.0
778,2,1112.64,927.09,174.9599999999998,147.11,1,3,1.0
779,16,1266.17,951.86,48.12999999999988,48.809999999999945,1,3,1.0
779,47,1494.35,960.25,40.75999999999999,103.07999999999993,1,8,1.0
779,51,993.68,951.37,117.88,76.88,1,3,1.0
779,52,717.32,930.2,192.6099999999999,117.98000000000002,1,3,1.0
779,54,965.98,847.47,16.870000000000005,49.57999999999993,1,9,1.0
779,55,1496.34,854.85,18.410000000000082,69.47000000000003,1,9,1.0
779,58,945.91,843.43,23.930000000000064,24.1400000000001,1,10,1.0
779,59,1536.19,832.35,22.679999999999836,24.379999999999995,1,10,1.0
779,2,1112.39,927.09,175.68999999999983,147.69999999999993,1,3,1.0
780,16,1266.42,952.04,47.929999999999836,48.75999999999999,1,3,1.0
780,47,1496.11,960.54,40.77000000000021,103.07999999999993,1,8,1.0
780,51,992.53,951.47,118.03999999999996,77.1099999999999,1,3,1.0
780,52,710.73,929.93,195.14,119.79000000000008,1,3,1.0
780,54,964.04,846.86,16.879999999999995,49.72000000000003,1,9,1.0
780,55,1498.61,854.23,18.410000000000082,69.47000000000003,1,9,1.0
780,58,943.78,842.75,24.110000000000014,24.269999999999982,1,10,1.0
780,59,1538.99,831.33,22.980000000000018,24.639999999999986,1,10,1.0
780,2,1112.14,927.09,176.42999999999984,148.29000000000008,1,3,1.0
781,16,1266.68,952.22,47.72000000000003,48.69999999999993,1,3,1.0
781,47,1497.88,960.84,40.75999999999999,103.08000000000004,1,8,1.0
781,51,991.37,951.57,118.20999999999992,77.34000000000003,1,3,1.0
781,52,704.15,929.67,197.64999999999998,121.60000000000002,1,3,1.0
781,54,962.1,846.25,16.879999999999995,49.860000000000014,1,9,1.0
781,55,1500.88,853.61,18.409999999999854,69.47000000000003,1,9,1.0
781,58,941.66,842.06,24.290000000000077,24.40000000000009,1,10,1.0
781,59,1541.79,830.3,23.279999999999973,24.910000000000082,1,10,1.0
781,2,1111.89,927.09,177.16999999999985,148.87,1,3,1.0
782,16,1266.94,952.39,47.5,48.64999999999998,1,3,1.0
782,47,1499.65,961.13,40.75999999999999,103.08000000000004,1,8,1.0
782,51,990.21,951.67,118.37999999999988,77.57000000000005,1,3,1.0
782,52,697.57,929.4,200.15999999999997,123.40999999999997,1,3,1.0
782,54,960.16,845.64,16.879999999999995,50.0,1,9,1.0
782,55,1503.15,852.99,18.409999999999854,69.47000000000003,1,9,1.0
782,58,939.54,841.38,24.460000000000036,24.529999999999973,1,10,1.0
782,59,1544.6,829.28,23.570000000000164,25.170000000000073,1,10,1.0
782,2,1111.64,927.09,177.89999999999986,149.45999999999992,1,3,1.0
783,16,1267.2,952.57,47.289999999999964,48.58999999999992,1,3,1.0
783,47,1501.41,961.43,40.76999999999998,103.08000000000004,1,8,1.0
783,51,989.05,951.77,118.53999999999996,77.79999999999995,1,3,1.0
783,52,690.99,929.14,202.67999999999995,125.21999999999991,1,3,1.0
783,54,958.23,845.03,16.870000000000005,50.139999999999986,1,9,1.0
783,55,1505.42,852.37,18.409999999999854,69.47000000000003,1,9,1.0
783,58,937.41,840.69,24.639999999999986,24.659999999999968,1,10,1.0
783,59,1547.4,828.25,23.86999999999989,25.440000000000055,1,10,1.0
783,2,1111.39,927.09,178.63999999999987,150.05000000000007,1,3,1.0
784,16,1267.46,952.74,47.07999999999993,48.549999999999955,1,3,1.0
784,47,1503.18,961.72,40.75999999999999,103.07999999999993,1,8,1.0
784,51,987.89,951.87,118.70999999999992,78.03000000000009,1,3,1.0
784,52,684.41,928.87,205.19000000000005,127.03000000000009,1,3,1.0
784,54,956.29,844.42,16.870000000000005,50.280000000000086,1,9,1.0
784,55,1507.69,851.75,18.409999999999854,69.47000000000003,1,9,1.0
784,58,935.29,840.01,24.81000000000006,24.789999999999964,1,10,1.0
784,60,866.07,892.49,147.54999999999995,102.48000000000002,1,2,1.0
784,59,1550.21,827.23,24.159999999999854,25.699999999999932,1,10,1.0
784,2,1111.14,927.09,179.37999999999988,150.63,1,3,1.0
785,16,1267.72,952.92,46.86999999999989,48.49000000000001,1,3,1.0
785,47,1505.44,961.66,41.27999999999997,104.07000000000005,1,8,1.0
785,51,988.21,952.01,118.71000000000004,78.02999999999997,1,3,1.0
785,52,676.21,928.87,207.02999999999997,129.86,1,3,1.0
785,54,954.54,843.32,17.090000000000032,51.129999999999995,1,9,1.0
785,55,1510.8,850.6,18.809999999999945,70.94999999999993,1,9,1.0
785,58,932.92,839.24,25.040000000000077,25.029999999999973,1,10,1.0
785,60,863.02,891.98,147.53999999999996,102.49000000000001,1,2,1.0
785,59,1553.01,826.2,24.450000000000045,25.969999999999914,1,10,1.0
785,2,1110.9,927.09,180.1099999999999,151.2199999999999,1,3,1.0
786,16,1267.98,953.09,46.65000000000009,48.43999999999994,1,3,1.0
786,47,1507.69,961.61,41.809999999999945,105.05000000000007,1,8,1.0
786,51,988.53,952.14,118.71000000000004,78.03000000000009,1,3,1.0
786,52,668.01,928.87,208.87,132.68999999999994,1,3,1.0
786,54,952.79,842.22,17.31000000000006,51.98000000000002,1,9,1.0
786,55,1513.91,849.46,19.20999999999981,72.42999999999995,1,9,1.0
786,58,930.54,838.48,25.290000000000077,25.25,1,10,1.0
786,60,859.96,891.47,147.54999999999995,102.49000000000001,1,2,1.0
786,59,1555.81,825.18,24.75,26.230000000000018,1,10,1.0
786,2,1110.65,927.09,180.83999999999992,151.81000000000006,1,3,1.0
787,16,1268.24,953.27,46.440000000000055,48.379999999999995,1,3,1.0
787,47,1509.95,961.55,42.319999999999936,106.02999999999997,1,8,1.0
787,51,988.85,952.28,118.70999999999992,78.02999999999997,1,3,1.0
787,52,659.81,928.87,210.70000000000005,135.5200000000001,1,3,1.0
787,54,951.05,841.12,17.520000000000095,52.82000000000005,1,9,1.0
787,55,1517.01,848.32,19.62000000000012,73.89999999999998,1,9,1.0
787,58,928.17,837.71,25.520000000000095,25.49000000000001,1,10,1.0
787,60,856.91,890.96,147.55000000000007,102.49000000000001,1,2,1.0
787,59,1558.62,824.15,25.04000000000019,26.5,1,10,1.0
787,2,1110.4,927.09,181.57999999999993,152.39,1,3,1.0
788,16,1268.5,953.44,46.23000000000002,48.33999999999992,1,3,1.0
788,47,1512.2,961.49,42.84999999999991,107.01999999999998,1,8,1.0
788,51,989.17,952.42,118.71000000000015,78.03000000000009,1,3,1.0
788,52,651.61,928.87,212.53999999999996,138.36,1,3,1.0
788,54,949.3,840.02,17.74000000000001,53.67000000000007,1,9,1.0
788,55,1520.12,847.18,20.02000000000021,75.38,1,9,1.0
788,58,925.79,836.94,25.769999999999982,25.719999999999914,1,10,1.0
788,60,853.85,890.45,147.54999999999995,102.49000000000001,1,2,1.0
788,59,1561.42,823.12,25.339999999999918,26.75999999999999,1,10,1.0
788,2,1110.15,927.09,182.31999999999994,152.9799999999999,1,3,1.0
789,16,1268.76,953.62,46.00999999999999,48.27999999999997,1,3,1.0
789,47,1514.46,961.43,43.3599999999999,108.0100000000001,1,8,1.0
789,51,989.49,952.56,118.71000000000004,78.02999999999997,1,3,1.0
789,52,643.41,928.87,214.38,141.18999999999994,1,3,1.0
789,54,947.56,838.92,17.950000000000045,54.520000000000095,1,9,1.0
789,55,1523.23,846.03,20.420000000000073,76.86000000000001,1,9,1.0
789,58,923.42,836.18,26.0,25.950000000000045,1,10,1.0
789,60,850.8,889.94,147.55000000000007,102.4899999999999,1,2,1.0
789,59,1564.23,822.1,25.62999999999988,27.019999999999982,1,10,1.0
789,2,1109.9,927.09,183.04999999999995,153.56000000000006,1,3,1.0
790,16,1269.02,953.8,45.799999999999955,48.22000000000003,1,3,1.0
790,47,1516.71,961.37,43.88999999999987,108.9899999999999,1,8,1.0
790,51,989.81,952.69,118.71000000000004,78.02999999999997,1,3,1.0
790,52,635.21,928.87,216.2199999999999,144.0200000000001,1,3,1.0
790,54,944.93,837.65,18.180000000000064,55.360000000000014,1,9,1.0
790,55,1526.33,844.89,20.820000000000164,78.34000000000003,1,9,1.0
790,58,920.93,835.1,26.24000000000001,26.17999999999995,1,10,1.0
790,60,842.85,889.94,157.74,102.4899999999999,1,2,1.0
790,59,1567.03,821.07,25.930000000000064,27.289999999999964,1,10,1.0
790,2,1109.65,927.09,183.78999999999996,154.14999999999998,1,3,1.0
791,16,1269.28,953.97,45.58999999999992,48.16999999999996,1,3,1.0
791,47,1518.97,961.32,44.399999999999864,109.96999999999991,1,8,1.0
791,51,990.13,952.83,118.70999999999992,78.02999999999986,1,3,1.0
791,52,627.01,928.87,218.04999999999995,146.85000000000002,1,3,1.0
791,54,942.31,836.37,18.3900000000001,56.22000000000003,1,9,1.0
791,55,1529.44,843.75,21.220000000000027,79.82000000000005,1,9,1.0
791,58,918.45,834.03,26.479999999999905,26.410000000000082,1,10,1.0
791,60,834.9,889.94,167.92000000000007,102.4899999999999,1,2,1.0
791,59,1569.84,820.05,26.220000000000027,27.550000000000068,1,10,1.0
791,2,1109.4,927.09,184.52999999999997,154.7399999999999,1,3,1.0
792,16,1269.54,954.15,45.38000000000011,48.120000000000005,1,3,1.0
792,47,1521.22,961.26,44.930000000000064,110.96000000000004,1,8,1.0
792,51,990.45,952.97,118.72000000000003,78.02999999999997,1,3,1.0
792,52,618.81,928.87,219.8900000000001,149.67999999999995,1,3,1.0
792,54,939.69,835.1,18.6099999999999,57.059999999999945,1,9,1.0
792,55,1532.55,842.6,21.62000000000012,81.29999999999995,1,9,1.0
792,58,915.96,832.95,26.719999999999914,26.639999999999986,1,10,1.0
792,60,826.95,889.94,178.1099999999999,102.4899999999999,1,2,1.0
792,59,1573.23,818.31,26.529999999999973,27.81000000000006,1,10,1.0
792,61,1782.26,961.9,116.07999999999993,168.84000000000003,1,7,1.0
792,2,1109.15,927.09,185.26,155.32000000000005,1,3,1.0
793,16,1269.8,954.32,45.16000000000008,48.069999999999936,1,3,1.0
793,47,1523.48,961.2,45.440000000000055,111.95000000000005,1,8,1.0
793,51,990.77,953.11,118.72000000000003,78.03000000000009,1,3,1.0
793,52,610.61,928.88,221.73000000000002,152.5000000000001,1,3,1.0
793,54,937.07,833.82,18.819999999999936,57.90999999999997,1,9,1.0
793,55,1535.66,841.46,22.019999999999982,82.77999999999997,1,9,1.0
793,58,913.47,831.87,26.959999999999923,26.879999999999995,1,10,1.0
793,60,818.99,889.94,188.30999999999995,102.4899999999999,1,2,1.0
793,59,1576.63,816.56,26.819999999999936,28.08000000000004,1,10,1.0
793,61,1798.38,961.05,102.5,168.84000000000015,1,7,1.0
793,2,1108.9,927.09,186.0,155.90999999999997,1,3,1.0
794,16,1270.06,954.5,44.950000000000045,48.00999999999999,1,3,1.0
794,47,1525.73,961.14,45.97000000000003,112.92999999999995,1,8,1.0
794,51,991.09,953.24,118.71999999999991,78.02999999999997,1,3,1.0
794,52,599.59,928.17,223.69999999999993,154.90999999999997,1,3,1.0
794,54,934.44,832.55,19.039999999999964,58.75,1,9,1.0
794,55,1538.76,840.32,22.430000000000064,84.25,1,9,1.0
794,58,910.99,830.8,27.18999999999994,27.100000000000023,1,10,1.0
794,60,810.8,888.53,193.24,104.75,1,2,1.0
794,59,1580.03,814.82,27.110000000000127,28.34999999999991,1,10,1.0
794,61,1814.51,960.2,88.92000000000007,168.83999999999992,1,7,1.0
794,2,1108.76,926.98,186.18000000000006,156.20000000000005,1,3,1.0
795,16,1270.32,954.67,44.74000000000001,47.960000000000036,1,3,1.0
795,47,1527.99,961.08,46.48000000000002,113.91999999999996,1,8,1.0
795,51,991.41,953.38,118.72000000000014,78.03000000000009,1,3,1.0
795,52,588.56,927.46,225.67000000000007,157.30999999999995,1,3,1.0
795,54,931.82,831.27,19.25999999999999,59.610000000000014,1,9,1.0
795,55,1541.87,839.17,22.830000000000155,85.74000000000001,1,9,1.0
795,58,908.5,829.72,27.42999999999995,27.339999999999918,1,10,1.0
795,60,802.6,887.11,198.18999999999994,107.01999999999998,1,2,1.0
795,59,1583.43,813.08,27.409999999999854,28.610000000000014,1,10,1.0
795,61,1830.63,959.35,75.33999999999992,168.84000000000003,1,7,1.0
795,2,1108.62,926.88,186.36000000000013,156.4899999999999,1,3,1.0
796,16,1270.58,954.85,44.52999999999997,47.90999999999997,1,3,1.0
796,47,1530.25,961.03,47.0,114.90000000000009,1,8,1.0
796,51,991.73,953.52,118.72000000000003,78.02999999999997,1,3,1.0
796,52,577.54,926.75,227.64,159.72000000000003,1,3,1.0
796,54,929.2,830.0,19.469999999999914,60.450000000000045,1,9,1.0
796,55,1544.98,838.03,23.230000000000018,87.21000000000004,1,9,1.0
796,58,906.01,828.65,27.680000000000064,27.56000000000006,1,10,1.0
796,60,794.4,885.7,203.13,109.28999999999996,1,2,1.0
796,59,1586.83,811.34,27.700000000000045,28.870000000000005,1,10,1.0
796,61,1842.08,955.53,75.34000000000015,168.85000000000014,1,7,1.0
796,2,1108.47,926.78,186.54999999999995,156.76999999999998,1,3,1.0
797,16,1270.84,955.02,44.31000000000017,47.860000000000014,1,3,1.0
797,47,1532.5,960.97,47.51999999999998,115.87999999999988,1,8,1.0
797,51,992.06,953.66,118.71000000000004,78.03000000000009,1,3,1.0
797,52,566.51,926.05,229.62,162.11000000000013,1,3,1.0
797,54,926.57,828.73,19.699999999999932,61.289999999999964,1,9,1.0
797,55,1548.08,836.89,23.6400000000001,88.69000000000005,1,9,1.0
797,58,903.53,827.57,27.910000000000082,27.799999999999955,1,10,1.0
797,60,786.2,884.29,208.07999999999993,111.55000000000007,1,2,1.0
797,59,1590.33,810.18,28.0,29.1400000000001,1,10,1.0
797,61,1854.81,958.08,75.34000000000015,168.84000000000003,1,7,1.0
797,2,1108.33,926.68,186.73000000000002,157.05000000000007,1,3,1.0
798,16,1271.1,955.2,44.100000000000136,47.799999999999955,1,3,1.0
798,47,1534.76,960.91,48.039999999999964,116.87,1,8,1.0
798,51,992.38,953.79,118.70999999999992,78.02999999999997,1,3,1.0
798,52,555.48,925.34,231.60000000000002,164.51999999999987,1,3,1.0
798,54,923.95,827.45,19.909999999999968,62.139999999999986,1,9,1.0
798,55,1551.19,835.74,24.039999999999964,90.17999999999995,1,9,1.0
798,58,901.04,826.49,28.15000000000009,28.029999999999973,1,10,1.0
798,60,778.0,882.87,213.01999999999998,113.82000000000005,1,2,1.0
798,59,1593.83,809.03,28.300000000000182,29.399999999999977,1,10,1.0
798,61,1858.62,960.62,75.34000000000015,168.84000000000003,1,7,1.0
798,2,1108.19,926.58,186.90999999999985,157.33000000000004,1,3,1.0
799,16,1271.51,955.25,44.1099999999999,47.639999999999986,1,3,1.0
799,47,1537.01,960.85,48.559999999999945,117.86000000000001,1,8,1.0
799,51,992.7,953.93,118.71000000000004,78.03000000000009,1,3,1.0
799,52,544.46,924.63,233.55999999999995,166.91999999999996,1,3,1.0
799,54,921.33,826.18,20.120000000000005,62.99000000000001,1,9,1.0
799,55,1554.3,834.6,24.440000000000055,91.64999999999998,1,9,1.0
799,58,898.56,825.42,28.38000000000011,28.25,1,10,1.0
799,60,769.8,881.46,217.97000000000003,116.07999999999993,1,2,1.0
799,59,1597.34,807.88,28.590000000000146,29.659999999999968,1,10,1.0
799,61,1880.2,960.62,53.75999999999999,151.08000000000004,1,7,1.0
799,2,1108.05,926.48,187.09000000000015,157.6199999999999,1,3,1.0
800,16,1271.93,955.31,44.09999999999991,47.47000000000003,1,3,1.0
800,47,1539.27,960.8,49.07999999999993,118.84000000000015,1,8,1.0
800,51,993.02,954.07,118.71000000000004,78.02999999999986,1,3,1.0
800,52,533.43,923.93,235.54000000000008,169.32000000000005,1,3,1.0
800,54,918.71,824.9,20.339999999999918,63.84000000000003,1,9,1.0
800,55,1557.4,833.46,24.84999999999991,93.13,1,9,1.0
800,58,896.07,824.34,28.620000000000005,28.49000000000001,1,10,1.0
800,60,761.6,880.05,222.90999999999997,118.35000000000002,1,2,1.0
800,59,1600.84,806.72,28.8900000000001,29.92999999999995,1,10,1.0
800,61,1888.47,960.62,53.75999999999999,151.08000000000004,1,7,1.0
800,2,1107.9,926.37,187.28999999999996,157.90999999999997,1,3,1.0
801,16,1272.34,955.36,44.11000000000013,47.309999999999945,1,3,1.0
801,47,1541.52,960.74,49.59999999999991,119.81999999999994,1,8,1.0
801,51,993.34,954.2,118.70999999999992,78.03999999999996,1,3,1.0
801,52,522.4,923.22,237.51999999999998,171.72000000000003,1,3,1.0
801,54,916.08,823.63,20.559999999999945,64.67999999999995,1,9,1.0
801,55,1560.51,832.31,25.24000000000001,94.61000000000001,1,9,1.0
801,58,893.58,823.26,28.870000000000005,28.720000000000027,1,10,1.0
801,60,753.4,878.63,227.86,120.62,1,2,1.0
801,59,1604.34,805.57,29.190000000000055,30.18999999999994,1,10,1.0
801,61,1896.74,960.62,53.75999999999999,151.08000000000004,1,7,1.0
801,2,1107.76,926.27,187.47000000000003,158.19000000000005,1,3,1.0
802,16,1272.76,955.42,44.09999999999991,47.139999999999986,1,3,1.0
802,47,1543.78,960.68,50.12000000000012,120.81000000000006,1,8,1.0
802,51,993.66,954.34,118.70999999999992,78.02999999999986,1,3,1.0
802,52,511.38,922.51,239.49,174.1300000000001,1,3,1.0
802,54,913.46,822.35,20.779999999999973,65.53999999999996,1,9,1.0
802,55,1563.62,831.17,25.6400000000001,96.09000000000003,1,9,1.0
802,58,891.1,822.19,29.100000000000023,28.949999999999932,1,10,1.0
802,60,745.2,877.22,232.79999999999995,122.88,1,2,1.0
802,59,1608.22,804.38,29.480000000000018,30.299999999999955,1,10,1.0
802,61,1912.01,961.89,53.75999999999999,151.08000000000004,1,7,1.0
802,2,1107.62,926.17,187.6500000000001,158.47000000000014,1,3,1.0
803,16,1273.18,955.47,44.09999999999991,46.99000000000001,1,3,1.0
803,47,1546.03,960.62,50.6400000000001,121.80000000000007,1,8,1.0
803,51,993.98,954.48,118.71000000000004,78.02999999999997,1,3,1.0
803,52,494.84,919.96,251.26000000000005,183.3699999999999,1,3,1.0
803,54,910.84,821.08,20.99000000000001,66.38,1,9,1.0
803,55,1566.72,830.03,26.049999999999955,97.56000000000006,1,9,1.0
803,58,888.61,821.11,29.340000000000032,29.17999999999995,1,10,1.0
803,60,735.34,877.22,234.39,122.88,1,2,1.0
803,59,1612.1,803.19,29.769999999999982,30.409999999999968,1,10,1.0
803,61,1923.46,961.89,53.75999999999999,151.08000000000004,1,7,1.0
803,2,1107.48,926.07,187.82999999999993,158.75999999999988,1,3,1.0
804,16,1273.59,955.52,44.100000000000136,46.83000000000004,1,3,1.0
804,47,1548.29,960.56,51.16000000000008,122.78999999999996,1,8,1.0
804,51,994.3,954.62,118.71000000000004,78.03000000000009,1,3,1.0
804,52,478.3,917.41,263.03000000000003,192.61,1,3,1.0
804,54,908.21,819.8,21.209999999999923,67.23000000000002,1,9,1.0
804,55,1569.83,828.88,26.450000000000045,99.04999999999995,1,9,1.0
804,58,886.12,820.04,29.58000000000004,29.410000000000082,1,10,1.0
804,60,725.48,877.22,235.97000000000003,122.88,1,2,1.0
804,59,1615.98,802.0,30.059999999999945,30.529999999999973,1,10,1.0
804,61,1934.91,965.71,53.75999999999999,151.07999999999993,1,7,1.0
804,2,1107.33,925.97,188.01999999999998,159.03999999999996,1,3,1.0
805,16,1274.01,955.58,44.09999999999991,46.65999999999997,1,3,1.0
805,47,1550.54,960.51,51.680000000000064,123.75999999999999,1,8,1.0
805,51,994.62,954.75,118.70999999999992,78.03999999999996,1,3,1.0
805,52,461.76,914.85,274.81000000000006,201.86,1,3,1.0
805,54,905.59,818.53,21.42999999999995,68.07000000000005,1,9,1.0
805,55,1572.94,827.74,26.84999999999991,100.51999999999998,1,9,1.0
805,58,882.84,818.87,29.809999999999945,29.639999999999986,1,10,1.0
805,60,715.62,877.22,237.55999999999995,122.88,1,2,1.0
805,59,1619.85,800.81,30.360000000000127,30.6400000000001,1,10,1.0
805,61,1942.54,965.71,53.75999999999999,151.07999999999993,1,7,1.0
805,2,1107.19,925.87,188.20000000000005,159.32000000000005,1,3,1.0
806,16,1274.42,955.63,44.09999999999991,46.5,1,3,1.0
806,47,1552.8,960.45,52.200000000000045,124.75,1,8,1.0
806,51,994.94,954.89,118.71000000000004,78.03000000000009,1,3,1.0
806,52,445.22,912.3,286.5799999999999,211.10000000000014,1,3,1.0
806,54,902.97,817.26,21.639999999999986,68.91999999999996,1,9,1.0
806,55,1576.04,826.6,27.25999999999999,102.0,1,9,1.0
806,58,879.55,817.71,30.06000000000006,29.870000000000005,1,10,1.0
806,60,705.76,877.22,239.14,122.88,1,2,1.0
806,59,1623.73,799.62,30.65000000000009,30.75,1,10,1.0
806,61,1957.81,969.53,53.75999999999999,151.07999999999993,1,7,1.0
806,2,1107.05,925.76,188.3800000000001,159.62000000000012,1,3,1.0
807,16,1274.84,955.69,44.100000000000136,46.32999999999993,1,3,1.0
807,47,1555.3,960.64,52.67000000000007,125.24000000000012,1,8,1.0
807,51,995.26,955.03,118.72000000000003,78.02999999999997,1,3,1.0
807,52,421.1,909.55,297.56999999999994,221.18000000000006,1,3,1.0
807,54,900.35,815.98,21.860000000000014,69.76999999999998,1,9,1.0
807,55,1580.32,824.92,27.440000000000055,102.83000000000004,1,9,1.0
807,58,876.27,816.54,30.289999999999964,30.110000000000014,1,10,1.0
807,60,692.31,875.47,247.57000000000005,127.36000000000001,1,2,1.0
807,59,1627.61,798.43,30.950000000000045,30.860000000000014,1,10,1.0
807,61,1969.26,970.8,53.75999999999999,151.08000000000015,1,7,1.0
807,2,1106.91,925.66,188.55999999999995,159.89999999999998,1,3,1.0
808,16,1275.25,955.74,44.09999999999991,46.16999999999996,1,3,1.0
808,47,1557.8,960.83,53.15000000000009,125.7399999999999,1,8,1.0
808,51,995.58,955.17,118.71999999999991,78.03000000000009,1,3,1.0
808,52,396.98,906.8,308.54999999999995,231.26999999999998,1,3,1.0
808,54,897.72,814.71,22.079999999999927,70.61000000000001,1,9,1.0
808,55,1584.59,823.25,27.63000000000011,103.64999999999998,1,9,1.0
808,58,872.98,815.38,30.529999999999973,30.33000000000004,1,10,1.0
808,60,678.86,873.72,256.0,131.83999999999992,1,2,1.0
808,59,1632.47,796.94,31.24000000000001,30.969999999999914,1,10,1.0
808,61,1978.16,970.8,53.76999999999998,151.08000000000015,1,7,1.0
808,2,1106.77,925.56,188.74,160.18000000000006,1,3,1.0
809,16,1275.67,955.79,44.09999999999991,46.00999999999999,1,3,1.0
809,47,1560.3,961.02,53.62000000000012,126.23000000000002,1,8,1.0
809,51,995.9,955.3,118.71999999999991,78.03999999999996,1,3,1.0
809,52,372.85,904.06,319.54999999999995,241.34000000000015,1,3,1.0
809,54,895.1,813.43,22.289999999999964,71.46000000000004,1,9,1.0
809,55,1588.86,821.57,27.820000000000164,104.4799999999999,1,9,1.0
809,58,869.7,814.21,30.769999999999982,30.569999999999936,1,10,1.0
809,60,665.41,871.98,264.44000000000005,136.30999999999995,1,2,1.0
809,59,1637.33,795.45,31.529999999999973,31.079999999999927,1,10,1.0
809,61,1996.61,973.98,53.75999999999999,151.07999999999993,1,7,1.0
809,2,1106.62,925.46,188.93000000000006,160.46000000000004,1,3,1.0
810,16,1276.08,955.85,44.100000000000136,45.84000000000003,1,3,1.0
810,47,1562.8,961.2,54.090000000000146,126.74000000000001,1,8,1.0
810,51,996.22,955.44,118.72000000000003,78.02999999999997,1,3,1.0
810,52,348.73,901.31,330.53999999999996,251.42000000000007,1,3,1.0
810,54,892.48,812.16,22.50999999999999,72.31000000000006,1,9,1.0
810,55,1593.14,819.9,28.0,105.30000000000007,1,9,1.0
810,58,866.41,813.05,31.00999999999999,30.790000000000077,1,10,1.0
810,60,651.96,870.23,272.87,140.78999999999996,1,2,1.0
810,59,1642.19,793.96,31.829999999999927,31.18999999999994,1,10,1.0
810,61,2015.06,977.16,53.76000000000022,151.08000000000004,1,7,1.0
810,2,1106.48,925.36,189.1099999999999,160.7499999999999,1,3,1.0
811,16,1276.5,955.9,44.09999999999991,45.690000000000055,1,3,1.0
811,47,1565.31,961.39,54.559999999999945,127.2299999999999,1,8,1.0
811,51,996.54,955.58,118.72000000000003,78.02999999999986,1,3,1.0
811,52,324.61,898.56,341.52,261.51,1,3,1.0
811,54,889.85,810.88,22.730000000000018,73.15999999999997,1,9,1.0
811,55,1597.41,818.22,28.199999999999818,106.13,1,9,1.0
811,58,863.12,811.88,31.25,31.029999999999973,1,10,1.0
811,60,638.51,868.48,281.29999999999995,145.26999999999998,1,2,1.0
811,59,1647.05,792.47,32.12000000000012,31.309999999999945,1,10,1.0
811,61,2027.15,978.43,53.75999999999976,151.08000000000004,1,7,1.0
811,2,1106.34,925.26,189.2900000000002,161.02999999999997,1,3,1.0
812,16,1276.91,955.96,44.09999999999991,45.51999999999998,1,3,1.0
812,47,1567.81,961.58,55.02999999999997,127.7299999999999,1,8,1.0
812,51,996.87,955.72,118.70999999999992,78.02999999999997,1,3,1.0
812,52,300.49,895.81,352.51,271.59000000000015,1,3,1.0
812,54,887.23,809.61,22.949999999999932,74.0,1,9,1.0
812,55,1601.68,816.54,28.389999999999873,106.96000000000004,1,9,1.0
812,58,859.84,810.72,31.480000000000018,31.25,1,10,1.0
812,60,625.06,866.74,289.73,149.74,1,2,1.0
812,59,1651.91,790.99,32.409999999999854,31.409999999999968,1,10,1.0
812,61,2039.23,979.71,53.76999999999998,151.06999999999994,1,7,1.0
812,2,1106.2,925.15,189.47000000000003,161.32000000000005,1,3,1.0
813,16,1277.33,956.01,44.100000000000136,45.360000000000014,1,3,1.0
813,47,1570.31,961.77,55.5,128.22000000000003,1,8,1.0
813,51,997.19,955.85,118.71000000000004,78.03000000000009,1,3,1.0
813,52,271.17,893.98,362.41,281.1199999999999,1,3,1.0
813,54,884.61,808.33,23.159999999999968,74.86000000000001,1,9,1.0
813,55,1605.96,814.87,28.569999999999936,107.77999999999997,1,9,1.0
813,58,856.55,809.55,31.730000000000018,31.49000000000001,1,10,1.0
813,60,611.6,864.99,298.16999999999996,154.22000000000003,1,2,1.0
813,59,1656.77,789.5,32.700000000000045,31.519999999999982,1,10,1.0
813,61,2054.5,982.89,53.76000000000022,151.07000000000005,1,7,1.0
813,2,1106.05,925.05,189.67000000000007,161.60000000000014,1,3,1.0
814,16,1277.74,956.07,44.09999999999991,45.18999999999994,1,3,1.0
814,47,1572.81,961.96,55.97000000000003,128.72000000000003,1,8,1.0
814,51,997.51,955.99,118.71000000000004,78.02999999999997,1,3,1.0
814,52,241.85,892.15,372.30999999999995,290.65,1,3,1.0
814,54,881.99,807.06,23.379999999999995,75.70000000000005,1,9,1.0
814,55,1610.23,813.19,28.75999999999999,108.6099999999999,1,9,1.0
814,58,853.27,808.39,31.960000000000036,31.720000000000027,1,10,1.0
814,60,598.15,863.24,306.6,158.70000000000005,1,2,1.0
814,59,1661.62,788.01,33.01000000000022,31.629999999999995,1,10,1.0
814,61,2069.77,986.07,53.76000000000022,151.08000000000004,1,7,1.0
814,2,1105.91,924.95,189.8499999999999,161.88999999999987,1,3,1.0
815,16,1278.16,956.12,44.09999999999991,45.02999999999997,1,3,1.0
815,47,1575.31,962.15,56.450000000000045,129.20999999999992,1,8,1.0
815,51,997.83,956.13,118.70999999999992,78.03000000000009,1,3,1.0
815,52,212.54,890.32,382.20000000000005,300.17999999999995,1,3,1.0
815,54,879.36,805.79,23.600000000000023,76.54000000000008,1,9,1.0
815,55,1614.5,811.52,28.950000000000045,109.43000000000006,1,9,1.0
815,58,849.98,807.22,32.19999999999993,31.949999999999932,1,10,1.0
815,60,584.7,861.5,315.03999999999996,163.17000000000007,1,2,1.0
815,59,1666.48,786.52,33.299999999999955,31.75,1,10,1.0
815,61,2085.03,989.88,53.76999999999998,151.08000000000004,1,7,1.0
815,2,1105.77,924.85,190.02999999999997,162.16999999999996,1,3,1.0
816,16,1278.57,956.17,44.100000000000136,44.870000000000005,1,3,1.0
816,47,1577.81,962.34,56.92000000000007,129.70999999999992,1,8,1.0
816,51,998.15,956.27,118.70999999999992,78.02999999999997,1,3,1.0
816,52,183.22,888.48,392.1,309.72,1,3,1.0
816,54,876.74,804.51,23.809999999999945,77.38999999999999,1,9,1.0
816,55,1618.78,809.84,29.13000000000011,110.25999999999999,1,9,1.0
816,58,846.7,806.06,32.43999999999994,32.180000000000064,1,10,1.0
816,60,571.25,859.75,323.47,167.6500000000001,1,2,1.0
816,59,1671.34,785.03,33.590000000000146,31.860000000000014,1,10,1.0
816,61,2102.85,988.61,53.76000000000022,151.08000000000004,1,7,1.0
816,2,1105.63,924.75,190.2099999999998,162.45000000000005,1,3,1.0
817,16,1278.99,956.23,44.09999999999991,44.69999999999993,1,3,1.0
817,47,1580.31,962.53,57.3900000000001,130.20000000000005,1,8,1.0
817,51,998.47,956.4,118.71000000000004,78.03000000000009,1,3,1.0
817,52,153.9,886.65,402.0,319.2500000000001,1,3,1.0
817,54,872.7,802.78,24.029999999999973,78.24000000000001,1,9,1.0
817,55,1623.41,808.46,29.329999999999927,111.07999999999993,1,9,1.0
817,58,842.85,804.64,32.67999999999995,32.40999999999997,1,10,1.0
817,60,557.8,858.0,331.9000000000001,177.91000000000008,1,2,1.0
817,59,1676.2,783.54,33.88999999999987,31.970000000000027,1,10,1.0
817,61,2118.11,992.43,53.76999999999998,151.08000000000004,1,7,1.0
817,2,1105.48,924.65,190.4000000000001,162.73000000000013,1,3,1.0
818,16,1279.4,956.28,44.09999999999991,44.54000000000008,1,3,1.0
818,47,1582.82,962.72,57.86000000000013,130.70000000000005,1,8,1.0
818,51,998.79,956.54,118.71000000000004,78.02999999999997,1,3,1.0
818,52,131.91,886.65,401.75,327.11,1,3,1.0
818,54,868.65,801.06,24.25,79.09000000000003,1,9,1.0
818,55,1628.05,807.08,29.50999999999999,111.90999999999997,1,9,1.0
818,58,839.0,803.22,32.91999999999996,32.639999999999986,1,10,1.0
818,60,538.03,852.2,338.09000000000003,186.97000000000003,1,2,1.0
818,59,1681.06,782.06,34.180000000000064,32.07000000000005,1,10,1.0
818,61,2130.84,993.7,53.75999999999976,151.07999999999993,1,7,1.0
818,2,1105.34,924.54,190.58000000000015,163.02999999999997,1,3,1.0
819,16,1279.82,956.34,44.100000000000136,44.370000000000005,1,3,1.0
819,47,1585.32,962.9,58.330000000000155,131.19999999999993,1,8,1.0
819,51,999.11,956.68,118.70999999999992,78.03000000000009,1,3,1.0
819,52,109.93,886.65,401.48,334.9599999999999,1,3,1.0
819,54,864.61,799.33,24.460000000000036,79.93999999999994,1,9,1.0
819,55,1632.69,805.7,29.700000000000045,112.7299999999999,1,9,1.0
819,58,835.16,801.8,33.14999999999998,32.870000000000005,1,10,1.0
819,60,518.27,846.4,344.28,196.0200000000001,1,2,1.0
819,59,1685.92,780.57,34.47000000000003,32.18999999999994,1,10,1.0
819,61,2152.46,1000.06,53.76999999999998,151.08000000000015,1,7,1.0
819,2,1105.2,924.44,190.76,163.30999999999995,1,3,1.0
820,16,1280.23,956.39,44.09999999999991,44.22000000000003,1,3,1.0
820,47,1587.82,963.09,58.799999999999955,131.68999999999994,1,8,1.0
820,51,999.43,956.82,118.71000000000015,78.02999999999986,1,3,1.0
820,52,87.94,886.65,401.23,342.82000000000005,1,3,1.0
820,54,860.56,797.61,24.680000000000064,80.77999999999997,1,9,1.0
820,55,1637.33,804.32,29.8900000000001,113.55999999999995,1,9,1.0
820,58,831.31,800.38,33.3900000000001,33.10000000000002,1,10,1.0
820,60,498.5,840.6,350.47,205.08000000000004,1,2,1.0
820,59,1690.78,779.08,34.76999999999998,32.299999999999955,1,10,1.0
820,61,2169.0,1002.61,53.76999999999998,151.07000000000005,1,7,1.0
820,2,1105.06,924.34,190.94000000000005,163.59000000000003,1,3,1.0
821,16,1280.65,956.44,44.09999999999991,44.059999999999945,1,3,1.0
821,47,1590.32,963.28,59.27999999999997,132.19000000000005,1,8,1.0
821,51,999.75,956.95,118.71000000000004,78.02999999999997,1,3,1.0
821,52,65.96,886.65,400.97,350.67999999999995,1,3,1.0
821,54,856.46,795.72,24.899999999999977,81.63,1,9,1.0
821,55,1641.97,802.94,30.069999999999936,114.38,1,9,1.0
821,58,826.65,798.15,33.639999999999986,33.34000000000003,1,10,1.0
821,60,462.3,835.95,379.82,212.98000000000002,1,2,1.0
821,59,1695.64,777.59,35.059999999999945,32.40999999999997,1,10,1.0
821,61,2169.0,1002.61,90.69999999999982,151.07000000000005,1,7,1.0
821,2,1104.92,924.24,191.1199999999999,163.87999999999988,1,3,1.0
822,16,1281.06,956.5,44.100000000000136,43.889999999999986,1,3,1.0
822,47,1592.82,963.47,59.75,132.68000000000006,1,8,1.0
822,51,1000.07,957.09,118.70999999999992,78.02999999999986,1,3,1.0
822,52,43.97,886.65,400.72,358.5400000000001,1,3,1.0
822,54,852.36,793.83,25.110000000000014,82.46999999999991,1,9,1.0
822,55,1648.18,800.77,30.25999999999999,115.21000000000004,1,9,1.0
822,58,822.0,795.92,33.870000000000005,33.57000000000005,1,10,1.0
822,60,426.1,831.29,409.16999999999996,220.9000000000001,1,2,1.0
822,59,1702.0,775.96,35.059999999999945,32.40999999999997,1,10,1.0
822,61,2193.18,1005.15,90.69000000000005,151.08000000000004,1,7,1.0
822,2,1104.77,924.14,191.30999999999995,164.15999999999997,1,3,1.0
823,16,1281.48,956.55,44.09999999999991,43.73000000000002,1,3,1.0
823,47,1595.32,963.66,60.22000000000003,133.17999999999995,1,8,1.0
823,51,1000.39,957.23,118.71999999999991,78.02999999999997,1,3,1.0
823,52,21.99,886.65,400.45,366.39,1,3,1.0
823,54,848.25,791.94,25.33000000000004,83.31999999999994,1,9,1.0
823,55,1654.38,798.61,30.45999999999981,116.02999999999997,1,9,1.0
823,58,817.34,793.7,34.110000000000014,33.799999999999955,1,10,1.0
823,60,389.9,826.64,438.52,228.80000000000007,1,2,1.0
823,59,1708.36,774.34,35.06000000000017,32.40999999999997,1,10,1.0
823,61,2209.71,1008.96,90.69999999999982,151.07999999999993,1,7,1.0
823,2,1104.63,924.04,191.48999999999978,164.44000000000005,1,3,1.0
824,16,1281.89,956.61,44.09999999999991,43.559999999999945,1,3,1.0
824,47,1597.82,963.85,60.700000000000045,133.66999999999996,1,8,1.0
824,51,1000.71,957.37,118.72000000000003,78.03000000000009,1,3,1.0
824,52,0.0,886.65,400.2,374.2500000000001,1,3,1.0
824,54,844.15,790.05,25.540000000000077,84.17000000000007,1,9,1.0
824,55,1660.59,796.44,30.6400000000001,116.8599999999999,1,9,1.0
824,58,812.69,791.47,34.34999999999991,34.02999999999997,1,10,1.0
824,60,353.7,821.98,467.87000000000006,236.72000000000003,1,2,1.0
824,59,1714.73,772.71,35.059999999999945,32.40999999999997,1,10,1.0
824,61,2228.8,1010.24,90.6899999999996,151.07999999999993,1,7,1.0
824,2,1104.49,923.93,191.67000000000007,164.73000000000013,1,3,1.0
825,16,1282.31,956.66,44.100000000000136,43.39999999999998,1,3,1.0
825,47,1600.32,964.04,61.17000000000007,134.17000000000007,1,8,1.0
825,51,1002.98,957.29,117.07999999999993,77.47000000000003,1,3,1.0
825,52,0.0,886.19,374.09,374.25,1,3,1.0
825,54,840.04,788.16,25.769999999999982,85.01999999999998,1,9,1.0
825,55,1666.06,794.76,30.820000000000164,117.69000000000005,1,9,1.0
825,58,808.03,789.25,34.59000000000003,34.25999999999999,1,10,1.0
825,60,317.5,817.33,497.21000000000004,244.63,1,2,1.0
825,59,1721.09,771.08,35.06000000000017,32.40999999999997,1,10,1.0
825,61,2249.15,1001.3,90.69999999999982,163.79999999999995,1,7,1.0
825,2,1104.35,923.83,191.85000000000014,165.01999999999987,1,3,1.0
826,16,1282.72,956.71,44.09999999999991,43.24000000000001,1,3,1.0
826,47,1602.83,964.23,61.63000000000011,134.66000000000008,1,8,1.0
826,51,1005.25,957.22,115.45000000000005,76.91000000000008,1,3,1.0
826,52,0.0,885.74,347.99,374.24,1,3,1.0
826,54,835.94,786.27,25.979999999999905,85.87,1,9,1.0
826,55,1671.52,793.09,31.019999999999982,118.50999999999999,1,9,1.0
826,58,803.38,787.02,34.82000000000005,34.5,1,10,1.0
826,60,281.3,812.68,526.56,252.5300000000001,1,2,1.0
826,59,1728.48,767.83,35.059999999999945,32.40999999999997,1,10,1.0
826,61,2270.78,1002.57,90.69999999999982,163.79999999999984,1,7,1.0
826,2,1104.2,923.73,192.04999999999995,165.29999999999995,1,3,1.0
827,16,1283.14,956.77,44.09999999999991,43.07000000000005,1,3,1.0
827,47,1605.33,964.42,62.100000000000136,135.15999999999997,1,8,1.0
827,51,1007.52,957.15,113.81999999999994,76.34000000000003,1,3,1.0
827,52,0.0,885.28,321.88,374.25,1,3,1.0
827,54,831.83,784.38,26.199999999999932,86.72000000000003,1,9,1.0
827,55,1676.98,791.41,31.210000000000036,119.34000000000003,1,9,1.0
827,58,798.72,784.8,35.069999999999936,34.72000000000003,1,10,1.0
827,60,245.1,808.02,555.91,260.45000000000005,1,2,1.0
827,59,1734.99,765.76,35.059999999999945,32.40999999999997,1,10,1.0
827,61,2292.41,1003.85,90.70000000000027,163.79000000000008,1,7,1.0
827,2,1104.06,923.63,192.23000000000002,165.58000000000004,1,3,1.0
828,16,1283.55,956.82,44.100000000000136,42.91999999999996,1,3,1.0
828,47,1607.83,964.6,62.580000000000155,135.65999999999997,1,8,1.0
828,51,1009.79,957.08,112.19000000000005,75.77999999999986,1,3,1.0
828,52,0.0,884.82,295.77,374.2499999999999,1,3,1.0
828,54,827.73,782.49,26.409999999999968,87.55999999999995,1,9,1.0
828,55,1682.45,789.74,31.389999999999873,120.15999999999997,1,9,1.0
828,58,794.07,782.57,35.299999999999955,34.95999999999992,1,10,1.0
828,60,208.9,803.37,585.26,268.35,1,2,1.0
828,59,1740.32,763.39,35.06000000000017,32.40999999999997,1,10,1.0
828,61,2312.77,1005.12,90.69000000000005,163.80000000000007,1,7,1.0
828,2,1103.92,923.53,192.40999999999985,165.86000000000013,1,3,1.0
829,16,1283.97,956.88,44.09999999999991,42.75,1,3,1.0
829,47,1610.33,964.79,63.05000000000018,136.16000000000008,1,8,1.0
829,51,1012.06,957.01,110.55999999999995,75.21000000000004,1,3,1.0
829,52,0.0,884.82,250.89,395.31000000000006,1,3,1.0
829,54,823.62,780.61,26.639999999999986,88.39999999999998,1,9,1.0
829,55,1687.91,788.06,31.579999999999927,120.99000000000001,1,9,1.0
829,58,789.41,780.35,35.54000000000008,35.17999999999995,1,10,1.0
829,60,172.7,798.72,614.6099999999999,276.26,1,2,1.0
829,59,1748.16,759.54,35.059999999999945,32.41000000000008,1,10,1.0
829,61,2343.3,1007.66,90.69999999999982,163.80000000000007,1,7,1.0
829,2,1103.78,923.43,192.58999999999992,166.14999999999998,1,3,1.0
830,16,1284.38,956.93,44.09999999999991,42.59000000000003,1,3,1.0
830,47,1612.83,964.98,63.51999999999998,136.6500000000001,1,8,1.0
830,51,1014.33,956.94,108.92999999999995,74.64999999999986,1,3,1.0
830,52,0.0,884.82,206.0,416.38,1,3,1.0
830,54,819.52,778.72,26.850000000000023,89.25,1,9,1.0
830,55,1693.37,786.39,31.77000000000021,121.81000000000006,1,9,1.0
830,58,784.76,778.12,35.77999999999997,35.41999999999996,1,10,1.0
830,60,136.5,794.06,643.96,284.1700000000001,1,2,1.0
830,59,1756.0,755.7,35.059999999999945,32.39999999999998,1,10,1.0
830,61,2375.11,1006.39,90.69000000000005,163.80000000000007,1,7,1.0
830,2,1103.63,923.32,192.77999999999997,166.43999999999994,1,3,1.0
831,16,1284.8,956.98,44.100000000000136,42.42999999999995,1,3,1.0
831,47,1615.33,965.17,64.0,137.14999999999998,1,8,1.0
831,51,1016.6,956.87,107.29000000000008,74.08000000000004,1,3,1.0
831,52,0.0,884.82,182.18,416.38,1,3,1.0
831,54,815.42,776.83,27.06000000000006,90.09999999999991,1,9,1.0
831,55,1698.84,784.71,31.950000000000045,122.63999999999999,1,9,1.0
831,58,780.1,775.9,36.01999999999998,35.639999999999986,1,10,1.0
831,60,100.3,789.41,673.3000000000001,292.08000000000004,1,2,1.0
831,59,1761.33,752.74,35.06000000000017,32.40999999999997,1,10,1.0
831,61,2398.01,1005.12,90.6899999999996,190.4799999999999,1,7,1.0
831,2,1103.49,923.22,192.96000000000004,166.72000000000003,1,3,1.0
832,16,1285.21,957.04,44.09999999999991,42.25999999999999,1,3,1.0
832,47,1617.83,965.36,64.47000000000003,137.64,1,8,1.0
832,51,1018.87,956.8,105.65999999999997,73.51999999999998,1,3,1.0
832,52,0.0,884.82,158.37,416.38,1,3,1.0
832,54,811.31,774.94,27.280000000000086,90.94999999999993,1,9,1.0
832,55,1704.3,783.04,32.1400000000001,123.46000000000004,1,9,1.0
832,58,775.45,773.67,36.25,35.879999999999995,1,10,1.0
832,60,64.1,784.75,702.65,299.99,1,2,1.0
832,59,1769.61,748.3,35.06000000000017,32.41000000000008,1,10,1.0
832,61,2427.27,1006.39,90.69999999999982,190.4799999999999,1,7,1.0
832,2,1103.35,923.12,193.1400000000001,166.9999999999999,1,3,1.0
833,16,1285.49,957.14,44.01999999999998,42.23000000000002,1,3,1.0
833,47,1620.8,965.17,65.48000000000002,138.64999999999998,1,8,1.0
833,51,1021.14,956.73,104.03000000000009,72.95000000000005,1,3,1.0
833,54,807.21,773.05,27.5,91.79000000000008,1,9,1.0
833,55,1711.87,779.71,33.2800000000002,126.96999999999991,1,9,1.0
833,58,770.79,771.45,36.5,36.1099999999999,1,10,1.0
833,60,27.9,780.1,732.0,307.9,1,2,1.0
833,59,1776.86,745.1,36.00999999999999,33.120000000000005,1,10,1.0
833,61,2451.44,1000.03,90.69999999999982,213.37000000000012,1,7,1.0
833,2,1103.21,923.02,193.31999999999994,167.28999999999996,1,3,1.0
834,16,1285.77,957.24,43.930000000000064,42.210000000000036,1,3,1.0
834,47,1623.77,964.98,66.49000000000001,139.66000000000008,1,8,1.0
834,51,1023.41,956.66,102.39999999999998,72.38999999999999,1,3,1.0
834,54,800.39,769.89,28.409999999999968,93.82000000000005,1,9,1.0
834,55,1719.44,776.39,34.419999999999845,130.47000000000003,1,9,1.0
834,58,763.79,768.3,37.280000000000086,36.960000000000036,1,10,1.0
834,60,13.95,773.69,722.15,307.89999999999986,1,2,1.0
834,59,1784.11,741.91,36.950000000000045,33.83000000000004,1,10,1.0
834,61,2478.16,1001.3,83.84000000000015,213.37000000000012,1,7,1.0
834,2,1103.07,922.92,193.5,167.57000000000005,1,3,1.0
835,16,1286.05,957.35,43.840000000000146,42.16999999999996,1,3,1.0
835,47,1626.74,964.79,67.5,140.68000000000006,1,8,1.0
835,51,1025.68,956.59,100.76999999999998,71.83000000000004,1,3,1.0
835,54,793.57,766.73,29.329999999999927,95.85000000000002,1,9,1.0
835,55,1727.02,773.06,35.539999999999964,133.97000000000003,1,9,1.0
835,58,756.79,765.15,38.07000000000005,37.81000000000006,1,10,1.0
835,60,0.0,767.28,712.3,307.9000000000001,1,2,1.0
835,59,1791.36,738.71,37.90000000000009,34.549999999999955,1,10,1.0
835,61,2478.16,1001.3,83.84000000000015,213.37000000000012,1,7,1.0
835,2,1102.92,922.82,193.68999999999983,167.85000000000002,1,3,1.0
836,16,1286.33,957.45,43.75,42.139999999999986,1,3,1.0
836,47,1629.71,964.6,68.50999999999999,141.68999999999994,1,8,1.0
836,51,1027.95,956.51,99.13999999999987,71.26999999999998,1,3,1.0
836,54,786.75,763.56,30.25,97.8900000000001,1,9,1.0
836,55,1734.59,769.74,36.680000000000064,137.47000000000003,1,9,1.0
836,58,749.79,762.0,38.85000000000002,38.65999999999997,1,10,1.0
836,60,0.0,760.97,696.22,317.26,1,2,1.0
836,59,1798.61,735.52,38.850000000000136,35.25999999999999,1,10,1.0
836,2,1102.78,922.71,193.87000000000012,168.14999999999986,1,3,1.0
837,16,1286.61,957.55,43.67000000000007,42.120000000000005,1,3,1.0
837,47,1632.68,964.41,69.51999999999998,142.69999999999993,1,8,1.0
837,51,1030.22,956.44,97.5,70.71000000000004,1,3,1.0
837,54,779.93,760.4,31.170000000000073,99.90999999999997,1,9,1.0
837,55,1742.16,766.41,37.819999999999936,140.98000000000002,1,9,1.0
837,58,742.79,758.85,39.639999999999986,39.50999999999999,1,10,1.0
837,60,0.0,754.66,680.14,326.62,1,2,1.0
837,59,1807.34,731.58,39.79000000000019,35.969999999999914,1,10,1.0
837,2,1102.64,922.61,194.04999999999995,168.42999999999995,1,3,1.0
838,16,1286.89,957.65,43.57999999999993,42.09000000000003,1,3,1.0
838,47,1635.65,964.22,70.52999999999997,143.71000000000004,1,8,1.0
838,51,1032.49,956.37,95.86999999999989,70.13999999999999,1,3,1.0
838,54,773.12,757.24,32.08000000000004,101.93999999999994,1,9,1.0
838,55,1749.73,763.09,38.960000000000036,144.48000000000002,1,9,1.0
838,58,735.79,755.71,40.42000000000007,40.360000000000014,1,10,1.0
838,60,0.0,748.35,664.07,335.9899999999999,1,2,1.0
838,59,1817.01,728.24,40.74000000000001,36.67999999999995,1,10,1.0
838,2,1102.5,922.51,194.23000000000002,168.71000000000004,1,3,1.0
839,16,1287.17,957.75,43.49000000000001,42.059999999999945,1,3,1.0
839,47,1638.62,964.03,71.54000000000019,144.72000000000003,1,8,1.0
839,51,1034.76,956.3,94.24000000000001,69.58000000000015,1,3,1.0
839,54,766.3,754.08,33.0,103.96999999999991,1,9,1.0
839,55,1757.31,759.77,40.080000000000155,147.98000000000002,1,9,1.0
839,58,728.79,752.56,41.210000000000036,41.210000000000036,1,10,1.0
839,60,0.0,742.04,647.99,345.35000000000014,1,2,1.0
839,59,1825.65,724.89,41.68999999999983,37.39999999999998,1,10,1.0
839,62,1348.44,962.92,42.22000000000003,30.25999999999999,1,3,1.0
839,2,1102.35,922.41,194.42000000000007,168.99000000000012,1,3,1.0
840,16,1287.45,957.86,43.399999999999864,42.02999999999997,1,3,1.0
840,47,1641.59,963.84,72.55000000000018,145.7299999999999,1,8,1.0
840,51,1037.03,956.23,92.61000000000013,69.00999999999999,1,3,1.0
840,54,759.48,750.92,33.90999999999997,106.0,1,9,1.0
840,55,1764.88,756.44,41.2199999999998,151.4799999999999,1,9,1.0
840,58,721.78,749.41,42.00999999999999,42.06000000000006,1,10,1.0
840,60,0.0,735.73,631.91,354.72,1,2,1.0
840,59,1834.29,721.55,42.6400000000001,38.110000000000014,1,10,1.0
840,62,1348.74,963.02,42.22000000000003,30.420000000000073,1,3,1.0
840,2,1102.21,922.31,194.6099999999999,169.27999999999997,1,3,1.0
841,16,1287.73,957.96,43.319999999999936,42.0,1,3,1.0
841,47,1644.56,963.65,73.55999999999995,146.7500000000001,1,8,1.0
841,51,1039.31,956.16,90.97000000000003,68.44999999999993,1,3,1.0
841,54,752.66,747.75,34.83000000000004,108.02999999999997,1,9,1.0
841,55,1772.45,753.12,42.3599999999999,154.98000000000002,1,9,1.0
841,58,714.78,746.26,42.79000000000008,42.90999999999997,1,10,1.0
841,60,0.0,729.42,615.83,364.08000000000004,1,2,1.0
841,59,1842.93,718.21,43.57999999999993,38.819999999999936,1,10,1.0
841,62,1349.05,963.11,42.200000000000045,30.58000000000004,1,3,1.0
841,2,1102.07,922.21,194.78999999999996,169.55999999999995,1,3,1.0
842,16,1288.0,958.06,43.24000000000001,41.97000000000003,1,3,1.0
842,47,1647.53,963.46,74.56999999999994,147.76,1,8,1.0
842,51,1041.58,956.09,89.34000000000015,67.88,1,3,1.0
842,54,745.84,744.59,35.75,110.05999999999995,1,9,1.0
842,55,1780.02,749.79,43.5,158.49,1,9,1.0
842,58,707.78,743.11,43.58000000000004,43.75999999999999,1,10,1.0
842,60,0.0,723.12,599.76,360.61,1,2,1.0
842,59,1851.57,714.86,44.52999999999997,39.539999999999964,1,10,1.0
842,62,1349.35,963.2,42.190000000000055,30.75,1,3,1.0
842,2,1101.93,922.1,194.97000000000003,169.85000000000002,1,3,1.0
843,16,1288.28,958.16,43.15000000000009,41.950000000000045,1,3,1.0
843,47,1650.5,963.27,75.57999999999993,148.76999999999998,1,8,1.0
843,51,1043.85,956.02,87.70000000000005,67.32000000000005,1,3,1.0
843,54,739.02,741.43,36.67000000000007,112.09000000000003,1,9,1.0
843,55,1787.59,746.47,44.63000000000011,161.99,1,9,1.0
843,58,700.78,739.96,44.360000000000014,44.620000000000005,1,10,1.0
843,60,0.0,716.81,583.68,357.1600000000001,1,2,1.0
843,59,1861.29,710.6,44.51999999999998,39.539999999999964,1,10,1.0
843,62,1349.65,963.29,42.179999999999836,30.920000000000073,1,3,1.0
843,2,1101.78,922.0,195.16000000000008,170.1300000000001,1,3,1.0
844,16,1288.56,958.26,43.070000000000164,41.91999999999996,1,3,1.0
844,47,1653.46,963.09,76.59999999999991,149.76999999999987,1,8,1.0
844,51,1046.12,955.95,86.07000000000016,66.75,1,3,1.0
844,54,732.21,738.27,37.57999999999993,114.12,1,9,1.0
844,55,1797.21,742.68,45.76999999999998,165.49,1,9,1.0
844,58,693.78,736.82,45.14999999999998,45.45999999999992,1,10,1.0
844,60,0.0,710.5,567.6,353.70000000000005,1,2,1.0
844,59,1871.0,706.34,44.52999999999997,39.539999999999964,1,10,1.0
844,62,1349.96,963.39,42.159999999999854,31.08000000000004,1,3,1.0
844,2,1101.64,921.9,195.33999999999992,170.41999999999996,1,3,1.0
845,16,1288.84,958.37,42.98000000000002,41.889999999999986,1,3,1.0
845,47,1656.43,962.9,77.6099999999999,150.7800000000001,1,8,1.0
845,51,1048.39,955.88,84.43999999999983,66.19000000000005,1,3,1.0
845,54,725.39,735.11,38.5,116.13999999999999,1,9,1.0
845,55,1806.83,738.89,46.90000000000009,168.99,1,9,1.0
845,58,686.78,733.67,45.940000000000055,46.31000000000006,1,10,1.0
845,60,0.0,706.83,536.45,367.4699999999999,1,2,1.0
845,59,1880.72,702.08,44.51999999999998,39.539999999999964,1,10,1.0
845,62,1350.26,963.48,42.16000000000008,31.25,1,3,1.0
845,2,1101.5,921.8,195.51999999999998,170.70000000000005,1,3,1.0
846,16,1289.12,958.47,42.8900000000001,41.860000000000014,1,3,1.0
846,47,1659.4,962.71,78.61999999999989,151.79999999999995,1,8,1.0
846,51,1050.66,955.81,82.80999999999995,65.62,1,3,1.0
846,54,718.57,731.94,39.40999999999997,118.17999999999995,1,9,1.0
846,55,1816.45,735.1,48.02999999999997,172.5,1,9,1.0
846,58,679.78,730.52,46.72000000000003,47.15999999999997,1,10,1.0
846,60,0.0,703.15,505.3,381.2500000000001,1,2,1.0
846,59,1891.97,698.5,44.51999999999998,39.539999999999964,1,10,1.0
846,62,1350.56,963.57,42.15000000000009,31.41999999999996,1,3,1.0
846,2,1101.71,921.99,195.1199999999999,170.71000000000004,1,3,1.0
847,16,1289.4,958.57,42.799999999999955,41.82999999999993,1,3,1.0
847,47,1662.37,962.52,79.63000000000011,152.80999999999995,1,8,1.0
847,51,1052.93,955.73,81.17999999999984,65.06999999999994,1,3,1.0
847,54,711.75,728.78,40.33000000000004,120.21000000000004,1,9,1.0
847,55,1826.06,731.31,49.17000000000007,176.0,1,9,1.0
847,58,672.78,727.37,47.50999999999999,48.00999999999999,1,10,1.0
847,60,0.0,705.6,479.65,381.2399999999999,1,2,1.0
847,59,1903.21,694.92,44.52999999999997,39.54000000000008,1,10,1.0
847,62,1350.87,963.66,42.13000000000011,31.590000000000032,1,3,1.0
847,2,1101.92,922.17,194.73000000000002,170.72000000000014,1,3,1.0
848,16,1289.68,958.67,42.72000000000003,41.81000000000006,1,3,1.0
848,47,1665.34,962.33,80.6400000000001,153.82000000000005,1,8,1.0
848,51,1055.2,955.66,79.54999999999995,65.23000000000002,1,3,1.0
848,54,704.93,725.62,41.25,122.24000000000001,1,9,1.0
848,55,1835.68,727.52,50.309999999999945,179.5,1,9,1.0
848,58,665.78,724.22,48.29000000000008,48.870000000000005,1,10,1.0
848,60,0.0,708.04,454.0,381.25,1,2,1.0
848,59,1912.42,690.83,44.51999999999998,39.539999999999964,1,10,1.0
848,62,1351.17,963.76,42.11999999999989,31.75,1,3,1.0
848,2,1102.13,922.36,194.32999999999993,170.7299999999999,1,3,1.0
849,16,1289.96,958.77,42.62999999999988,41.77999999999997,1,3,1.0
849,47,1668.31,962.14,81.65000000000009,154.83000000000004,1,8,1.0
849,51,1057.47,955.59,77.91000000000008,65.38,1,3,1.0
849,54,696.38,721.47,42.15999999999997,124.25999999999999,1,9,1.0
849,55,1845.3,723.74,51.440000000000055,182.99,1,9,1.0
849,58,655.71,720.25,49.07999999999993,49.710000000000036,1,10,1.0
849,60,0.0,710.48,428.35,381.25,1,2,1.0
849,59,1923.67,687.76,44.51999999999998,39.539999999999964,1,10,1.0
849,62,1351.48,963.85,42.09999999999991,31.91999999999996,1,3,1.0
849,2,1102.35,922.54,193.93000000000006,170.75,1,3,1.0
850,16,1290.24,958.88,42.539999999999964,41.74000000000001,1,3,1.0
850,47,1671.28,961.95,82.67000000000007,155.83999999999992,1,8,1.0
850,51,1059.74,955.52,76.27999999999997,65.53999999999996,1,3,1.0
850,54,687.82,717.31,43.07999999999993,126.29000000000008,1,9,1.0
850,55,1854.92,719.95,52.569999999999936,186.5,1,9,1.0
850,58,645.64,716.27,49.870000000000005,50.56000000000006,1,10,1.0
850,60,0.0,704.98,391.71,381.25,1,2,1.0
850,59,1935.6,682.99,46.3900000000001,41.24000000000001,1,10,1.0
850,62,1351.78,963.94,42.08999999999992,32.08999999999992,1,3,1.0
850,2,1102.56,922.73,193.52999999999997,170.76,1,3,1.0
851,16,1290.52,958.98,42.450000000000045,41.72000000000003,1,3,1.0
851,47,1674.25,961.76,83.68000000000006,156.8499999999999,1,8,1.0
851,51,1062.01,955.45,74.65000000000009,65.69999999999993,1,3,1.0
851,54,679.26,713.15,44.0,128.32000000000005,1,9,1.0
851,55,1864.53,716.16,53.710000000000036,190.0,1,9,1.0
851,58,635.58,712.29,50.65999999999997,51.42000000000007,1,10,1.0
851,60,0.0,706.82,369.73,381.2399999999999,1,2,1.0
851,59,1947.53,678.22,48.26999999999998,42.94999999999993,1,10,1.0
851,62,1352.08,964.04,42.090000000000146,32.25,1,3,1.0
851,2,1102.77,922.91,193.1400000000001,170.7700000000001,1,3,1.0
852,16,1290.8,959.08,42.37000000000012,41.68999999999994,1,3,1.0
852,47,1677.22,961.57,84.69000000000005,157.87,1,8,1.0
852,51,1064.28,955.38,73.01999999999998,65.86000000000001,1,3,1.0
852,54,670.7,709.0,44.90999999999997,130.35000000000002,1,9,1.0
852,55,1874.15,712.37,54.84999999999991,193.5,1,9,1.0
852,58,625.51,708.32,51.450000000000045,52.25999999999999,1,10,1.0
852,60,0.0,704.98,329.42,381.25,1,2,1.0
852,59,1959.46,673.45,50.13999999999987,44.64999999999998,1,10,1.0
852,62,1352.39,964.13,42.069999999999936,32.41999999999996,1,3,1.0
852,2,1102.98,923.1,192.74,170.7800000000001,1,3,1.0
853,16,1291.08,959.18,42.27999999999997,41.66000000000008,1,3,1.0
853,47,1680.19,961.38,85.70000000000005,158.88,1,8,1.0
853,51,1066.55,955.31,71.3900000000001,66.0100000000001,1,3,1.0
853,54,662.14,704.84,45.83000000000004,132.38,1,9,1.0
853,55,1883.77,708.58,55.98000000000002,197.01,1,9,1.0
853,58,615.44,704.34,52.239999999999895,53.110000000000014,1,10,1.0
853,60,0.0,704.98,289.12,381.25,1,2,1.0
853,59,1972.24,669.53,50.49000000000001,44.47000000000003,1,10,1.0
853,62,1352.69,964.22,42.059999999999945,32.58999999999992,1,3,1.0
853,2,1103.19,923.29,192.3499999999999,170.78999999999996,1,3,1.0
854,16,1291.35,959.29,42.200000000000045,41.629999999999995,1,3,1.0
854,47,1683.16,961.19,86.70999999999981,159.88999999999987,1,8,1.0
854,51,1068.82,955.24,69.75999999999999,66.16999999999996,1,3,1.0
854,54,653.58,700.68,46.75,134.41000000000008,1,9,1.0
854,55,1893.38,704.79,57.11999999999989,200.51,1,9,1.0
854,58,605.38,700.36,53.01999999999998,53.97000000000003,1,10,1.0
854,60,0.0,701.32,245.15,381.2499999999999,1,2,1.0
854,59,1985.02,665.61,50.84999999999991,44.289999999999964,1,10,1.0
854,62,1352.99,964.31,42.049999999999955,32.760000000000105,1,3,1.0
854,2,1103.4,923.47,191.94999999999982,170.80999999999995,1,3,1.0
855,16,1291.63,959.39,42.1099999999999,41.60000000000002,1,3,1.0
855,47,1686.13,961.0,87.7199999999998,160.9000000000001,1,8,1.0
855,51,1071.09,955.17,68.12000000000012,66.33000000000004,1,3,1.0
855,54,641.08,695.84,47.65999999999997,136.42999999999995,1,9,1.0
855,55,1906.77,702.36,58.25,204.41999999999996,1,9,1.0
855,58,592.59,695.57,53.809999999999945,54.819999999999936,1,10,1.0
855,60,0.0,699.49,199.34,381.25,1,2,1.0
855,59,1997.8,661.69,51.200000000000045,44.1099999999999,1,10,1.0
855,63,595.62,919.52,160.79999999999995,84.82000000000005,1,3,1.0
855,62,1353.3,964.41,42.02999999999997,32.92000000000007,1,3,1.0
855,2,1103.61,923.66,191.56000000000017,170.81000000000006,1,3,1.0
856,16,1291.91,959.49,42.02999999999997,41.569999999999936,1,3,1.0
856,47,1689.1,960.81,88.73000000000002,161.91000000000008,1,8,1.0
856,51,1072.29,954.68,68.72000000000003,66.34000000000003,1,3,1.0
856,54,628.58,690.99,48.57999999999993,138.47000000000003,1,9,1.0
856,55,1920.15,699.92,59.38999999999987,208.34000000000003,1,9,1.0
856,58,579.81,690.79,54.59000000000003,55.66000000000008,1,10,1.0
856,59,2011.32,656.12,53.330000000000155,45.42999999999995,1,10,1.0
856,63,585.19,919.33,161.03999999999996,86.14999999999998,1,3,1.0
856,62,1353.6,964.5,42.0300000000002,33.09000000000003,1,3,1.0
856,2,1103.83,923.84,191.1500000000001,170.83000000000004,1,3,1.0
857,16,1292.19,959.59,41.940000000000055,41.549999999999955,1,3,1.0
857,47,1692.06,960.62,89.75,162.91999999999996,1,8,1.0
857,51,1073.5,954.2,69.30999999999995,66.33999999999992,1,3,1.0
857,54,616.07,686.14,49.5,140.5,1,9,1.0
857,55,1933.53,697.49,60.539999999999964,212.25,1,9,1.0
857,58,567.02,686.0,55.379999999999995,56.50999999999999,1,10,1.0
857,59,2024.84,650.56,55.460000000000264,46.74000000000001,1,10,1.0
857,63,574.75,919.15,161.28999999999996,87.46000000000004,1,3,1.0
857,62,1353.91,964.59,42.00999999999999,33.25999999999999,1,3,1.0
857,2,1104.04,924.03,190.76,170.83999999999992,1,3,1.0
858,16,1292.47,959.69,41.84999999999991,41.51999999999998,1,3,1.0
858,47,1695.03,960.43,90.75999999999999,163.93999999999994,1,8,1.0
858,51,1074.7,953.72,69.90999999999985,66.33999999999992,1,3,1.0
858,54,603.57,681.29,50.40999999999997,142.5300000000001,1,9,1.0
858,55,1946.91,695.06,61.679999999999836,216.16000000000008,1,9,1.0
858,58,554.24,681.21,56.15999999999997,57.370000000000005,1,10,1.0
858,59,2038.36,644.99,57.58999999999992,48.059999999999945,1,10,1.0
858,63,564.32,918.96,161.51999999999998,88.78999999999996,1,3,1.0
858,62,1354.21,964.68,42.0,33.430000000000064,1,3,1.0
858,2,1104.25,924.22,190.3599999999999,170.8499999999999,1,3,1.0
859,16,1292.75,959.8,41.75999999999999,41.48000000000002,1,3,1.0
859,47,1698.0,960.24,91.76999999999998,164.95000000000005,1,8,1.0
859,51,1075.91,953.24,70.49000000000001,66.34000000000003,1,3,1.0
859,54,591.06,676.44,51.33000000000004,144.55999999999995,1,9,1.0
859,55,1960.3,692.63,62.809999999999945,220.07000000000005,1,9,1.0
859,58,541.45,676.42,56.94999999999993,58.22000000000003,1,10,1.0
859,59,2051.88,639.42,59.7199999999998,49.379999999999995,1,10,1.0
859,63,553.88,918.77,161.76999999999998,90.12,1,3,1.0
859,62,1354.51,964.78,41.99000000000001,33.59000000000003,1,3,1.0
859,2,1104.46,924.4,189.97000000000003,170.86,1,3,1.0
860,16,1293.03,959.9,41.680000000000064,41.460000000000036,1,3,1.0
860,47,1700.97,960.05,92.77999999999997,165.96000000000004,1,8,1.0
860,51,1077.12,952.76,71.08000000000015,66.34000000000003,1,3,1.0
860,54,578.56,671.6,52.25,146.57999999999993,1,9,1.0
860,55,1973.68,690.19,63.950000000000045,223.9899999999999,1,9,1.0
860,58,528.67,671.64,57.74000000000001,59.06000000000006,1,10,1.0
860,59,2066.91,633.29,61.539999999999964,51.81000000000006,1,10,1.0
860,63,543.44,918.59,162.01,91.42999999999995,1,3,1.0
860,62,1354.82,964.87,41.97000000000003,33.75999999999999,1,3,1.0
860,2,1104.67,924.59,189.56999999999994,170.87,1,3,1.0
861,16,1293.31,960.0,41.590000000000146,41.42999999999995,1,3,1.0
861,47,1703.94,959.86,93.78999999999996,166.9699999999999,1,8,1.0
861,54,566.06,666.75,53.16000000000008,148.61,1,9,1.0
861,55,1987.06,687.76,65.09999999999991,227.89999999999998,1,9,1.0
861,58,515.88,666.85,58.52999999999997,59.91999999999996,1,10,1.0
861,59,2081.94,627.15,63.36000000000013,54.25,1,10,1.0
861,63,533.01,918.4,162.25,92.75999999999999,1,3,1.0
861,62,1355.12,964.96,41.960000000000036,33.92999999999995,1,3,1.0
861,2,1104.88,924.77,189.17999999999984,170.8900000000001,1,3,1.0
862,16,1293.12,960.26,41.38000000000011,41.22000000000003,1,3,1.0
862,47,1707.33,959.24,95.30000000000018,168.3499999999999,1,8,1.0
862,54,559.31,666.75,53.16000000000008,148.61,1,9,1.0
862,55,2000.7,677.24,69.24000000000001,233.39999999999998,1,9,1.0
862,58,496.9,661.94,61.60000000000002,59.95999999999992,1,10,1.0
862,59,2098.8,619.63,63.210000000000036,55.26999999999998,1,10,1.0
862,63,522.57,918.21,162.4899999999999,94.08999999999992,1,3,1.0
862,62,1355.42,965.05,41.960000000000036,34.10000000000002,1,3,1.0
862,2,1105.09,924.96,188.77999999999997,170.89999999999986,1,3,1.0
863,16,1292.92,960.52,41.179999999999836,41.00999999999999,1,3,1.0
863,47,1710.73,958.61,96.79999999999995,169.7299999999999,1,8,1.0
863,54,538.98,657.58,56.879999999999995,155.36,1,9,1.0
863,55,2014.34,666.72,73.37999999999988,238.89,1,9,1.0
863,58,479.09,655.24,64.51000000000005,62.889999999999986,1,10,1.0
863,59,2115.67,612.11,63.039999999999964,56.27999999999997,1,10,1.0
863,63,512.14,918.02,162.73000000000002,95.40999999999997,1,3,1.0
863,62,1355.73,965.15,41.940000000000055,34.25999999999999,1,3,1.0
863,2,1105.31,925.14,188.3800000000001,170.90999999999997,1,3,1.0
864,16,1292.73,960.78,40.97000000000003,40.80000000000007,1,3,1.0
864,47,1714.12,957.98,98.30000000000018,171.1199999999999,1,8,1.0
864,54,518.66,648.41,60.59000000000003,162.11,1,9,1.0
864,55,2030.42,658.26,77.52999999999975,244.39,1,9,1.0
864,58,461.28,648.54,67.42000000000007,65.83000000000004,1,10,1.0
864,59,2131.19,607.42,72.11000000000013,57.879999999999995,1,10,1.0
864,63,501.7,917.84,162.97999999999996,96.73000000000002,1,3,1.0
864,62,1356.03,965.24,41.930000000000064,34.42999999999995,1,3,1.0
864,2,1105.52,925.33,187.98000000000002,170.91999999999996,1,3,1.0
865,16,1292.54,961.04,40.75999999999999,40.58000000000004,1,3,1.0
865,47,1717.51,957.35,99.80999999999995,172.4999999999999,1,8,1.0
865,54,498.34,639.24,64.31,168.86,1,9,1.0
865,55,2046.49,649.8,81.68000000000006,249.88,1,9,1.0
865,58,443.46,641.83,70.33999999999997,68.76999999999998,1,10,1.0
865,59,2151.58,596.89,71.34000000000015,58.860000000000014,1,10,1.0
865,63,486.4,917.65,168.08000000000004,98.06000000000006,1,3,1.0
865,62,1356.33,965.33,41.92000000000007,34.59999999999991,1,3,1.0
865,2,1105.73,925.52,187.58999999999992,170.93000000000006,1,3,1.0
866,16,1292.34,961.3,40.56000000000017,40.370000000000005,1,3,1.0
866,47,1720.9,956.72,101.31999999999994,173.88999999999987,1,8,1.0
866,54,477.81,632.12,68.02000000000004,174.78999999999996,1,9,1.0
866,55,2063.39,645.02,85.82000000000016,255.38,1,9,1.0
866,58,423.91,633.75,72.83999999999997,70.08000000000004,1,10,1.0
866,59,2171.05,590.69,70.56999999999971,59.83999999999992,1,10,1.0
866,63,473.2,917.46,171.08999999999997,99.38,1,3,1.0
866,62,1356.64,965.43,41.899999999999864,34.760000000000105,1,3,1.0
866,2,1105.94,925.7,187.19000000000005,170.95000000000005,1,3,1.0
867,16,1292.15,961.55,40.34999999999991,40.17000000000007,1,3,1.0
867,47,1724.29,956.09,102.82999999999993,175.27999999999986,1,8,1.0
867,54,457.28,625.0,71.74000000000001,180.73000000000002,1,9,1.0
867,55,2080.57,637.21,89.96000000000004,260.88,1,9,1.0
867,58,404.36,625.67,75.32999999999998,71.40000000000009,1,10,1.0
867,59,2191.56,582.37,69.78999999999996,60.82000000000005,1,10,1.0
867,63,460.0,917.28,174.09000000000003,100.70000000000005,1,3,1.0
867,62,1356.94,965.52,41.899999999999864,34.930000000000064,1,3,1.0
867,2,1106.15,925.89,186.79999999999995,170.94999999999993,1,3,1.0
868,16,1291.96,961.81,40.13999999999987,39.960000000000036,1,3,1.0
868,47,1727.68,955.47,104.33999999999992,176.64999999999986,1,8,1.0
868,54,436.75,617.88,75.46000000000004,186.65999999999997,1,9,1.0
868,55,2097.75,629.41,94.11000000000013,266.37,1,9,1.0
868,58,382.45,618.51,77.82999999999998,72.72000000000003,1,10,1.0
868,59,2212.07,574.05,69.01999999999998,61.80000000000007,1,10,1.0
868,63,446.8,917.09,177.09999999999997,102.02999999999997,1,3,1.0
868,62,1357.25,965.61,41.88000000000011,35.10000000000002,1,3,1.0
868,2,1106.36,926.07,186.4000000000001,170.9699999999999,1,3,1.0
869,16,1291.77,962.07,39.930000000000064,39.75,1,3,1.0
869,47,1731.08,954.84,105.84000000000015,178.04000000000008,1,8,1.0
869,54,416.22,610.76,79.17999999999995,192.59000000000003,1,9,1.0
869,55,2114.93,621.61,98.25,271.87,1,9,1.0
869,58,360.42,608.49,80.31,74.03999999999996,1,10,1.0
869,59,2231.63,565.4,73.76999999999998,64.62,1,10,1.0
869,63,421.1,916.9,205.0,103.35000000000002,1,3,1.0
869,62,1357.55,965.7,41.87000000000012,35.25999999999999,1,3,1.0
869,2,1106.57,926.26,186.01,170.98000000000002,1,3,1.0
870,16,1291.57,962.33,39.73000000000002,39.52999999999997,1,3,1.0
870,47,1734.47,954.21,107.34999999999991,179.42000000000007,1,8,1.0
870,54,395.7,603.63,82.88999999999999,198.52999999999997,1,9,1.0
870,55,2132.11,613.8,102.40000000000009,277.37,1,9,1.0
870,58,337.63,600.43,82.82,75.36000000000001,1,10,1.0
870,59,2254.02,554.72,77.32999999999993,67.24000000000001,1,10,1.0
870,63,401.38,915.98,208.98000000000002,105.40999999999997,1,3,1.0
870,62,1357.85,965.8,41.86000000000013,35.42000000000007,1,3,1.0
870,2,1106.79,926.45,185.60000000000014,170.99,1,3,1.0
871,16,1291.38,962.59,39.51999999999998,39.319999999999936,1,3,1.0
871,47,1737.86,953.58,108.85000000000014,180.81000000000006,1,8,1.0
871,54,367.74,593.31,86.59999999999997,204.46000000000004,1,9,1.0
871,55,2158.76,605.08,106.54999999999973,282.86,1,9,1.0
871,58,313.01,591.55,85.31,76.67000000000007,1,10,1.0
871,59,2276.4,544.04,80.90000000000009,69.86000000000001,1,10,1.0
871,63,381.66,915.05,212.95999999999998,107.48000000000002,1,3,1.0
871,62,1358.16,965.89,41.83999999999992,35.59000000000003,1,3,1.0
871,2,1107.0,926.63,185.21000000000004,171.0000000000001,1,3,1.0
872,16,1291.19,962.85,39.309999999999945,39.110000000000014,1,3,1.0
872,47,1741.25,952.95,110.3599999999999,182.19000000000005,1,8,1.0
872,54,339.78,582.98,90.32000000000005,210.39999999999998,1,9,1.0
872,55,2185.42,596.35,110.69999999999982,288.36,1,9,1.0
872,58,287.08,583.41,87.81,77.99000000000001,1,10,1.0
872,59,2299.63,533.36,85.9699999999998,72.93999999999994,1,10,1.0
872,63,361.94,914.13,216.94,109.52999999999997,1,3,1.0
872,62,1358.46,965.98,41.83999999999992,35.75999999999999,1,3,1.0
872,2,1107.21,926.82,184.80999999999995,171.00999999999988,1,3,1.0
873,16,1291.0,963.11,39.09999999999991,38.89999999999998,1,3,1.0
873,47,1744.64,952.33,111.86999999999989,183.57000000000005,1,8,1.0
873,54,311.82,572.66,94.04000000000002,216.33000000000004,1,9,1.0
873,55,2212.08,587.63,114.84000000000015,293.85,1,9,1.0
873,58,260.32,575.84,90.30000000000001,79.30999999999995,1,10,1.0
873,59,2322.85,522.68,91.05000000000018,76.0200000000001,1,10,1.0
873,63,342.22,913.2,220.91999999999996,111.59999999999991,1,3,1.0
873,62,1358.76,966.07,41.82999999999993,35.92999999999995,1,3,1.0
873,2,1107.42,927.0,184.41999999999985,171.02999999999997,1,3,1.0
874,16,1290.8,963.37,38.90000000000009,38.68999999999994,1,3,1.0
874,47,1748.04,951.7,113.37000000000012,184.96000000000004,1,8,1.0
874,54,280.45,559.9,116.85000000000002,231.80000000000007,1,9,1.0
874,55,2238.74,578.9,118.98000000000002,299.35,1,9,1.0
874,58,231.27,564.08,92.78999999999999,80.63,1,10,1.0
874,59,2352.62,512.0,92.30999999999995,75.45000000000005,1,10,1.0
874,63,322.5,912.28,224.89999999999998,113.65000000000009,1,3,1.0
874,62,1359.07,966.17,41.81000000000017,36.09000000000003,1,3,1.0
874,2,1107.63,927.19,184.01999999999998,171.03999999999996,1,3,1.0
875,16,1290.61,963.63,38.690000000000055,38.48000000000002,1,3,1.0
875,47,1751.43,951.07,114.87999999999988,186.34000000000003,1,8,1.0
875,54,250.5,547.84,117.38,236.14999999999998,1,9,1.0
875,55,2265.4,570.18,123.13000000000011,304.84000000000003,1,9,1.0
875,58,202.39,551.07,95.29000000000002,81.94999999999993,1,10,1.0
875,59,2382.39,501.32,93.57999999999993,74.88000000000005,1,10,1.0
875,63,304.05,911.35,227.60999999999996,115.71999999999991,1,3,1.0
875,62,1359.37,966.26,41.80000000000018,36.25999999999999,1,3,1.0
875,2,1107.84,927.37,183.6300000000001,171.05000000000007,1,3,1.0
876,16,1290.42,963.89,38.48000000000002,38.25999999999999,1,3,1.0
876,47,1754.82,950.44,116.3900000000001,187.73000000000002,1,8,1.0
876,54,220.54,535.79,117.91999999999999,240.49,1,9,1.0
876,55,2292.06,561.45,127.26999999999998,310.3499999999999,1,9,1.0
876,58,170.12,539.13,97.79000000000002,83.26999999999998,1,10,1.0
876,59,2412.17,490.64,94.82999999999993,74.31000000000006,1,10,1.0
876,63,285.6,910.43,230.31999999999994,117.78000000000009,1,3,1.0
876,62,1359.67,966.35,41.789999999999964,36.42999999999995,1,3,1.0
876,2,1108.05,927.56,183.23000000000002,171.05999999999995,1,3,1.0
877,16,1290.22,964.15,38.27999999999997,38.05000000000007,1,3,1.0
877,47,1758.21,949.81,117.89999999999986,189.11000000000013,1,8,1.0
877,54,190.59,523.73,118.45000000000002,244.84000000000003,1,9,1.0
877,55,2318.72,552.73,131.42000000000007,315.84000000000003,1,9,1.0
877,58,137.85,529.04,100.28,84.59000000000003,1,10,1.0
877,59,2441.94,479.96,107.36000000000013,73.74000000000007,1,10,1.0
877,63,263.5,909.5,236.68,119.83999999999992,1,3,1.0
877,62,1359.98,966.44,41.76999999999998,36.59999999999991,1,3,1.0
877,2,1108.27,927.75,182.82999999999993,171.06999999999994,1,3,1.0
878,16,1290.03,964.4,38.069999999999936,37.85000000000002,1,3,1.0
878,47,1761.6,949.18,119.41000000000008,190.5000000000001,1,8,1.0
878,54,157.81,510.26,118.98000000000002,249.19000000000005,1,9,1.0
878,55,2345.38,544.0,135.55999999999995,321.34000000000003,1,9,1.0
878,58,100.63,513.66,102.78,85.89999999999998,1,10,1.0
878,59,2478.46,466.83,83.53999999999996,77.46999999999997,1,10,1.0
878,63,244.5,908.58,239.94,121.89999999999998,1,3,1.0
878,62,1360.28,966.54,41.76999999999998,36.75999999999999,1,3,1.0
878,2,1108.48,927.93,182.43000000000006,171.09000000000003,1,3,1.0
879,16,1289.84,964.66,37.86000000000013,37.639999999999986,1,3,1.0
879,47,1765.0,948.56,120.90000000000009,191.87000000000012,1,8,1.0
879,54,125.03,496.8,119.52000000000001,253.52000000000004,1,9,1.0
879,55,2372.03,535.28,139.70999999999958,326.83000000000004,1,9,1.0
879,58,59.17,497.74,109.52999999999999,93.55999999999995,1,10,1.0
879,59,2501.48,458.6,60.51999999999998,72.60000000000002,1,10,1.0
879,63,218.9,907.66,249.79999999999998,123.95999999999992,1,3,1.0
879,62,1360.59,966.63,41.75,36.92999999999995,1,3,1.0
879,2,1108.69,928.12,182.03999999999996,171.09000000000003,1,3,1.0
880,16,1289.65,964.92,37.649999999999864,37.430000000000064,1,3,1.0
880,47,1768.39,947.93,122.40999999999985,193.2600000000001,1,8,1.0
880,54,92.24,483.33,120.06000000000002,257.87000000000006,1,9,1.0
880,55,2398.69,526.56,143.86000000000013,332.32000000000005,1,9,1.0
880,58,10.3,482.9,120.50000000000001,95.89999999999998,1,10,1.0
880,63,188.72,906.73,264.24,126.01999999999998,1,3,1.0
880,62,1360.89,966.72,41.74000000000001,37.10000000000002,1,3,1.0
880,2,1108.9,928.3,181.63999999999987,171.11000000000013,1,3,1.0
881,16,1289.45,965.18,37.450000000000045,37.210000000000036,1,3,1.0
881,47,1771.78,947.3,123.92000000000007,194.6400000000001,1,8,1.0
881,54,48.07,469.19,127.12,263.60999999999996,1,9,1.0
881,55,2428.88,501.77,133.1199999999999,390.33000000000004,1,9,1.0
881,58,0.0,462.21,95.79,104.39000000000004,1,10,1.0
881,63,158.54,905.81,278.68000000000006,128.08000000000015,1,3,1.0
881,62,1361.19,966.81,41.73000000000002,37.270000000000095,1,3,1.0
881,2,1109.11,928.49,181.25,171.1199999999999,1,3,1.0
882,16,1289.26,965.44,37.24000000000001,37.0,1,3,1.0
882,47,1775.17,946.67,125.42999999999984,196.0300000000001,1,8,1.0
882,54,3.9,455.06,134.18,269.34,1,9,1.0
882,55,2470.6,501.77,91.40000000000009,390.33000000000004,1,9,1.0
882,58,0.0,447.37,63.99,104.38999999999999,1,10,1.0
882,63,128.35,904.88,293.13,130.14999999999998,1,3,1.0
882,62,1361.5,966.91,41.710000000000036,37.430000000000064,1,3,1.0
882,2,1109.32,928.68,180.85000000000014,171.13,1,3,1.0
883,16,1289.07,965.7,37.02999999999997,36.789999999999964,1,3,1.0
883,47,1779.63,946.31,127.63999999999987,198.55999999999995,1,8,1.0
883,54,0.0,430.32,105.4,312.68,1,9,1.0
883,63,98.17,903.96,307.57,132.20000000000005,1,3,1.0
883,62,1361.8,967.0,41.710000000000036,37.60000000000002,1,3,1.0
883,2,1109.53,928.86,180.46000000000004,171.14,1,3,1.0
884,16,1288.46,965.49,37.309999999999945,37.08000000000004,1,3,1.0
884,47,1784.09,945.95,129.85000000000014,201.08999999999992,1,8,1.0
884,63,67.99,903.03,322.01,134.26999999999998,1,3,1.0
884,64,1622.57,963.61,41.11000000000013,84.06000000000006,1,7,1.0
884,62,1360.96,966.75,42.49000000000001,37.940000000000055,1,3,1.0
884,2,1109.75,929.05,180.04999999999995,171.1500000000001,1,3,1.0
885,16,1287.84,965.28,37.61000000000013,37.370000000000005,1,3,1.0
885,47,1788.55,945.59,132.05999999999995,203.62,1,8,1.0
885,63,30.6,903.03,359.4,134.26999999999998,1,3,1.0
885,64,1625.87,963.88,41.11000000000013,84.05000000000007,1,7,1.0
885,62,1360.13,966.49,43.25999999999999,38.27999999999997,1,3,1.0
885,2,1109.96,929.23,179.06999999999994,170.12999999999988,1,3,1.0
886,16,1287.23,965.07,37.88999999999987,37.65999999999997,1,3,1.0
886,47,1793.01,945.23,134.26,206.13999999999987,1,8,1.0
886,63,8.6,903.03,357.2,134.26999999999998,1,3,1.0
886,64,1629.17,964.14,41.1099999999999,84.06000000000006,1,7,1.0
886,62,1359.29,966.24,44.049999999999955,38.620000000000005,1,3,1.0
886,2,1110.17,929.42,178.0999999999999,169.09000000000003,1,3,1.0
887,16,1286.62,964.86,38.17000000000007,37.94999999999993,1,3,1.0
887,47,1797.47,944.86,136.47000000000003,208.67999999999995,1,8,1.0
887,63,4.2,903.03,317.6,134.26999999999998,1,3,1.0
887,64,1632.48,964.41,41.09999999999991,84.06000000000006,1,7,1.0
887,62,1358.46,965.98,44.819999999999936,38.97000000000003,1,3,1.0
887,2,1110.38,929.6,177.1199999999999,168.07000000000005,1,3,1.0
888,16,1286.01,964.65,38.450000000000045,38.24000000000001,1,3,1.0
888,47,1801.93,944.5,138.67999999999984,211.21000000000004,1,8,1.0
888,63,4.2,903.03,311.0,134.26999999999998,1,3,1.0
888,64,1635.78,964.68,41.11000000000013,84.05000000000007,1,7,1.0
888,62,1357.62,965.73,45.600000000000136,39.309999999999945,1,3,1.0
888,2,1110.59,929.79,176.1500000000001,167.02999999999997,1,3,1.0
889,16,1285.39,964.44,38.75,38.52999999999997,1,3,1.0
889,47,1806.39,944.14,140.88999999999987,213.74000000000012,1,8,1.0
889,63,4.2,903.03,295.6,134.26999999999998,1,3,1.0
889,64,1639.08,964.94,41.11000000000013,84.05999999999995,1,7,1.0
889,62,1356.79,965.47,46.38000000000011,39.64999999999998,1,3,1.0
889,2,1110.8,929.98,175.17000000000007,166.0,1,3,1.0
890,16,1284.78,964.23,39.02999999999997,38.819999999999936,1,3,1.0
890,47,1810.85,943.78,143.10000000000014,216.26999999999998,1,8,1.0
890,63,4.2,903.03,225.20000000000002,134.26999999999998,1,3,1.0
890,64,1642.38,965.21,41.1099999999999,84.05999999999995,1,7,1.0
890,62,1355.95,965.22,47.159999999999854,39.99000000000001,1,3,1.0
890,2,1111.01,930.16,174.20000000000005,164.97000000000014,1,3,1.0
891,16,1284.17,964.02,39.309999999999945,39.110000000000014,1,3,1.0
891,47,1815.31,943.42,145.30999999999995,218.80000000000007,1,8,1.0
891,63,4.2,903.03,214.20000000000002,134.26999999999998,1,3,1.0
891,64,1645.68,965.48,41.1099999999999,84.04999999999995,1,7,1.0
891,62,1355.12,964.96,47.930000000000064,40.33999999999992,1,3,1.0
891,2,1111.23,930.35,173.21000000000004,163.93999999999994,1,3,1.0
892,16,1283.56,963.81,39.590000000000146,39.40000000000009,1,3,1.0
892,47,1819.77,943.06,147.51,221.32000000000016,1,8,1.0
892,63,4.2,903.03,190.0,134.26999999999998,1,3,1.0
892,64,1648.99,965.74,41.09999999999991,84.05999999999995,1,7,1.0
892,62,1354.28,964.71,48.72000000000003,40.67999999999995,1,3,1.0
892,2,1111.44,930.53,172.24,162.91000000000008,1,3,1.0
893,16,1282.94,963.6,39.88999999999987,39.68999999999994,1,3,1.0
893,47,1824.23,942.69,149.72000000000003,223.8599999999999,1,8,1.0
893,63,4.2,903.03,165.8,134.26999999999998,1,3,1.0
893,64,1651.75,966.38,41.1099999999999,84.06000000000006,1,7,1.0
893,62,1353.45,964.45,49.49000000000001,41.01999999999998,1,3,1.0
893,2,1111.65,930.72,171.26,161.87999999999988,1,3,1.0
894,16,1282.33,963.39,40.17000000000007,39.98000000000002,1,3,1.0
894,47,1828.69,942.33,151.92999999999984,226.39,1,8,1.0
894,63,4.2,903.03,128.4,134.26999999999998,1,3,1.0
894,64,1654.52,967.02,41.11000000000013,84.05999999999995,1,7,1.0
894,62,1352.61,964.2,50.27000000000021,41.3599999999999,1,3,1.0
894,2,1111.86,930.91,170.2900000000002,160.84000000000003,1,3,1.0
895,16,1281.72,963.18,40.450000000000045,40.270000000000095,1,3,1.0
895,47,1833.15,941.97,154.13999999999987,228.92000000000007,1,8,1.0
895,63,4.2,903.03,128.4,134.26999999999998,1,3,1.0
895,64,1661.34,967.45,41.11000000000013,84.04999999999995,1,7,1.0
895,62,1351.78,963.94,51.049999999999955,41.70999999999992,1,3,1.0
895,2,1112.07,931.09,169.31000000000017,159.81000000000006,1,3,1.0
896,16,1281.11,962.97,40.73000000000002,40.559999999999945,1,3,1.0
896,47,1837.61,941.61,156.35000000000014,231.44999999999993,1,8,1.0
896,64,1665.6,967.45,41.11000000000013,84.04999999999995,1,7,1.0
896,62,1350.94,963.69,51.82999999999993,42.049999999999955,1,3,1.0
896,2,1112.28,931.28,168.33999999999992,158.77999999999997,1,3,1.0
897,16,1280.49,962.76,41.02999999999997,40.85000000000002,1,3,1.0
897,47,1842.07,941.25,158.56000000000017,233.98000000000002,1,8,1.0
897,64,1670.29,970.85,41.11000000000013,88.35000000000002,1,7,1.0
897,62,1350.11,963.43,52.600000000000136,42.3900000000001,1,3,1.0
897,2,1112.49,931.46,167.3599999999999,157.75,1,3,1.0
898,16,1279.88,962.55,41.309999999999945,41.1400000000001,1,3,1.0
898,47,1846.53,940.89,160.76,236.5000000000001,1,8,1.0
898,64,1680.94,968.72,41.1099999999999,93.07999999999993,1,7,1.0
898,62,1349.27,963.18,53.3900000000001,42.73000000000002,1,3,1.0
898,2,1112.71,931.65,166.37999999999988,156.7199999999999,1,3,1.0
899,16,1279.27,962.34,41.58999999999992,41.42999999999995,1,3,1.0
899,47,1850.99,940.52,162.97000000000003,239.03999999999996,1,8,1.0
899,64,1683.75,968.72,41.1099999999999,93.07999999999993,1,7,1.0
899,62,1348.44,962.92,54.159999999999854,43.08000000000004,1,3,1.0
899,2,1112.92,931.83,165.39999999999986,155.68999999999994,1,3,1.0
900,16,1279.27,962.34,40.84999999999991,40.75999999999999,1,3,1.0
900,47,1855.44,940.16,165.19000000000005,241.57000000000005,1,8,1.0
900,64,1686.57,968.72,41.100000000000136,93.07999999999993,1,7,1.0
900,62,1351.51,965.48,54.16000000000008,43.07999999999993,1,3,1.0
900,2,1113.13,932.02,164.42999999999984,154.66000000000008,1,3,1.0
901,16,1279.27,962.34,40.12000000000012,40.10000000000002,1,3,1.0
901,47,1859.9,939.8,167.39999999999986,244.10000000000014,1,8,1.0
901,64,1691.41,968.78,41.1099999999999,97.62000000000012,1,7,1.0
901,62,1351.69,965.24,54.159999999999854,43.08000000000004,1,3,1.0
901,2,1113.34,932.21,163.45000000000005,153.6199999999999,1,3,1.0
902,16,1279.27,962.34,39.38000000000011,39.42999999999995,1,3,1.0
902,47,1864.36,939.44,169.61000000000013,246.62999999999988,1,8,1.0
902,64,1696.26,968.85,41.1099999999999,102.14999999999998,1,7,1.0
902,62,1351.88,965.0,54.159999999999854,43.07000000000005,1,3,1.0
902,2,1113.55,932.39,162.48000000000002,152.60000000000002,1,3,1.0
903,16,1279.27,962.34,38.65000000000009,38.75999999999999,1,3,1.0
903,47,1868.82,939.08,171.82000000000016,249.15999999999997,1,8,1.0
903,64,1702.58,968.91,41.11000000000013,100.79000000000008,1,7,1.0
903,62,1352.06,964.76,54.16000000000008,43.07000000000005,1,3,1.0
903,2,1113.76,932.58,161.5,151.56000000000006,1,3,1.0
904,16,1279.27,962.34,37.91000000000008,38.10000000000002,1,3,1.0
904,47,1873.28,938.72,174.02999999999997,251.69000000000005,1,8,1.0
904,64,1706.69,970.44,41.1099999999999,99.44000000000005,1,7,1.0
904,62,1352.25,964.51,54.16000000000008,43.08000000000004,1,3,1.0
904,2,1113.97,932.76,160.52999999999997,150.53999999999996,1,3,1.0
905,16,1279.27,962.34,37.17000000000007,37.42999999999995,1,3,1.0
905,47,1877.74,938.36,176.2299999999998,254.20999999999992,1,8,1.0
905,64,1715.4,969.21,41.1099999999999,101.02999999999997,1,7,1.0
905,62,1352.43,964.27,54.159999999999854,43.08000000000004,1,3,1.0
905,2,1114.19,932.95,159.92999999999984,149.96000000000004,1,3,1.0
906,16,1279.27,962.34,36.440000000000055,36.75999999999999,1,3,1.0
906,47,1882.2,937.99,178.43999999999983,256.75,1,8,1.0
906,64,1720.44,967.25,41.09999999999991,102.6099999999999,1,7,1.0
906,62,1352.62,964.03,54.16000000000008,43.08000000000004,1,3,1.0
906,2,1114.4,933.14,159.33999999999992,149.38,1,3,1.0
907,16,1279.27,962.34,35.700000000000045,36.08999999999992,1,3,1.0
907,47,1886.66,937.63,180.64999999999986,259.2800000000001,1,8,1.0
907,64,1728.07,966.61,41.700000000000045,104.79000000000008,1,7,1.0
907,62,1352.8,963.79,54.16000000000008,43.08000000000004,1,3,1.0
907,2,1114.61,933.32,158.75,148.82000000000005,1,3,1.0
908,16,1279.27,962.34,34.97000000000003,35.42999999999995,1,3,1.0
908,47,1891.12,937.27,182.86000000000013,261.80999999999995,1,8,1.0
908,64,1735.71,965.96,42.27999999999997,106.97000000000003,1,7,1.0
908,62,1352.98,963.55,54.17000000000007,43.08000000000004,1,3,1.0
908,2,1114.82,933.51,158.16000000000008,148.24,1,3,1.0
909,16,1279.27,962.34,34.23000000000002,34.75999999999999,1,3,1.0
909,47,1895.58,936.91,185.07000000000016,264.34000000000003,1,8,1.0
909,64,1743.35,965.32,42.86000000000013,109.14999999999998,1,7,1.0
909,62,1353.17,963.31,54.159999999999854,43.07000000000005,1,3,1.0
909,2,1115.03,933.69,157.55999999999995,147.66999999999985,1,3,1.0
910,16,1278.86,962.2,34.23000000000002,34.75999999999999,1,3,1.0
910,47,1900.04,936.55,187.2800000000002,266.8700000000001,1,8,1.0
910,64,1750.99,964.67,43.450000000000045,111.33000000000004,1,7,1.0
910,62,1353.35,963.07,54.16000000000008,43.069999999999936,1,3,1.0
910,2,1115.24,933.88,156.97000000000003,147.09000000000003,1,3,1.0
911,16,1278.46,962.06,34.23000000000002,34.760000000000105,1,3,1.0
911,47,1904.5,936.19,189.48000000000002,269.3899999999999,1,8,1.0
911,64,1758.63,964.03,44.02999999999997,113.50999999999999,1,7,1.0
911,62,1353.54,962.82,54.16000000000008,43.07999999999993,1,3,1.0
911,2,1115.45,934.06,156.37999999999988,146.52999999999997,1,3,1.0
912,16,1278.05,961.91,34.23000000000002,34.75999999999999,1,3,1.0
912,47,1908.96,935.82,191.69000000000005,271.92999999999995,1,8,1.0
912,64,1766.27,963.38,44.61000000000013,115.68999999999994,1,7,1.0
912,62,1353.72,962.58,54.16000000000008,43.07999999999993,1,3,1.0
912,2,1115.67,934.25,155.77999999999997,145.95000000000005,1,3,1.0
913,16,1277.65,961.77,34.23000000000002,34.75999999999999,1,3,1.0
913,47,1913.42,935.46,193.9000000000001,274.46000000000004,1,8,1.0
913,64,1773.91,962.74,45.19999999999982,117.86999999999989,1,7,1.0
913,62,1353.91,962.34,54.159999999999854,43.07999999999993,1,3,1.0
913,2,1115.88,934.44,155.18999999999983,145.3699999999999,1,3,1.0
914,16,1277.24,961.63,34.23000000000002,34.75999999999999,1,3,1.0
914,47,1917.88,935.1,196.10999999999967,276.9899999999999,1,8,1.0
914,64,1781.55,962.1,45.77999999999997,120.04000000000008,1,7,1.0
914,62,1354.09,962.1,54.16000000000008,43.07999999999993,1,3,1.0
914,2,1116.09,934.62,154.60000000000014,144.80000000000007,1,3,1.0
915,16,1276.83,961.49,34.24000000000001,34.75999999999999,1,3,1.0
915,47,1922.34,934.74,198.31999999999994,279.52,1,8,1.0
915,64,1789.18,961.45,46.36999999999989,122.23000000000002,1,7,1.0
915,62,1354.28,961.86,54.16000000000008,43.08000000000004,1,3,1.0
915,2,1116.3,934.81,154.01,144.22000000000003,1,3,1.0
916,16,1276.43,961.35,34.23000000000002,34.75999999999999,1,3,1.0
916,47,1926.8,934.38,200.52999999999997,282.05000000000007,1,8,1.0
916,64,1796.82,960.81,46.960000000000036,124.40000000000009,1,7,1.0
916,62,1354.46,961.62,54.159999999999854,43.07000000000005,1,3,1.0
916,2,1116.51,934.99,153.42000000000007,143.66000000000008,1,3,1.0
917,16,1276.02,961.2,34.23000000000002,34.75999999999999,1,3,1.0
917,47,1931.26,934.02,202.7299999999998,284.56999999999994,1,8,1.0
917,64,1804.46,960.16,47.539999999999964,126.59000000000003,1,7,1.0
917,62,1354.65,961.38,54.159999999999854,43.07000000000005,1,3,1.0
917,2,1116.72,935.18,152.82999999999993,143.08000000000004,1,3,1.0
918,16,1275.62,961.06,34.23000000000002,34.760000000000105,1,3,1.0
918,47,1935.72,933.65,204.93999999999983,287.11,1,8,1.0
918,64,1812.1,959.52,48.12000000000012,128.76,1,7,1.0
918,62,1354.83,961.14,54.16000000000008,43.07000000000005,1,3,1.0
918,2,1116.93,935.37,152.23000000000002,142.4999999999999,1,3,1.0
919,16,1275.21,960.92,34.23000000000002,34.75999999999999,1,3,1.0
919,47,1940.18,933.29,207.14999999999986,289.6400000000001,1,8,1.0
919,64,1819.74,958.88,48.700000000000045,130.93999999999994,1,7,1.0
919,62,1355.02,960.89,54.16000000000008,43.08000000000004,1,3,1.0
919,2,1117.15,935.55,151.62999999999988,141.93000000000006,1,3,1.0
920,16,1274.81,960.78,34.23000000000002,34.75999999999999,1,3,1.0
920,47,1944.64,932.93,209.3599999999999,292.16999999999996,1,8,1.0
920,64,1827.38,958.23,49.289999999999964,133.1199999999999,1,7,1.0
920,62,1355.2,960.65,54.159999999999854,43.08000000000004,1,3,1.0
920,2,1117.36,935.74,151.0400000000002,141.3499999999999,1,3,1.0
921,16,1274.4,960.64,34.23000000000002,34.75999999999999,1,3,1.0
921,47,1954.21,933.15,206.34000000000015,292.16999999999996,1,8,1.0
921,64,1835.02,957.59,49.87000000000012,135.30000000000007,1,7,1.0
921,62,1355.39,960.41,54.159999999999854,43.08000000000004,1,3,1.0
921,2,1117.57,935.92,150.45000000000005,140.79000000000008,1,3,1.0
922,16,1273.99,960.49,34.23000000000002,34.75999999999999,1,3,1.0
922,47,1963.79,933.37,203.32000000000016,292.16999999999996,1,8,1.0
922,64,1842.66,956.94,50.44999999999982,137.48000000000002,1,7,1.0
922,62,1355.57,960.17,54.16000000000008,43.08000000000004,1,3,1.0
922,2,1117.78,936.11,149.86000000000013,140.20999999999992,1,3,1.0
923,16,1273.59,960.35,34.23000000000002,34.75999999999999,1,3,1.0
923,47,1973.37,933.59,200.28999999999996,292.16999999999996,1,8,1.0
923,64,1850.29,956.3,51.049999999999955,139.66000000000008,1,7,1.0
923,62,1355.75,959.93,54.16000000000008,43.07000000000005,1,3,1.0
923,2,1117.99,936.29,149.26999999999998,139.6400000000001,1,3,1.0
924,16,1273.18,960.21,34.23000000000002,34.75999999999999,1,3,1.0
924,47,1982.94,933.81,197.26999999999998,292.1700000000001,1,8,1.0
924,64,1857.93,955.65,51.62999999999988,141.84000000000003,1,7,1.0
924,62,1355.94,959.69,54.159999999999854,43.069999999999936,1,3,1.0
924,2,1118.2,936.48,148.68000000000006,139.05999999999995,1,3,1.0
925,16,1272.78,960.07,34.23000000000002,34.75999999999999,1,3,1.0
925,47,1992.52,934.04,194.24000000000024,292.1600000000001,1,8,1.0
925,64,1865.57,955.01,52.210000000000036,144.01999999999998,1,7,1.0
925,62,1356.12,959.45,54.16000000000008,43.069999999999936,1,3,1.0
925,2,1118.41,936.67,148.08999999999992,138.49000000000012,1,3,1.0
926,16,1272.37,959.93,34.23000000000002,34.760000000000105,1,3,1.0
926,47,2002.09,934.26,191.23000000000025,292.1600000000001,1,8,1.0
926,64,1873.21,954.37,52.799999999999955,146.18999999999994,1,7,1.0
926,62,1356.31,959.2,54.16000000000008,43.07999999999993,1,3,1.0
926,2,1118.63,936.85,147.48999999999978,137.91999999999996,1,3,1.0
927,16,1271.97,959.78,34.23000000000002,34.75999999999999,1,3,1.0
927,47,2011.67,934.48,188.19999999999982,292.1600000000001,1,8,1.0
927,64,1880.85,953.72,53.38000000000011,148.37999999999988,1,7,1.0
927,62,1356.49,958.96,54.16000000000008,43.07999999999993,1,3,1.0
927,2,1118.84,937.04,146.9000000000001,137.34000000000015,1,3,1.0
928,16,1271.56,959.64,34.23000000000002,34.75999999999999,1,3,1.0
928,47,2021.25,934.7,185.17000000000007,292.16999999999985,1,8,1.0
928,64,1888.49,953.08,53.960000000000036,150.55000000000007,1,7,1.0
928,62,1356.68,958.72,54.159999999999854,43.07999999999993,1,3,1.0
928,65,1996.17,1040.01,565.8299999999999,399.99,1,3,1.0
928,2,1119.05,937.22,146.29999999999995,136.76999999999998,1,3,1.0
929,16,1271.15,959.5,34.23000000000002,34.75999999999999,1,3,1.0
929,47,2030.82,934.92,182.14999999999986,292.16999999999996,1,8,1.0
929,64,1896.13,952.43,54.549999999999955,152.74000000000012,1,7,1.0
929,62,1356.86,958.48,54.16000000000008,43.07999999999993,1,3,1.0
929,65,1971.43,1040.02,590.5699999999999,399.98,1,3,1.0
929,2,1119.26,937.41,145.71000000000004,136.18999999999994,1,3,1.0
930,16,1270.75,959.36,34.23000000000002,34.75999999999999,1,3,1.0
930,47,2040.4,935.14,179.1300000000001,292.16999999999996,1,8,1.0
930,64,1903.77,951.79,55.13000000000011,154.91000000000008,1,7,1.0
930,62,1357.05,958.24,54.16000000000008,43.069999999999936,1,3,1.0
930,65,1946.7,1040.02,615.3,399.98,1,3,1.0
930,2,1119.47,937.59,145.1199999999999,135.63,1,3,1.0
931,16,1270.85,959.62,34.23000000000002,34.75999999999999,1,3,1.0
931,47,2054.83,936.97,179.1199999999999,292.1700000000001,1,8,1.0
931,64,1918.51,953.39,58.319999999999936,154.90999999999997,1,7,1.0
931,62,1357.83,958.69,54.49000000000001,43.19999999999993,1,3,1.0
931,65,1934.91,1036.54,627.0899999999999,403.46000000000004,1,3,1.0
931,2,1119.68,937.78,144.52999999999997,135.04999999999995,1,3,1.0
932,16,1270.95,959.88,34.23000000000002,34.75999999999999,1,3,1.0
932,47,2069.26,938.8,179.1199999999999,292.1700000000001,1,8,1.0
932,64,1933.25,955.0,61.5,154.91000000000008,1,7,1.0
932,62,1358.62,959.13,54.81000000000017,43.34000000000003,1,3,1.0
932,65,1923.11,1033.06,638.8900000000001,406.94000000000005,1,3,1.0
932,2,1119.89,937.97,143.93999999999983,134.47000000000003,1,3,1.0
933,16,1271.06,960.14,34.23000000000002,34.75999999999999,1,3,1.0
933,47,2083.68,940.64,179.1300000000001,292.15999999999997,1,8,1.0
933,64,1947.99,956.6,64.69000000000005,154.90999999999997,1,7,1.0
933,62,1359.4,959.58,55.149999999999864,43.469999999999914,1,3,1.0
933,65,1911.32,1029.59,650.6800000000001,410.4100000000001,1,3,1.0
933,2,1120.11,938.15,143.34000000000015,133.89999999999998,1,3,1.0
934,16,1271.16,960.41,34.23000000000002,34.75999999999999,1,3,1.0
934,47,2098.11,942.47,179.12999999999965,292.1700000000001,1,8,1.0
934,64,1962.73,958.2,67.86999999999989,154.90999999999985,1,7,1.0
934,62,1360.19,960.03,55.47000000000003,43.60000000000002,1,3,1.0
934,65,1899.53,1026.11,662.47,413.8900000000001,1,3,1.0
934,2,1120.32,938.34,142.75,133.32000000000005,1,3,1.0
935,16,1271.26,960.67,34.23000000000002,34.75999999999999,1,3,1.0
935,47,2112.54,944.3,179.1300000000001,292.1700000000001,1,8,1.0
935,64,1977.47,959.81,71.06000000000017,154.91000000000008,1,7,1.0
935,62,1360.97,960.48,55.799999999999955,43.73000000000002,1,3,1.0
935,65,1887.73,1022.64,674.27,417.36,1,3,1.0
935,2,1120.53,938.52,142.16000000000008,132.76,1,3,1.0
936,16,1271.36,960.93,34.23000000000002,34.760000000000105,1,3,1.0
936,47,2126.97,946.13,179.12000000000035,292.16999999999996,1,8,1.0
936,64,1992.22,961.41,74.22999999999979,154.90999999999997,1,7,1.0
936,62,1361.75,960.92,56.1400000000001,43.870000000000005,1,3,1.0
936,65,1875.94,1019.16,686.06,420.84000000000003,1,3,1.0
936,2,1120.74,938.71,141.56999999999994,132.18000000000006,1,3,1.0
937,16,1271.47,961.19,34.23000000000002,34.75999999999999,1,3,1.0
937,47,2141.39,947.96,179.1300000000001,292.1700000000001,1,8,1.0
937,64,2006.96,963.01,77.42000000000007,154.91000000000008,1,7,1.0
937,62,1362.54,961.37,56.460000000000036,44.0,1,3,1.0
937,65,1864.14,1015.68,697.8599999999999,424.32000000000005,1,3,1.0
937,2,1120.95,938.9,140.97000000000003,131.60000000000002,1,3,1.0
938,16,1271.57,961.45,34.23000000000002,34.75999999999999,1,3,1.0
938,47,2155.82,949.8,179.12999999999965,292.1700000000001,1,8,1.0
938,64,2021.7,964.62,80.60000000000014,154.90999999999997,1,7,1.0
938,62,1363.32,961.82,56.789999999999964,44.129999999999995,1,3,1.0
938,65,1852.35,1012.21,709.6500000000001,427.78999999999996,1,3,1.0
938,2,1121.16,939.08,140.37999999999988,131.02999999999986,1,3,1.0
939,16,1271.67,961.72,34.23000000000002,34.75999999999999,1,3,1.0
939,47,2164.98,949.8,179.1300000000001,292.1700000000001,1,8,1.0
939,64,2039.72,964.62,80.60000000000014,154.90999999999997,1,7,1.0
939,62,1364.11,962.26,57.12000000000012,44.26999999999998,1,3,1.0
939,65,1840.56,1008.73,721.44,431.27,1,3,1.0
939,2,1121.37,939.27,139.7900000000002,130.46000000000004,1,3,1.0
940,16,1271.77,961.98,34.23000000000002,34.75999999999999,1,3,1.0
940,47,2194.29,949.8,179.1300000000001,292.1700000000001,1,8,1.0
940,64,2057.75,964.62,80.59999999999991,154.90999999999997,1,7,1.0
940,62,1364.89,962.71,57.44999999999982,44.39999999999998,1,3,1.0
940,65,1828.76,1005.26,733.24,434.74,1,3,1.0
940,2,1121.59,939.45,139.19000000000005,129.88999999999987,1,3,1.0
941,16,1271.88,962.24,34.22999999999979,34.75999999999999,1,3,1.0
941,47,2216.28,949.8,179.1199999999999,292.1700000000001,1,8,1.0
941,64,2074.71,965.68,80.59999999999991,154.90999999999997,1,7,1.0
941,62,1365.68,963.16,57.76999999999998,44.530000000000086,1,3,1.0
941,65,1816.97,1001.78,745.03,438.22,1,3,1.0
941,2,1121.8,939.64,138.60000000000014,129.31000000000006,1,3,1.0
942,16,1271.98,962.5,34.23000000000002,34.75999999999999,1,3,1.0
942,47,2219.94,949.8,179.1300000000001,292.1700000000001,1,8,1.0
942,64,2094.86,966.74,80.59999999999991,154.91000000000008,1,7,1.0
942,62,1366.46,963.61,58.09999999999991,44.65999999999997,1,3,1.0
942,65,1805.18,998.3,756.8199999999999,441.70000000000005,1,3,1.0
942,2,1122.01,939.82,138.01,128.7399999999999,1,3,1.0
943,16,1272.08,962.76,34.23000000000002,34.75999999999999,1,3,1.0
943,47,2230.93,949.8,179.1300000000001,292.1700000000001,1,8,1.0
943,62,1367.25,964.05,58.430000000000064,44.80000000000007,1,3,1.0
943,65,1793.38,994.83,768.6199999999999,445.16999999999996,1,3,1.0
943,2,1122.22,940.01,137.42000000000007,128.16000000000008,1,3,1.0
944,16,1272.18,963.03,34.23000000000002,34.75999999999999,1,3,1.0
944,47,2247.42,957.12,179.1300000000001,292.16999999999996,1,8,1.0
944,62,1368.03,964.5,58.75999999999999,44.92999999999995,1,3,1.0
944,65,1781.59,991.35,780.4100000000001,448.65,1,3,1.0
944,2,1122.43,940.2,136.82999999999993,127.58999999999992,1,3,1.0
945,16,1272.29,963.29,34.23000000000002,34.75999999999999,1,3,1.0
945,62,1368.82,964.95,59.080000000000155,45.059999999999945,1,3,1.0
945,65,1769.79,987.88,792.21,452.12,1,3,1.0
945,2,1122.64,940.38,136.24,127.0200000000001,1,3,1.0
946,16,1272.39,963.55,34.22999999999979,34.75999999999999,1,3,1.0
946,62,1369.6,965.4,59.42000000000007,45.190000000000055,1,3,1.0
946,65,1758.0,984.4,804.0,455.6,1,3,1.0
946,2,1122.86,940.57,135.6300000000001,126.43999999999994,1,3,1.0
947,16,1272.49,963.81,34.23000000000002,34.760000000000105,1,3,1.0
947,62,1370.39,965.84,59.74000000000001,45.32999999999993,1,3,1.0
947,65,1751.19,984.53,810.81,454.6600000000001,1,3,1.0
947,2,1123.07,940.75,135.03999999999996,125.86999999999989,1,3,1.0
948,16,1272.59,964.07,34.23000000000002,34.75999999999999,1,3,1.0
948,62,1371.17,966.29,60.069999999999936,45.460000000000036,1,3,1.0
948,65,1744.37,984.67,817.6300000000001,453.69999999999993,1,3,1.0
948,2,1123.28,940.94,134.45000000000005,125.29999999999995,1,3,1.0
949,16,1272.7,964.34,34.23000000000002,34.75999999999999,1,3,1.0
949,62,1371.96,966.74,60.399999999999864,45.59000000000003,1,3,1.0
949,65,1737.56,984.8,824.44,452.76,1,3,1.0
949,2,1123.49,941.13,133.8599999999999,124.71999999999991,1,3,1.0
950,16,1272.8,964.6,34.23000000000002,34.75999999999999,1,3,1.0
950,62,1372.74,967.19,60.73000000000002,45.719999999999914,1,3,1.0
950,65,1730.75,984.94,831.25,451.79999999999995,1,3,1.0
950,2,1123.7,941.31,133.26999999999998,124.15000000000009,1,3,1.0
951,16,1272.9,964.86,34.23000000000002,34.75999999999999,1,3,1.0
951,62,1373.52,967.63,61.059999999999945,45.860000000000014,1,3,1.0
951,65,1723.93,985.07,838.0699999999999,450.86,1,3,1.0
951,2,1123.91,941.5,132.67999999999984,123.56999999999994,1,3,1.0
952,16,1273.0,965.12,34.23000000000002,34.75999999999999,1,3,1.0
952,62,1374.31,968.08,61.38000000000011,45.99000000000001,1,3,1.0
952,65,1717.12,985.21,844.8800000000001,449.89999999999986,1,3,1.0
952,2,1124.12,941.68,132.09000000000015,123.00000000000011,1,3,1.0
953,16,1273.11,965.38,34.23000000000002,34.75999999999999,1,3,1.0
953,62,1375.09,968.53,61.72000000000003,46.120000000000005,1,3,1.0
953,65,1710.31,985.34,851.69,448.9599999999999,1,3,1.0
953,2,1124.34,941.87,131.49,122.42999999999995,1,3,1.0
954,16,1273.21,965.65,34.23000000000002,34.75999999999999,1,3,1.0
954,62,1375.88,968.97,62.039999999999964,46.25,1,3,1.0
954,65,1703.5,985.48,858.5,448.01,1,3,1.0
954,2,1124.55,942.05,130.9000000000001,121.86000000000013,1,3,1.0
955,16,1272.7,965.7,34.23000000000002,34.75999999999999,1,3,1.0
955,62,1376.41,969.17,62.36999999999989,46.379999999999995,1,3,1.0
955,65,1696.68,985.61,865.3199999999999,447.06000000000006,1,3,1.0
955,2,1124.76,942.24,130.29999999999995,121.27999999999997,1,3,1.0
956,16,1272.19,965.76,34.23000000000002,34.75999999999999,1,3,1.0
956,62,1376.94,969.36,62.700000000000045,46.50999999999999,1,3,1.0
956,65,1689.87,985.75,872.1300000000001,446.1099999999999,1,3,1.0
956,2,1124.97,942.43,129.71000000000004,120.70000000000016,1,3,1.0
957,16,1271.68,965.82,34.23000000000002,34.75999999999999,1,3,1.0
957,62,1377.47,969.55,63.01999999999998,46.65000000000009,1,3,1.0
957,65,1683.06,985.88,878.94,445.15999999999997,1,3,1.0
957,2,1125.18,942.61,129.1199999999999,120.13,1,3,1.0
958,16,1271.17,965.88,34.23000000000002,34.75999999999999,1,3,1.0
958,62,1378.0,969.74,63.34999999999991,46.77999999999997,1,3,1.0
958,65,1676.24,986.02,885.76,444.21000000000004,1,3,1.0
958,2,1125.39,942.8,128.52999999999997,119.55999999999995,1,3,1.0
959,16,1270.65,965.93,34.23000000000002,34.760000000000105,1,3,1.0
959,62,1378.52,969.93,63.690000000000055,46.91000000000008,1,3,1.0
959,65,1669.43,986.15,892.5699999999999,443.2600000000001,1,3,1.0
959,2,1125.6,942.98,127.94000000000005,118.99000000000001,1,3,1.0
960,16,1270.14,965.99,34.22999999999979,34.75999999999999,1,3,1.0
960,62,1379.05,970.12,64.01999999999998,47.049999999999955,1,3,1.0
960,65,1662.62,986.29,899.3800000000001,442.30999999999995,1,3,1.0
960,2,1125.82,943.17,127.34000000000015,118.40999999999997,1,3,1.0
961,16,1269.63,966.05,34.22999999999979,34.75999999999999,1,3,1.0
961,62,1379.58,970.32,64.34000000000015,47.16999999999996,1,3,1.0
961,65,1655.8,986.42,906.2,441.36,1,3,1.0
961,2,1126.03,943.35,126.75,117.84000000000003,1,3,1.0
962,16,1269.12,966.11,34.23000000000002,34.75999999999999,1,3,1.0
962,62,1380.11,970.51,64.67000000000007,47.31000000000006,1,3,1.0
962,65,1648.99,986.56,913.01,440.4100000000001,1,3,1.0
962,2,1126.24,943.54,126.16000000000008,117.26999999999998,1,3,1.0
963,16,1268.61,966.16,34.23000000000002,34.75999999999999,1,3,1.0
963,62,1380.64,970.7,65.0,47.43999999999994,1,3,1.0
963,65,1642.18,986.69,919.8199999999999,439.47,1,3,1.0
963,2,1126.45,943.73,125.56999999999994,116.69000000000005,1,3,1.0
964,16,1268.1,966.22,34.23000000000002,34.75999999999999,1,3,1.0
964,62,1381.17,970.89,65.32999999999993,47.57000000000005,1,3,1.0
964,65,1635.36,986.83,897.0699999999999,438.5099999999999,1,3,1.0
964,2,1126.66,943.91,124.98000000000002,116.12,1,3,1.0
965,16,1267.59,966.28,34.23000000000002,34.75999999999999,1,3,1.0
965,62,1381.7,971.08,65.64999999999986,47.70999999999992,1,3,1.0
965,65,1628.55,986.96,874.3,437.56999999999994,1,3,1.0
965,2,1126.87,944.1,124.38000000000011,115.54000000000008,1,3,1.0
966,16,1267.08,966.34,34.23000000000002,34.75999999999999,1,3,1.0
966,62,1382.23,971.28,65.98000000000002,47.83000000000004,1,3,1.0
966,65,1621.74,987.1,851.5400000000002,436.61,1,3,1.0
966,2,1127.08,944.28,123.78999999999996,114.97000000000003,1,3,1.0
967,16,1266.57,966.39,34.23000000000002,34.75999999999999,1,3,1.0
967,62,1382.76,971.47,66.30999999999995,47.97000000000003,1,3,1.0
967,65,1614.92,987.23,828.7799999999997,435.6700000000001,1,3,1.0
967,2,1127.3,944.47,123.19000000000005,114.39999999999986,1,3,1.0
968,16,1266.06,966.45,34.23000000000002,34.75999999999999,1,3,1.0
968,62,1383.29,971.66,66.6400000000001,48.10000000000002,1,3,1.0
968,65,1608.11,987.37,817.53,433.2600000000001,1,3,1.0
968,2,1127.51,944.66,122.59999999999991,113.82000000000005,1,3,1.0
969,16,1265.55,966.51,34.23000000000002,34.75999999999999,1,3,1.0
969,62,1383.81,971.85,66.97000000000003,48.23000000000002,1,3,1.0
969,65,1601.3,987.5,806.2700000000002,430.8499999999999,1,3,1.0
969,2,1127.72,944.84,122.00999999999999,113.24999999999989,1,3,1.0
970,16,1265.03,966.57,34.23000000000002,34.75999999999999,1,3,1.0
970,62,1384.34,972.04,67.30000000000018,48.370000000000005,1,3,1.0
970,65,1594.48,987.64,795.0300000000002,428.43999999999994,1,3,1.0
970,2,1127.93,945.03,121.41999999999985,112.67000000000007,1,3,1.0
971,16,1264.52,966.62,34.23000000000002,34.75999999999999,1,3,1.0
971,62,1384.87,972.23,67.63000000000011,48.5,1,3,1.0
971,65,1587.67,987.77,783.7799999999997,426.03999999999996,1,3,1.0
971,2,1128.14,945.21,120.82999999999993,112.09999999999991,1,3,1.0
972,16,1264.01,966.68,34.23000000000002,34.760000000000105,1,3,1.0
972,62,1385.4,972.43,67.95999999999981,48.629999999999995,1,3,1.0
972,65,1580.86,987.91,772.5200000000002,423.63,1,3,1.0
972,2,1128.35,945.4,120.24000000000001,111.53000000000009,1,3,1.0
973,16,1263.5,966.74,34.23000000000002,34.75999999999999,1,3,1.0
973,62,1385.93,972.62,68.27999999999997,48.75999999999999,1,3,1.0
973,65,1574.05,988.04,761.2700000000002,421.22,1,3,1.0
973,2,1128.56,945.58,119.65000000000009,110.95999999999992,1,3,1.0
974,16,1262.99,966.8,34.23000000000002,34.75999999999999,1,3,1.0
974,62,1386.46,972.81,68.6099999999999,48.8900000000001,1,3,1.0
974,65,1567.23,988.18,750.02,418.81000000000006,1,3,1.0
974,2,1128.78,945.77,119.03999999999996,110.38000000000011,1,3,1.0
975,16,1262.48,966.85,34.23000000000002,34.75999999999999,1,3,1.0
975,62,1386.99,973.0,68.94000000000005,49.02999999999997,1,3,1.0
975,65,1560.42,988.31,738.77,416.4100000000001,1,3,1.0
975,2,1128.99,945.96,118.45000000000005,109.79999999999995,1,3,1.0
976,16,1261.97,966.91,34.23000000000002,34.75999999999999,1,3,1.0
976,62,1387.52,973.19,69.26999999999998,49.15999999999997,1,3,1.0
976,65,1553.61,988.45,727.5200000000002,414.0,1,3,1.0
976,2,1129.2,946.14,117.8599999999999,109.24000000000012,1,3,1.0
977,16,1261.46,966.97,34.23000000000002,34.75999999999999,1,3,1.0
977,62,1388.05,973.38,69.59000000000015,49.299999999999955,1,3,1.0
977,65,1546.79,988.58,716.27,411.59000000000003,1,3,1.0
977,2,1129.41,946.33,117.26999999999998,108.65999999999997,1,3,1.0
978,16,1260.95,967.03,34.23000000000002,34.75999999999999,1,3,1.0
978,62,1388.58,973.58,69.92000000000007,49.41999999999996,1,3,1.0
978,65,1539.98,988.72,705.02,409.18000000000006,1,3,1.0
978,2,1129.62,946.51,116.68000000000006,108.08999999999992,1,3,1.0
979,16,1260.26,967.41,34.23000000000002,34.75999999999999,1,3,1.0
979,62,1388.81,973.65,70.52999999999997,49.960000000000036,1,3,1.0
979,65,1539.98,988.72,705.02,393.3499999999999,1,3,1.0
979,2,1129.01,946.59,116.68000000000006,108.09000000000003,1,3,1.0
980,16,1259.57,967.79,34.23000000000002,34.75999999999999,1,3,1.0
980,62,1389.04,973.73,71.1400000000001,50.5,1,3,1.0
980,65,1539.98,988.72,705.02,377.51,1,3,1.0
980,2,1128.39,946.67,116.67999999999984,108.08000000000004,1,3,1.0
981,16,1258.88,968.18,34.22999999999979,34.760000000000105,1,3,1.0
981,62,1389.27,973.81,71.74000000000001,51.02999999999997,1,3,1.0
981,65,1539.98,988.72,705.02,361.68000000000006,1,3,1.0
981,2,1127.78,946.74,116.68000000000006,108.08999999999992,1,3,1.0
982,16,1258.19,968.56,34.23000000000002,34.760000000000105,1,3,1.0
982,62,1389.5,973.88,72.34999999999991,51.57000000000005,1,3,1.0
982,65,1539.98,988.72,628.52,361.68000000000006,1,3,1.0
982,2,1127.17,946.82,116.67999999999984,108.09000000000003,1,3,1.0
983,16,1257.5,968.94,34.23000000000002,34.75999999999999,1,3,1.0
983,62,1389.73,973.96,72.96000000000004,52.09999999999991,1,3,1.0
983,65,1535.0,988.62,623.4299999999998,357.5100000000001,1,3,1.0
983,2,1126.55,946.9,116.68000000000006,108.08000000000004,1,3,1.0
984,16,1256.81,969.33,34.23000000000002,34.75999999999999,1,3,1.0
984,62,1389.96,974.04,73.56999999999994,52.6400000000001,1,3,1.0
984,65,1530.01,988.52,618.3399999999999,353.3299999999999,1,3,1.0
984,2,1125.94,946.97,116.67999999999984,108.08999999999992,1,3,1.0
985,16,1256.12,969.71,34.23000000000002,34.75999999999999,1,3,1.0
985,62,1390.19,974.11,74.16999999999985,53.17999999999995,1,3,1.0
985,65,1525.02,988.41,613.2600000000002,349.16999999999996,1,3,1.0
985,2,1125.33,947.05,116.68000000000006,108.09000000000015,1,3,1.0
986,16,1255.43,970.09,34.23000000000002,34.75999999999999,1,3,1.0
986,62,1390.42,974.19,74.77999999999997,53.710000000000036,1,3,1.0
986,65,1520.04,988.31,608.1700000000001,345.0,1,3,1.0
986,2,1124.71,947.13,116.68000000000006,108.08000000000004,1,3,1.0
987,16,1254.41,970.09,34.23000000000002,34.75999999999999,1,3,1.0
987,62,1391.03,974.32,75.11000000000013,53.83000000000004,1,3,1.0
987,65,1515.05,988.21,603.0800000000002,340.81999999999994,1,3,1.0
987,2,1121.81,946.56,116.68000000000006,108.09000000000015,1,3,1.0
988,16,1253.39,970.09,34.22999999999979,34.75999999999999,1,3,1.0
988,62,1391.65,974.45,75.41999999999985,53.960000000000036,1,3,1.0
988,65,1510.07,988.11,597.99,336.65,1,3,1.0
988,2,1118.91,946.0,116.67999999999984,108.08999999999992,1,3,1.0
989,16,1252.37,970.09,34.23000000000002,34.75999999999999,1,3,1.0
989,62,1392.27,974.58,75.74000000000001,54.08000000000004,1,3,1.0
989,65,1505.08,988.01,592.9099999999999,332.48,1,3,1.0
989,2,1116.01,945.44,116.68000000000006,108.07999999999993,1,3,1.0
990,16,1251.35,970.09,34.23000000000002,34.75999999999999,1,3,1.0
990,62,1392.88,974.71,76.05999999999995,54.210000000000036,1,3,1.0
990,65,1500.1,987.91,587.81,328.30000000000007,1,3,1.0
990,2,1113.11,944.87,116.68000000000006,108.09000000000003,1,3,1.0
991,16,1250.33,970.09,34.23000000000002,34.75999999999999,1,3,1.0
991,62,1393.5,974.83,76.38000000000011,54.34000000000003,1,3,1.0
991,65,1495.11,987.81,582.7300000000002,324.1300000000001,1,3,1.0
991,2,1110.21,944.31,116.68000000000006,108.08000000000015,1,3,1.0
992,16,1249.94,970.09,34.23000000000002,34.75999999999999,1,3,1.0
992,62,1394.12,974.96,76.70000000000005,54.47000000000003,1,3,1.0
992,65,1490.13,987.71,577.6399999999999,319.96000000000004,1,3,1.0
992,2,1109.55,944.3,116.68000000000006,108.09000000000015,1,3,1.0
993,16,1249.54,970.09,34.23000000000002,34.75999999999999,1,3,1.0
993,62,1394.73,975.09,77.01999999999998,54.59000000000003,1,3,1.0
993,65,1485.14,987.6,572.55,315.7900000000001,1,3,1.0
993,2,1108.89,944.3,116.67999999999984,108.09000000000015,1,3,1.0
994,16,1249.15,970.09,34.23000000000002,34.75999999999999,1,3,1.0
994,62,1395.35,975.22,77.34000000000015,54.72000000000003,1,3,1.0
994,65,1480.16,987.5,567.4599999999998,311.6199999999999,1,3,1.0
994,2,1108.23,944.3,116.68000000000006,108.08000000000015,1,3,1.0
995,16,1248.76,970.09,34.23000000000002,34.75999999999999,1,3,1.0
995,62,1395.97,975.35,77.64999999999986,54.84000000000003,1,3,1.0
995,65,1475.17,987.4,562.3799999999999,307.44999999999993,1,3,1.0
995,2,1107.57,944.29,116.68000000000006,108.09000000000015,1,3,1.0
996,16,1248.36,970.09,34.23000000000002,34.75999999999999,1,3,1.0
996,62,1396.58,975.48,77.98000000000002,54.97000000000003,1,3,1.0
996,65,1470.18,987.3,557.29,303.27,1,3,1.0
996,2,1106.91,944.29,116.67999999999984,108.09000000000015,1,3,1.0
997,16,1247.97,970.09,34.23000000000002,34.75999999999999,1,3,1.0
997,62,1397.2,975.61,78.29999999999995,55.09000000000003,1,3,1.0
997,65,1465.2,987.2,552.2,299.0999999999999,1,3,1.0
997,2,1106.25,944.29,116.68000000000006,108.07999999999993,1,3,1.0
998,16,1247.61,970.0,34.23000000000002,34.75999999999999,1,3,1.0
998,62,1398.46,975.42,78.74000000000001,55.64999999999998,1,3,1.0
998,65,1470.45,987.1,527.2,297.55000000000007,1,3,1.0
998,2,1105.18,944.26,115.8599999999999,107.38000000000011,1,3,1.0
999,16,1247.26,969.91,34.23000000000002,34.75999999999999,1,3,1.0
999,62,1399.72,975.23,79.19000000000005,56.210000000000036,1,3,1.0
999,65,1475.7,987.0,502.20000000000005,296.0,1,3,1.0
999,2,1104.12,944.24,115.04000000000019,106.67000000000007,1,3,1.0
1000,16,1246.9,969.83,34.23000000000002,34.75999999999999,1,3,1.0
1000,62,1400.98,975.05,79.62999999999988,56.75999999999999,1,3,1.0
1000,65,1473.77,986.9,495.9000000000001,294.44999999999993,1,3,1.0
1000,2,1103.05,944.22,114.22000000000003,105.95000000000005,1,3,1.0
1001,16,1246.55,969.74,34.23000000000002,34.75999999999999,1,3,1.0
1001,62,1402.24,974.86,80.06999999999994,57.32000000000005,1,3,1.0
1001,65,1471.85,986.8,489.59000000000015,292.9000000000001,1,3,1.0
1001,2,1101.99,944.19,113.3900000000001,105.25,1,3,1.0
1002,16,1246.19,969.65,34.23000000000002,34.75999999999999,1,3,1.0
1002,62,1403.5,974.67,80.51999999999998,57.879999999999995,1,3,1.0
1002,65,1469.92,986.7,483.29999999999995,291.3499999999999,1,3,1.0
1002,2,1100.92,944.17,112.57999999999993,104.54000000000008,1,3,1.0
1003,16,1245.83,969.56,34.23000000000002,34.760000000000105,1,3,1.0
1003,62,1404.77,974.49,80.95000000000005,58.430000000000064,1,3,1.0
1003,65,1468.0,986.6,476.99,289.80000000000007,1,3,1.0
1003,2,1099.86,944.15,111.75,103.83000000000004,1,3,1.0
1004,16,1245.48,969.47,34.23000000000002,34.75999999999999,1,3,1.0
1004,62,1406.03,974.3,81.40000000000009,58.99000000000001,1,3,1.0
1004,65,1466.07,986.5,470.69000000000005,288.25,1,3,1.0
1004,2,1098.79,944.12,110.94000000000005,103.12,1,3,1.0
1005,16,1245.12,969.38,34.23000000000002,34.75999999999999,1,3,1.0
1005,62,1407.29,974.11,81.84000000000015,59.55000000000007,1,3,1.0
1005,65,1464.15,986.4,464.3799999999999,286.69999999999993,1,3,1.0
1005,2,1097.73,944.1,110.1099999999999,102.40999999999997,1,3,1.0
1006,16,1244.77,969.29,34.23000000000002,34.75999999999999,1,3,1.0
1006,62,1408.55,973.92,82.28999999999996,60.110000000000014,1,3,1.0
1006,65,1462.22,986.3,458.0899999999999,285.1500000000001,1,3,1.0
1006,2,1096.66,944.08,109.28999999999996,101.69999999999993,1,3,1.0
1007,16,1244.41,969.2,34.23000000000002,34.75999999999999,1,3,1.0
1007,62,1409.81,973.74,82.73000000000002,60.66000000000008,1,3,1.0
1007,65,1460.3,986.2,451.78,283.5999999999999,1,3,1.0
1007,2,1095.6,944.05,108.47000000000003,100.99000000000001,1,3,1.0
1008,16,1244.06,969.11,34.23000000000002,34.75999999999999,1,3,1.0
1008,62,1411.07,973.55,83.17000000000007,61.22000000000003,1,3,1.0
1008,65,1458.37,986.1,445.48,282.05000000000007,1,3,1.0
1008,2,1094.53,944.03,107.65000000000009,100.27999999999997,1,3,1.0
1009,16,1243.7,969.02,34.23000000000002,34.76999999999998,1,3,1.0
1009,62,1412.33,973.36,83.62000000000012,61.770000000000095,1,3,1.0
1009,65,1456.45,986.0,439.16999999999985,280.5,1,3,1.0
1009,2,1093.47,944.01,106.82999999999993,99.56999999999994,1,3,1.0
1010,16,1243.34,968.94,34.23000000000002,34.75999999999999,1,3,1.0
1010,62,1413.59,973.17,84.06000000000017,62.33000000000004,1,3,1.0
1010,65,1454.52,985.9,432.8700000000001,278.94999999999993,1,3,1.0
1010,2,1092.4,943.98,106.00999999999999,98.86999999999989,1,3,1.0
1011,16,1242.99,968.85,34.23000000000002,34.75999999999999,1,3,1.0
1011,62,1414.85,972.99,84.50999999999999,62.87999999999988,1,3,1.0
1011,65,1452.6,985.8,426.57000000000016,277.4000000000001,1,3,1.0
1011,2,1091.34,943.96,105.18000000000006,98.14999999999986,1,3,1.0
1012,16,1242.63,968.76,34.22999999999979,34.75999999999999,1,3,1.0
1012,62,1416.11,972.8,84.95000000000005,63.440000000000055,1,3,1.0
1012,65,1450.67,985.7,420.27,275.8499999999999,1,3,1.0
1012,2,1090.27,943.94,104.37000000000012,97.44000000000005,1,3,1.0
1013,16,1242.28,968.67,34.23000000000002,34.75999999999999,1,3,1.0
1013,62,1417.37,972.61,85.40000000000009,63.999999999999886,1,3,1.0
1013,65,1448.75,985.6,413.96000000000004,274.30000000000007,1,3,1.0
1013,2,1089.21,943.92,103.53999999999996,96.73000000000013,1,3,1.0
1014,16,1241.92,968.58,34.23000000000002,34.75999999999999,1,3,1.0
1014,62,1418.63,972.42,85.83999999999992,64.56000000000006,1,3,1.0
1014,65,1446.82,985.5,407.6600000000001,272.75,1,3,1.0
1014,2,1088.14,943.89,102.72999999999979,96.0200000000001,1,3,1.0
1015,16,1241.57,968.49,34.23000000000002,34.75999999999999,1,3,1.0
1015,62,1419.9,972.24,86.26999999999998,65.1099999999999,1,3,1.0
1015,65,1444.9,985.4,401.3599999999999,271.19999999999993,1,3,1.0
1015,2,1087.08,943.87,101.90000000000009,95.31000000000006,1,3,1.0
1016,16,1241.21,968.4,34.23000000000002,34.75999999999999,1,3,1.0
1016,62,1421.16,972.05,86.72000000000003,65.67000000000007,1,3,1.0
1016,65,1442.97,985.3,395.05999999999995,269.6500000000001,1,3,1.0
1016,66,1184.51,963.99,39.3900000000001,38.309999999999945,1,3,1.0
1016,2,1086.01,943.85,101.07999999999993,94.60000000000002,1,3,1.0
1017,16,1240.85,968.31,34.23000000000002,34.760000000000105,1,3,1.0
1017,62,1422.42,971.86,87.15999999999985,66.2299999999999,1,3,1.0
1017,65,1441.05,985.2,388.75,268.0999999999999,1,3,1.0
1017,66,1184.72,963.87,39.38999999999987,38.309999999999945,1,3,1.0
1017,67,1834.96,980.65,65.02999999999997,123.45999999999992,1,7,1.0
1017,2,1086.18,943.67,100.25999999999999,93.88999999999999,1,3,1.0
1018,16,1240.5,968.22,34.23000000000002,34.75999999999999,1,3,1.0
1018,62,1423.68,971.67,87.6099999999999,66.79000000000008,1,3,1.0
1018,65,1439.12,985.1,388.8800000000001,266.55000000000007,1,3,1.0
1018,66,1184.94,963.76,39.37999999999988,38.31000000000006,1,3,1.0
1018,67,1847.32,981.94,65.03999999999996,123.46000000000004,1,7,1.0
1018,2,1086.35,943.49,99.45000000000005,93.18000000000006,1,3,1.0
1019,16,1240.14,968.14,34.22999999999979,34.75999999999999,1,3,1.0
1019,62,1424.94,971.49,88.04999999999995,67.33999999999992,1,3,1.0
1019,65,1437.2,985.0,389.0,265.0,1,3,1.0
1019,66,1185.15,963.64,39.38999999999987,38.31000000000006,1,3,1.0
1019,67,1859.69,983.23,65.03999999999996,123.47000000000003,1,7,1.0
1019,2,1086.53,943.31,98.62000000000012,92.48000000000002,1,3,1.0
1020,16,1239.79,968.05,34.23000000000002,34.75999999999999,1,3,1.0
1020,62,1426.2,971.3,88.5,67.90000000000009,1,3,1.0
1020,65,1435.27,984.9,389.1300000000001,263.44999999999993,1,3,1.0
1020,66,1185.36,963.53,39.3900000000001,38.31000000000006,1,3,1.0
1020,67,1872.06,984.53,65.03999999999996,123.46000000000004,1,7,1.0
1020,2,1086.7,943.13,97.79999999999995,91.7700000000001,1,3,1.0
1021,16,1239.96,967.93,34.180000000000064,34.67000000000007,1,3,1.0
1021,62,1428.92,971.63,87.48000000000002,66.62,1,3,1.0
1021,65,1433.35,984.8,389.25,261.9000000000001,1,3,1.0
1021,66,1185.57,963.41,39.3900000000001,38.31000000000006,1,3,1.0
1021,67,1884.43,985.82,65.02999999999997,123.45999999999992,1,7,1.0
1021,2,1086.27,943.08,98.70000000000005,92.55000000000007,1,3,1.0
1022,16,1240.13,967.81,34.13999999999987,34.58000000000004,1,3,1.0
1022,62,1431.65,971.96,86.45999999999981,65.33999999999992,1,3,1.0
1022,65,1431.42,984.7,389.3799999999999,260.3499999999999,1,3,1.0
1022,66,1185.78,963.29,39.3900000000001,38.31000000000006,1,3,1.0
1022,67,1900.12,986.93,65.0300000000002,123.46000000000015,1,7,1.0
1022,2,1085.84,943.03,99.60000000000014,93.31999999999994,1,3,1.0
1023,16,1240.3,967.69,34.090000000000146,34.5,1,3,1.0
1023,62,1434.37,972.29,85.44000000000005,64.04999999999995,1,3,1.0
1023,65,1429.5,984.6,389.5,258.80000000000007,1,3,1.0
1023,66,1185.99,963.18,39.3900000000001,38.31000000000006,1,3,1.0
1023,67,1915.8,988.03,65.03999999999996,123.46000000000004,1,7,1.0
1023,2,1085.41,942.98,100.5,94.09999999999991,1,3,1.0
1024,16,1240.47,967.58,34.049999999999955,34.39999999999998,1,3,1.0
1024,62,1437.1,972.62,84.41000000000008,62.770000000000095,1,3,1.0
1024,65,1427.57,984.5,389.6300000000001,257.25,1,3,1.0
1024,66,1186.21,963.06,39.37999999999988,38.31000000000006,1,3,1.0
1024,67,1927.99,988.03,65.02999999999997,123.46000000000004,1,7,1.0
1024,2,1084.98,942.93,101.40000000000009,94.88,1,3,1.0
1025,16,1240.64,967.46,34.0,34.309999999999945,1,3,1.0
1025,62,1439.82,972.94,83.40000000000009,61.5,1,3,1.0
1025,65,1425.65,984.4,389.75,255.69999999999993,1,3,1.0
1025,66,1186.42,962.95,39.38999999999987,38.309999999999945,1,3,1.0
1025,67,1947.12,986.44,65.04000000000019,133.55999999999995,1,7,1.0
1025,2,1084.55,942.89,102.28999999999996,95.64999999999998,1,3,1.0
1026,16,1240.81,967.34,33.960000000000036,34.219999999999914,1,3,1.0
1026,62,1442.55,973.27,82.37000000000012,60.22000000000003,1,3,1.0
1026,65,1423.72,984.3,389.8799999999999,254.1500000000001,1,3,1.0
1026,66,1186.63,962.83,39.38999999999987,38.309999999999945,1,3,1.0
1026,67,1963.6,986.97,65.04000000000019,140.43000000000006,1,7,1.0
1026,2,1084.12,942.84,103.19000000000005,96.41999999999996,1,3,1.0
1027,16,1240.98,967.22,33.91000000000008,34.139999999999986,1,3,1.0
1027,62,1445.27,973.6,81.36000000000013,58.92999999999995,1,3,1.0
1027,65,1421.8,984.2,390.0,252.5999999999999,1,3,1.0
1027,66,1186.84,962.71,39.3900000000001,38.309999999999945,1,3,1.0
1027,67,1983.27,986.97,65.03999999999996,140.43000000000006,1,7,1.0
1027,2,1083.69,942.79,104.08999999999992,97.20000000000005,1,3,1.0
1028,16,1241.15,967.1,33.86999999999989,34.049999999999955,1,3,1.0
1028,62,1447.99,973.93,80.33999999999992,57.64999999999998,1,3,1.0
1028,65,1419.87,984.1,390.1300000000001,251.05000000000007,1,3,1.0
1028,66,1187.05,962.6,39.3900000000001,38.309999999999945,1,3,1.0
1028,67,2011.98,990.69,65.03999999999996,140.42999999999984,1,7,1.0
1028,2,1083.26,942.74,104.99000000000001,97.98000000000002,1,3,1.0
1029,16,1241.32,966.99,33.820000000000164,33.950000000000045,1,3,1.0
1029,62,1450.72,974.26,79.31999999999994,56.37000000000012,1,3,1.0
1029,65,1417.95,984.0,390.25,249.5,1,3,1.0
1029,66,1187.26,962.48,39.3900000000001,38.309999999999945,1,3,1.0
1029,67,2025.8,991.22,65.04000000000019,140.43000000000006,1,7,1.0
1029,2,1082.83,942.69,105.8900000000001,98.75999999999999,1,3,1.0
1030,16,1241.49,966.87,33.77999999999997,33.870000000000005,1,3,1.0
1030,62,1453.44,974.59,78.29999999999995,55.09000000000003,1,3,1.0
1030,65,1416.02,983.9,390.3800000000001,247.94999999999993,1,3,1.0
1030,66,1187.48,962.37,39.37999999999988,38.309999999999945,1,3,1.0
1030,67,2052.57,991.01,67.80999999999995,148.6300000000001,1,7,1.0
1030,2,1082.4,942.64,106.78999999999996,99.53000000000009,1,3,1.0
1031,16,1241.66,966.75,33.73000000000002,33.77999999999997,1,3,1.0
1031,62,1457.02,974.59,78.29999999999995,55.09000000000003,1,3,1.0
1031,65,1414.1,983.8,390.5,246.4000000000001,1,3,1.0
1031,66,1187.69,962.25,39.38999999999987,38.309999999999945,1,3,1.0
1031,67,2079.33,990.8,70.59000000000015,156.83000000000015,1,7,1.0
1031,2,1081.97,942.59,107.69000000000005,100.31000000000006,1,3,1.0
1032,16,1241.83,966.63,33.690000000000055,33.690000000000055,1,3,1.0
1032,65,1412.17,983.7,390.6299999999999,244.8499999999999,1,3,1.0
1032,66,1187.9,962.13,39.38999999999987,38.31000000000006,1,3,1.0
1032,67,2106.1,990.58,73.36000000000013,165.03999999999985,1,7,1.0
1032,2,1081.54,942.54,108.59000000000015,101.09000000000015,1,3,1.0
1033,16,1242.0,966.51,33.6400000000001,33.60000000000002,1,3,1.0
1033,65,1410.25,983.6,390.75,243.30000000000007,1,3,1.0
1033,66,1188.11,962.02,39.3900000000001,38.31000000000006,1,3,1.0
1033,67,2132.87,990.37,76.13000000000011,173.2399999999999,1,7,1.0
1033,2,1081.11,942.49,109.49000000000001,101.8599999999999,1,3,1.0
1034,16,1242.17,966.4,33.59999999999991,33.50999999999999,1,3,1.0
1034,65,1408.32,983.5,390.8800000000001,241.75,1,3,1.0
1034,66,1188.32,961.9,39.3900000000001,38.31000000000006,1,3,1.0
1034,67,2160.3,990.16,78.89999999999964,181.43999999999994,1,7,1.0
1034,2,1080.68,942.44,110.38999999999987,102.63999999999987,1,3,1.0
1035,16,1242.34,966.28,33.55000000000018,33.42000000000007,1,3,1.0
1035,65,1406.4,983.4,391.0,240.19999999999993,1,3,1.0
1035,66,1188.53,961.79,39.3900000000001,38.30000000000007,1,3,1.0
1035,67,2189.05,989.01,78.89999999999964,187.80999999999995,1,7,1.0
1035,2,1080.25,942.39,111.27999999999997,103.41999999999996,1,3,1.0
1036,16,1242.51,966.16,33.50999999999999,33.33000000000004,1,3,1.0
1036,65,1404.47,983.3,391.1299999999999,238.6500000000001,1,3,1.0
1036,66,1188.75,961.67,39.38000000000011,38.31000000000006,1,3,1.0
1036,67,2216.74,989.98,78.90000000000009,194.18000000000006,1,7,1.0
1036,2,1079.82,942.34,112.18000000000006,104.19999999999993,1,3,1.0
1037,16,1242.68,966.04,33.460000000000036,33.25,1,3,1.0
1037,65,1402.55,983.2,391.25,237.0999999999999,1,3,1.0
1037,66,1188.96,961.55,39.38999999999987,38.31000000000006,1,3,1.0
1037,67,2255.59,989.36,78.89999999999964,200.56000000000006,1,7,1.0
1037,2,1079.39,942.29,113.07999999999993,104.97000000000003,1,3,1.0
1038,16,1242.85,965.93,33.42000000000007,33.15000000000009,1,3,1.0
1038,65,1400.62,983.1,391.3800000000001,235.55000000000007,1,3,1.0
1038,66,1189.17,961.44,39.38999999999987,38.309999999999945,1,3,1.0
1038,67,2294.44,988.74,78.90000000000009,206.93000000000006,1,7,1.0
1038,2,1078.96,942.24,113.98000000000002,105.75,1,3,1.0
1039,16,1243.02,965.81,33.37000000000012,33.06000000000006,1,3,1.0
1039,65,1398.7,983.0,391.5,234.0,1,3,1.0
1039,66,1189.38,961.32,39.38999999999987,38.309999999999945,1,3,1.0
1039,67,2335.55,988.39,78.89999999999964,213.29000000000008,1,7,1.0
1039,2,1078.53,942.19,114.88000000000011,106.52999999999997,1,3,1.0
1040,16,1243.19,965.69,33.32999999999993,32.969999999999914,1,3,1.0
1040,65,1396.77,982.9,391.6300000000001,232.44999999999993,1,3,1.0
1040,66,1189.59,961.2,39.3900000000001,38.309999999999945,1,3,1.0
1040,67,2376.66,988.03,78.90000000000009,219.67000000000007,1,7,1.0
1040,2,1078.1,942.14,115.7800000000002,107.31000000000006,1,3,1.0
1041,16,1243.36,965.57,33.2800000000002,32.889999999999986,1,3,1.0
1041,65,1394.85,982.8,391.75,230.9000000000001,1,3,1.0
1041,66,1189.8,961.09,39.3900000000001,38.309999999999945,1,3,1.0
1041,67,2422.38,990.69,78.90000000000009,219.66999999999985,1,7,1.0
1041,2,1077.67,942.09,116.67999999999984,108.08000000000004,1,3,1.0
1042,16,1243.53,965.45,33.24000000000001,32.799999999999955,1,3,1.0
1042,65,1395.17,982.47,389.52,230.1099999999999,1,3,1.0
1042,66,1190.02,960.97,39.38000000000011,38.309999999999945,1,3,1.0
1042,67,2473.4,1000.8,87.42000000000007,223.3800000000001,1,7,1.0
1042,2,1077.25,942.03,116.13000000000011,107.37000000000012,1,3,1.0
1043,16,1243.7,965.34,33.190000000000055,32.69999999999993,1,3,1.0
1043,65,1395.5,982.15,387.28999999999996,229.31000000000006,1,3,1.0
1043,66,1190.23,960.86,39.38999999999987,38.309999999999945,1,3,1.0
1043,67,2514.86,1002.93,47.13999999999987,223.38,1,7,1.0
1043,2,1076.83,941.98,115.57000000000016,106.63999999999987,1,3,1.0
1044,16,1243.87,965.22,33.15000000000009,32.620000000000005,1,3,1.0
1044,65,1395.83,981.82,385.0500000000002,228.51999999999987,1,3,1.0
1044,66,1190.44,960.74,39.38999999999987,38.309999999999945,1,3,1.0
1044,2,1076.41,941.93,115.01999999999998,105.90999999999997,1,3,1.0
1045,16,1244.04,965.1,33.100000000000136,32.52999999999997,1,3,1.0
1045,65,1396.16,981.49,382.80999999999995,227.74,1,3,1.0
1045,66,1190.65,960.62,39.38999999999987,38.309999999999945,1,3,1.0
1045,2,1075.99,941.88,114.47000000000003,105.18999999999994,1,3,1.0
1046,16,1244.21,964.98,33.059999999999945,32.43999999999994,1,3,1.0
1046,65,1396.48,981.16,380.5799999999999,226.94999999999993,1,3,1.0
1046,66,1190.86,960.51,39.3900000000001,38.31000000000006,1,3,1.0
1046,2,1075.56,941.82,113.93000000000006,104.46999999999991,1,3,1.0
1047,16,1244.38,964.86,33.00999999999999,32.35000000000002,1,3,1.0
1047,65,1396.81,980.84,378.35000000000014,226.14999999999998,1,3,1.0
1047,66,1191.07,960.39,39.3900000000001,38.31000000000006,1,3,1.0
1047,2,1075.14,941.77,113.37999999999988,103.74000000000001,1,3,1.0
1048,16,1244.55,964.75,32.97000000000003,32.25999999999999,1,3,1.0
1048,65,1397.14,980.51,376.1099999999999,225.3599999999999,1,3,1.0
1048,66,1191.29,960.28,39.38000000000011,38.31000000000006,1,3,1.0
1048,2,1074.72,941.72,112.81999999999994,103.01999999999998,1,3,1.0
1049,16,1244.72,964.63,32.92000000000007,32.16999999999996,1,3,1.0
1049,65,1397.47,980.18,373.8699999999999,224.57000000000005,1,3,1.0
1049,66,1191.5,960.16,39.3900000000001,38.31000000000006,1,3,1.0
1049,2,1074.3,941.66,112.26999999999998,102.30000000000007,1,3,1.0
1050,16,1244.89,964.51,32.87999999999988,32.08000000000004,1,3,1.0
1050,65,1397.79,979.86,371.6400000000001,223.7700000000001,1,3,1.0
1050,66,1191.71,960.04,39.38999999999987,38.31000000000006,1,3,1.0
1050,2,1073.88,941.61,111.7199999999998,101.57000000000005,1,3,1.0
1051,16,1245.06,964.39,32.830000000000155,32.0,1,3,1.0
1051,65,1398.12,979.53,369.4100000000001,222.98000000000002,1,3,1.0
1051,66,1191.92,959.93,39.38999999999987,38.31000000000006,1,3,1.0
1051,2,1073.46,941.56,111.17000000000007,100.84000000000015,1,3,1.0
1052,16,1245.23,964.27,32.789999999999964,31.909999999999968,1,3,1.0
1052,65,1398.45,979.2,367.16999999999985,222.20000000000005,1,3,1.0
1052,66,1192.13,959.81,39.38999999999987,38.31000000000006,1,3,1.0
1052,2,1073.04,941.51,110.61000000000013,100.12000000000012,1,3,1.0
1053,16,1245.4,964.16,32.74000000000001,31.81000000000006,1,3,1.0
1053,65,1398.77,978.87,364.94000000000005,221.40999999999997,1,3,1.0
1053,66,1192.34,959.7,39.3900000000001,38.309999999999945,1,3,1.0
1053,2,1072.62,941.45,110.06000000000017,99.39999999999986,1,3,1.0
1054,16,1245.57,964.04,32.700000000000045,31.720000000000027,1,3,1.0
1054,65,1399.1,978.55,362.70000000000005,220.61000000000013,1,3,1.0
1054,66,1192.56,959.58,39.38000000000011,38.309999999999945,1,3,1.0
1054,2,1072.2,941.4,109.50999999999999,98.66999999999996,1,3,1.0
1055,16,1245.74,963.92,32.65000000000009,31.639999999999986,1,3,1.0
1055,65,1399.43,978.22,360.47,219.81999999999994,1,3,1.0
1055,66,1192.77,959.46,39.3900000000001,38.309999999999945,1,3,1.0
1055,2,1071.77,941.35,108.97000000000003,97.94999999999993,1,3,1.0
1056,16,1245.91,963.8,32.6099999999999,31.550000000000068,1,3,1.0
1056,65,1399.76,977.89,358.23,219.0300000000001,1,3,1.0
1056,66,1192.98,959.35,39.38999999999987,38.309999999999945,1,3,1.0
1056,2,1071.35,941.3,108.42000000000007,97.22000000000003,1,3,1.0
1057,16,1246.08,963.69,32.56000000000017,31.449999999999932,1,3,1.0
1057,65,1400.08,977.56,356.0,218.24,1,3,1.0
1057,66,1193.19,959.23,39.38999999999987,38.309999999999945,1,3,1.0
1057,2,1070.93,941.24,107.8599999999999,96.5,1,3,1.0
1058,16,1246.25,963.57,32.51999999999998,31.3599999999999,1,3,1.0
1058,65,1400.41,977.24,353.76,217.45000000000005,1,3,1.0
1058,66,1193.4,959.12,39.38999999999987,38.309999999999945,1,3,1.0
1058,2,1070.51,941.19,107.30999999999995,95.77999999999997,1,3,1.0
1059,16,1246.42,963.45,32.47000000000003,31.279999999999973,1,3,1.0
1059,65,1400.74,976.91,351.53,216.65999999999997,1,3,1.0
1059,66,1193.61,959.0,39.3900000000001,38.309999999999945,1,3,1.0
1059,2,1070.09,941.14,106.75999999999999,95.05000000000007,1,3,1.0
1060,16,1246.59,963.33,32.430000000000064,31.18999999999994,1,3,1.0
1060,65,1401.07,976.58,349.28999999999996,215.87,1,3,1.0
1060,66,1193.83,958.88,39.38000000000011,38.31000000000006,1,3,1.0
1060,2,1069.67,941.09,106.21000000000004,94.32000000000005,1,3,1.0
1061,16,1246.76,963.21,32.38000000000011,31.09999999999991,1,3,1.0
1061,65,1401.39,976.26,347.05999999999995,215.06999999999994,1,3,1.0
1061,66,1194.04,958.77,39.3900000000001,38.31000000000006,1,3,1.0
1061,2,1069.25,941.03,105.66000000000008,93.61000000000013,1,3,1.0
1062,16,1246.93,963.1,32.33999999999992,31.00999999999999,1,3,1.0
1062,65,1401.72,975.93,344.81999999999994,214.2800000000001,1,3,1.0
1062,66,1194.25,958.65,39.3900000000001,38.31000000000006,1,3,1.0
1062,2,1068.83,940.98,105.10000000000014,92.87999999999988,1,3,1.0
1063,16,1247.1,962.98,32.29000000000019,30.91999999999996,1,3,1.0
1063,65,1402.05,975.6,342.59000000000015,213.4899999999999,1,3,1.0
1063,66,1194.46,958.54,39.38999999999987,38.31000000000006,1,3,1.0
1063,2,1068.41,940.93,104.54999999999995,92.14999999999998,1,3,1.0
1064,16,1247.27,962.86,32.25,30.83000000000004,1,3,1.0
1064,65,1402.37,975.27,340.3600000000001,212.70000000000005,1,3,1.0
1064,66,1194.67,958.42,39.38999999999987,38.31000000000006,1,3,1.0
1064,68,1651.88,965.61,215.7299999999998,160.50999999999988,1,3,1.0
1064,2,1067.99,940.87,104.0,91.43999999999994,1,3,1.0
1065,16,1247.44,962.74,32.200000000000045,30.74000000000001,1,3,1.0
1065,65,1402.7,974.95,338.1199999999999,211.90999999999985,1,3,1.0
1065,66,1194.88,958.3,39.38999999999987,38.31000000000006,1,3,1.0
1065,68,1656.83,965.4,226.35000000000014,162.61,1,3,1.0
1065,2,1067.56,940.82,103.46000000000004,90.70999999999992,1,3,1.0
1066,16,1247.61,962.62,32.16000000000008,30.659999999999968,1,3,1.0
1066,65,1403.03,974.62,335.8800000000001,211.12,1,3,1.0
1066,66,1195.1,958.19,39.38000000000011,38.309999999999945,1,3,1.0
1066,68,1661.77,965.18,236.97000000000003,164.72000000000014,1,3,1.0
1066,2,1067.14,940.77,102.89999999999986,89.98000000000002,1,3,1.0
1067,16,1247.78,962.51,32.11000000000013,30.56000000000006,1,3,1.0
1067,65,1403.36,974.29,333.6500000000001,210.32999999999993,1,3,1.0
1067,66,1195.31,958.07,39.3900000000001,38.309999999999945,1,3,1.0
1067,68,1666.72,964.96,247.58999999999992,166.83999999999992,1,3,1.0
1067,2,1066.72,940.72,102.34999999999991,89.25999999999999,1,3,1.0
1068,16,1247.95,962.39,32.069999999999936,30.470000000000027,1,3,1.0
1068,65,1403.68,973.96,331.41999999999985,209.53999999999996,1,3,1.0
1068,66,1195.52,957.96,39.3900000000001,38.299999999999955,1,3,1.0
1068,68,1671.66,964.75,258.22,168.94000000000005,1,3,1.0
1068,2,1066.3,940.66,101.79999999999995,88.54000000000008,1,3,1.0
1069,16,1247.62,962.22,32.15000000000009,30.49000000000001,1,3,1.0
1069,65,1402.5,973.82,331.4100000000001,209.53999999999985,1,3,1.0
1069,66,1195.2,957.85,39.58999999999992,38.35000000000002,1,3,1.0
1069,68,1676.61,964.53,268.83000000000015,171.04999999999995,1,3,1.0
1069,2,1065.83,940.58,101.80000000000018,88.53999999999985,1,3,1.0
1070,16,1247.29,962.05,32.23000000000002,30.50999999999999,1,3,1.0
1070,65,1401.31,973.68,331.4200000000001,209.5300000000001,1,3,1.0
1070,66,1194.88,957.75,39.799999999999955,38.379999999999995,1,3,1.0
1070,68,1681.55,964.32,279.46000000000004,173.15999999999997,1,3,1.0
1070,2,1065.36,940.5,101.80000000000018,88.53999999999996,1,3,1.0
1071,16,1246.96,961.87,32.299999999999955,30.539999999999964,1,3,1.0
1071,65,1400.12,973.54,331.4200000000001,209.52999999999997,1,3,1.0
1071,66,1194.56,957.65,40.00999999999999,38.40999999999997,1,3,1.0
1071,68,1686.5,964.1,290.0799999999999,175.26999999999987,1,3,1.0
1071,2,1064.89,940.42,101.79999999999995,88.54000000000008,1,3,1.0
1072,16,1246.62,961.7,32.3900000000001,30.559999999999945,1,3,1.0
1072,65,1398.93,973.39,331.41999999999985,209.54000000000008,1,3,1.0
1072,66,1194.24,957.54,40.22000000000003,38.450000000000045,1,3,1.0
1072,68,1695.18,963.36,302.15999999999985,182.4899999999999,1,3,1.0
1072,2,1064.42,940.34,101.79999999999995,88.54000000000008,1,3,1.0
1073,16,1246.29,961.53,32.47000000000003,30.58000000000004,1,3,1.0
1073,65,1397.75,973.25,331.4100000000001,209.53999999999996,1,3,1.0
1073,66,1193.92,957.44,40.419999999999845,38.479999999999905,1,3,1.0
1073,68,1703.86,962.62,314.24,189.70999999999992,1,3,1.0
1073,2,1063.95,940.26,101.79999999999995,88.53999999999996,1,3,1.0
1074,16,1245.96,961.36,32.549999999999955,30.600000000000023,1,3,1.0
1074,65,1396.56,973.11,331.4200000000001,209.5300000000001,1,3,1.0
1074,66,1193.6,957.34,40.63000000000011,38.50999999999999,1,3,1.0
1074,68,1712.54,961.88,326.31999999999994,196.92999999999995,1,3,1.0
1074,2,1063.48,940.18,101.79999999999995,88.54000000000008,1,3,1.0
1075,16,1245.63,961.19,32.61999999999989,30.61999999999989,1,3,1.0
1075,65,1395.37,972.97,331.4200000000001,209.52999999999997,1,3,1.0
1075,66,1193.27,957.23,40.84999999999991,38.549999999999955,1,3,1.0
1075,68,1721.22,961.14,338.4100000000001,204.14999999999998,1,3,1.0
1075,2,1063.01,940.1,101.79999999999995,88.54000000000008,1,3,1.0
1076,16,1245.3,961.01,32.700000000000045,30.649999999999977,1,3,1.0
1076,65,1394.18,972.82,331.41999999999985,209.53999999999985,1,3,1.0
1076,66,1192.95,957.13,41.049999999999955,38.58000000000004,1,3,1.0
1076,68,1729.9,960.4,350.4899999999998,211.36,1,3,1.0
1076,2,1062.54,940.02,101.79999999999995,88.53999999999996,1,3,1.0
1077,16,1244.96,960.84,32.789999999999964,30.66999999999996,1,3,1.0
1077,65,1393.0,972.68,331.4100000000001,209.54000000000008,1,3,1.0
1077,66,1192.63,957.03,41.25999999999999,38.610000000000014,1,3,1.0
1077,68,1729.9,960.4,381.0,211.37,1,3,1.0
1077,2,1062.07,939.94,101.79999999999995,88.53999999999996,1,3,1.0
1078,16,1244.63,960.67,32.86999999999989,30.690000000000055,1,3,1.0
1078,65,1391.81,972.54,331.4200000000001,209.52999999999997,1,3,1.0
1078,66,1192.31,956.92,41.47000000000003,38.65000000000009,1,3,1.0
1078,68,1746.64,961.32,404.6099999999999,223.95999999999992,1,3,1.0
1078,2,1061.61,939.86,101.79000000000019,88.54000000000008,1,3,1.0
1079,16,1244.3,960.5,32.950000000000045,30.710000000000036,1,3,1.0
1079,65,1390.62,972.4,331.4200000000001,209.5300000000001,1,3,1.0
1079,66,1191.99,956.82,41.67000000000007,38.67999999999995,1,3,1.0
1079,68,1763.39,962.24,428.2099999999998,236.55999999999995,1,3,1.0
1079,2,1061.14,939.78,101.78999999999996,88.53999999999996,1,3,1.0
1080,16,1243.97,960.33,33.01999999999998,30.729999999999905,1,3,1.0
1080,65,1389.43,972.25,331.41999999999985,209.53999999999996,1,3,1.0
1080,66,1191.67,956.72,41.87999999999988,38.70999999999992,1,3,1.0
1080,68,1780.13,963.16,451.8199999999997,249.15999999999997,1,3,1.0
1080,2,1060.67,939.7,101.79999999999995,88.53999999999996,1,3,1.0
1081,16,1243.64,960.16,33.09999999999991,30.75,1,3,1.0
1081,65,1388.25,972.11,331.4100000000001,209.54000000000008,1,3,1.0
1081,66,1191.35,956.61,42.090000000000146,38.75,1,3,1.0
1081,68,1796.88,964.07,475.4200000000001,261.76999999999987,1,3,1.0
1081,2,1060.2,939.62,101.79999999999995,88.54000000000008,1,3,1.0
1082,16,1243.3,959.98,33.190000000000055,30.779999999999973,1,3,1.0
1082,65,1387.06,971.97,331.4200000000001,209.52999999999997,1,3,1.0
1082,66,1191.03,956.51,42.289999999999964,38.77999999999997,1,3,1.0
1082,68,1813.62,964.99,499.0300000000002,274.3699999999999,1,3,1.0
1082,2,1059.73,939.54,101.79999999999995,88.53999999999996,1,3,1.0
1083,16,1242.97,959.81,33.26999999999998,30.800000000000068,1,3,1.0
1083,65,1385.87,971.83,331.4200000000001,209.52999999999986,1,3,1.0
1083,66,1190.71,956.41,42.5,38.81000000000006,1,3,1.0
1083,68,1830.37,965.91,522.6300000000001,286.9599999999999,1,3,1.0
1083,2,1059.26,939.46,101.79999999999995,88.53999999999996,1,3,1.0
1084,16,1242.64,959.64,33.33999999999992,30.82000000000005,1,3,1.0
1084,65,1384.68,971.68,331.41999999999985,209.54000000000008,1,3,1.0
1084,66,1190.39,956.3,42.70999999999981,38.85000000000002,1,3,1.0
1084,68,1847.11,966.83,546.24,299.56000000000006,1,3,1.0
1084,2,1058.79,939.38,101.79999999999995,88.54000000000008,1,3,1.0
1085,16,1242.31,959.47,33.42000000000007,30.839999999999918,1,3,1.0
1085,65,1383.5,971.54,331.4100000000001,209.53999999999996,1,3,1.0
1085,66,1190.07,956.2,42.91000000000008,38.879999999999995,1,3,1.0
1085,68,1863.86,967.75,569.8399999999999,312.1600000000001,1,3,1.0
1085,2,1058.32,939.3,101.79999999999995,88.53999999999996,1,3,1.0
1086,16,1241.97,959.3,33.50999999999999,30.860000000000014,1,3,1.0
1086,65,1382.31,971.4,331.4200000000001,209.5300000000001,1,3,1.0
1086,66,1189.75,956.1,43.11999999999989,38.90999999999997,1,3,1.0
1086,68,1880.6,968.67,593.4500000000003,324.7600000000001,1,3,1.0
1086,2,1057.85,939.22,101.80000000000018,88.53999999999996,1,3,1.0
1087,16,1241.64,959.12,33.58999999999992,30.889999999999986,1,3,1.0
1087,65,1381.12,971.26,331.4200000000001,209.52999999999997,1,3,1.0
1087,66,1189.43,956.0,43.32999999999993,38.940000000000055,1,3,1.0
1087,68,1897.35,969.59,617.0500000000002,337.36,1,3,1.0
1087,2,1057.38,939.14,101.79999999999995,88.54000000000008,1,3,1.0
1088,16,1241.31,958.95,33.66000000000008,30.899999999999977,1,3,1.0
1088,65,1379.93,971.11,331.41999999999985,209.54000000000008,1,3,1.0
1088,66,1189.11,955.89,43.5300000000002,38.98000000000002,1,3,1.0
1088,68,1938.27,975.34,623.73,349.9599999999999,1,3,1.0
1088,2,1056.91,939.06,101.79999999999995,88.53999999999996,1,3,1.0
1089,16,1240.98,958.78,33.74000000000001,30.920000000000073,1,3,1.0
1089,65,1378.75,970.97,331.4100000000001,209.53999999999996,1,3,1.0
1089,66,1188.79,955.79,43.74000000000001,39.00999999999999,1,3,1.0
1089,68,1957.22,976.7,604.78,371.8699999999999,1,3,1.0
1089,2,1056.44,938.98,101.79999999999995,88.53999999999996,1,3,1.0
1090,16,1240.65,958.61,33.819999999999936,30.93999999999994,1,3,1.0
1090,65,1377.56,970.83,331.4200000000001,209.52999999999986,1,3,1.0
1090,66,1188.46,955.69,43.960000000000036,39.039999999999964,1,3,1.0
1090,68,1976.16,978.06,585.8399999999999,393.77,1,3,1.0
1090,2,1055.97,938.9,101.79999999999995,88.54000000000008,1,3,1.0
1091,16,1240.31,958.44,33.91000000000008,30.959999999999923,1,3,1.0
1091,65,1376.37,970.69,331.4200000000001,209.52999999999997,1,3,1.0
1091,66,1188.14,955.58,44.169999999999845,39.07999999999993,1,3,1.0
1091,68,1995.1,979.41,566.9000000000001,415.68999999999994,1,3,1.0
1091,2,1055.5,938.82,101.79999999999995,88.53999999999985,1,3,1.0
1092,16,1239.98,958.27,33.99000000000001,30.980000000000018,1,3,1.0
1092,65,1375.18,970.54,331.41999999999985,209.53999999999996,1,3,1.0
1092,66,1187.82,955.48,44.37000000000012,39.110000000000014,1,3,1.0
1092,68,2030.06,981.71,531.94,407.65999999999985,1,3,1.0
1092,2,1055.03,938.74,101.79999999999995,88.53999999999996,1,3,1.0
1093,16,1239.65,958.09,34.059999999999945,31.00999999999999,1,3,1.0
1093,65,1374.0,970.4,331.4100000000001,209.54000000000008,1,3,1.0
1093,66,1187.5,955.38,44.57999999999993,39.139999999999986,1,3,1.0
1093,68,2065.02,984.01,496.98,399.6300000000001,1,3,1.0
1093,2,1054.56,938.66,101.79999999999995,88.53000000000009,1,3,1.0
1094,16,1239.32,957.92,34.1400000000001,31.030000000000086,1,3,1.0
1094,65,1372.81,970.26,331.4200000000001,209.52999999999997,1,3,1.0
1094,66,1187.18,955.27,44.789999999999964,39.180000000000064,1,3,1.0
1094,68,2099.98,986.31,462.02,391.60000000000014,1,3,1.0
1094,2,1054.09,938.58,101.80000000000018,88.52999999999986,1,3,1.0
1095,16,1238.98,957.75,34.23000000000002,31.049999999999955,1,3,1.0
1095,65,1371.62,970.12,331.4200000000001,209.5300000000001,1,3,1.0
1095,66,1186.86,955.17,44.99000000000001,39.210000000000036,1,3,1.0
1095,68,2134.94,988.61,427.05999999999995,383.58000000000004,1,3,1.0
1095,2,1053.62,938.5,101.80000000000018,88.52999999999997,1,3,1.0
1096,16,1238.65,957.58,34.309999999999945,31.069999999999936,1,3,1.0
1096,65,1370.43,969.97,331.41999999999985,209.53999999999996,1,3,1.0
1096,66,1186.54,955.07,45.200000000000045,39.239999999999895,1,3,1.0
1096,68,2169.9,990.92,392.0999999999999,375.5400000000001,1,3,1.0
1096,2,1053.15,938.42,101.79999999999995,88.53000000000009,1,3,1.0
1097,16,1238.32,957.41,34.38000000000011,31.090000000000032,1,3,1.0
1097,65,1369.25,969.83,331.4100000000001,209.53999999999985,1,3,1.0
1097,66,1186.22,954.96,45.41000000000008,39.27999999999997,1,3,1.0
1097,68,2204.86,993.22,357.1399999999999,367.51,1,3,1.0
1097,2,1052.68,938.34,101.79999999999995,88.52999999999986,1,3,1.0
1098,16,1237.99,957.23,34.460000000000036,31.120000000000005,1,3,1.0
1098,65,1368.06,969.69,331.4200000000001,209.52999999999997,1,3,1.0
1098,66,1185.9,954.86,45.6099999999999,39.309999999999945,1,3,1.0
1098,68,2239.82,995.52,322.17999999999984,359.48,1,3,1.0
1098,2,1052.21,938.26,101.79999999999995,88.52999999999997,1,3,1.0
1099,16,1237.66,957.06,34.539999999999964,31.1400000000001,1,3,1.0
1099,65,1366.87,969.55,331.4200000000001,209.52999999999997,1,3,1.0
1099,66,1185.58,954.76,45.820000000000164,39.34000000000003,1,3,1.0
1099,2,1051.74,938.18,101.79999999999995,88.53000000000009,1,3,1.0
1100,16,1238.25,957.06,34.539999999999964,31.1400000000001,1,3,1.0
1100,65,1370.7,969.55,279.20000000000005,199.35000000000014,1,3,1.0
1100,66,1184.39,954.76,45.82999999999993,39.34000000000003,1,3,1.0
1100,2,1050.86,938.47,95.85000000000014,87.92000000000007,1,3,1.0
